name;slug;description;parent_id;active;sort_order;is_visible
Automotive Performance Turbocharger Hoses & Hose Clamps;automotive-automotive-performance-parts-accessories-automotive-performance-engines-engine-parts-automotive-performance-engine-parts-automotive-performance-turbocharger-supercharger-parts-Automotive Performance Turbocharger Intercooler Parts-Automotive Performance Turbocharger Hoses & Hose Clamps;;0;True;0;True
Automotive Performance Turbocharger Piping & Piping Kits;automotive-automotive-performance-parts-accessories-automotive-performance-engines-engine-parts-automotive-performance-engine-parts-automotive-performance-turbocharger-supercharger-parts-Automotive Performance Turbocharger Intercooler Parts-Automotive Performance Turbocharger Piping & Piping Kits;;0;True;0;True
Automobile Armrest Covers;automotive-automotive-replacement-parts-automotive-body-parts-trim-automotive-trim-automotive-?nterior-trim-products-Automotive Armrests & Accessories-Automobile Armrest Covers;;0;True;0;True
Automobile Armrest Lids;automotive-automotive-replacement-parts-automotive-body-parts-trim-automotive-trim-automotive-?nterior-trim-products-Automotive Armrests & Accessories-Automobile Armrest Lids;;0;True;0;True
Automotive Cruise Control Switches;automotive-automotive-replacement-parts-automotive-body-parts-trim-automotive-trim-automotive-?nterior-trim-products-Automotive Interior Switches-Automotive Cruise Control Switches;;0;True;0;True
Automotive Dimmer Switches;automotive-automotive-replacement-parts-automotive-body-parts-trim-automotive-trim-automotive-?nterior-trim-products-Automotive Interior Switches-Automotive Dimmer Switches;;0;True;0;True
Automotive Door Lock Switches;automotive-automotive-replacement-parts-automotive-body-parts-trim-automotive-trim-automotive-?nterior-trim-products-Automotive Interior Switches-Automotive Door Lock Switches;;0;True;0;True
Automotive Fog Lamp Switches;automotive-automotive-replacement-parts-automotive-body-parts-trim-automotive-trim-automotive-?nterior-trim-products-Automotive Interior Switches-Automotive Fog Lamp Switches;;0;True;0;True
Automotive Hazard Warning Switches;automotive-automotive-replacement-parts-automotive-body-parts-trim-automotive-trim-automotive-?nterior-trim-products-Automotive Interior Switches-Automotive Hazard Warning Switches;;0;True;0;True
Automotive Headlight Switches;automotive-automotive-replacement-parts-automotive-body-parts-trim-automotive-trim-automotive-?nterior-trim-products-Automotive Interior Switches-Automotive Headlight Switches;;0;True;0;True
Automotive Mirror Switches;automotive-automotive-replacement-parts-automotive-body-parts-trim-automotive-trim-automotive-?nterior-trim-products-Automotive Interior Switches-Automotive Mirror Switches;;0;True;0;True
Automotive Multifunction Switches;automotive-automotive-replacement-parts-automotive-body-parts-trim-automotive-trim-automotive-?nterior-trim-products-Automotive Interior Switches-Automotive Multifunction Switches;;0;True;0;True
Automotive Power Window Switches;automotive-automotive-replacement-parts-automotive-body-parts-trim-automotive-trim-automotive-?nterior-trim-products-Automotive Interior Switches-Automotive Power Window Switches;;0;True;0;True
Automotive Rear Window Defogger Switches;automotive-automotive-replacement-parts-automotive-body-parts-trim-automotive-trim-automotive-?nterior-trim-products-Automotive Interior Switches-Automotive Rear Window Defogger Switches;;0;True;0;True
Automotive Turn Signal Switches;automotive-automotive-replacement-parts-automotive-body-parts-trim-automotive-trim-automotive-?nterior-trim-products-Automotive Interior Switches-Automotive Turn Signal Switches;;0;True;0;True
Automotive Wiper Switches;automotive-automotive-replacement-parts-automotive-body-parts-trim-automotive-trim-automotive-?nterior-trim-products-Automotive Interior Switches-Automotive Wiper Switches;;0;True;0;True
Automotive Replacement Cast Engine Pistons;automotive-automotive-replacement-parts-automotive-replacement-engines-engine-parts-automotive-replacement-engine-parts-automotive-replacement-engine-pistons-parts-Automotive Replacement Engine Pistons-Automotive Replacement Cast Engine Pistons;;0;True;0;True
Automotive Replacement Engine Turbocharger Block Off Plates;automotive-automotive-replacement-parts-automotive-replacement-engines-engine-parts-automotive-replacement-engine-parts-automotive-replacement-engine-turbocharger-supercharger-parts-Automotive Replacement Engine Turbocharger Intercooler Parts-Automotive Replacement Engine Turbocharger Block Off Plates;;0;True;0;True
Automotive Replacement Engine Turbocharger Covers;automotive-automotive-replacement-parts-automotive-replacement-engines-engine-parts-automotive-replacement-engine-parts-automotive-replacement-engine-turbocharger-supercharger-parts-Automotive Replacement Engine Turbocharger Intercooler Parts-Automotive Replacement Engine Turbocharger Covers;;0;True;0;True
Automotive Replacement Engine Turbocharger Hoses & Hose Clamps;automotive-automotive-replacement-parts-automotive-replacement-engines-engine-parts-automotive-replacement-engine-parts-automotive-replacement-engine-turbocharger-supercharger-parts-Automotive Replacement Engine Turbocharger Intercooler Parts-Automotive Replacement Engine Turbocharger Hoses & Hose Clamps;;0;True;0;True
Automotive Replacement Engine Turbocharger Piping & Piping Kits;automotive-automotive-replacement-parts-automotive-replacement-engines-engine-parts-automotive-replacement-engine-parts-automotive-replacement-engine-turbocharger-supercharger-parts-Automotive Replacement Engine Turbocharger Intercooler Parts-Automotive Replacement Engine Turbocharger Piping & Piping Kits;;0;True;0;True
Automotive Replacement Engine Turbocharger Wastegates;automotive-automotive-replacement-parts-automotive-replacement-engines-engine-parts-automotive-replacement-engine-parts-automotive-replacement-engine-turbocharger-supercharger-parts-Automotive Replacement Engine Turbocharger Intercooler Parts-Automotive Replacement Engine Turbocharger Wastegates;;0;True;0;True
Automotive Replacement Engine Exhaust Valves;automotive-automotive-replacement-parts-automotive-replacement-engines-engine-parts-automotive-replacement-engine-parts-automotive-replacement-engine-valves-parts-Automotive Replacement Engine Valves-Automotive Replacement Engine Exhaust Valves;;0;True;0;True
Automotive Replacement Engine Intake Valves;automotive-automotive-replacement-parts-automotive-replacement-engines-engine-parts-automotive-replacement-engine-parts-automotive-replacement-engine-valves-parts-Automotive Replacement Engine Valves-Automotive Replacement Engine Intake Valves;;0;True;0;True
Powersports Bumpers;automotive-motorcycle-powersports-powersports-parts-powersports-body-parts-powersports-plastics-Powersports Bumpers & Fenders-Powersports Bumpers;;0;True;0;True
Powersports Fender Eliminators;automotive-motorcycle-powersports-powersports-parts-powersports-body-parts-powersports-plastics-Powersports Bumpers & Fenders-Powersports Fender Eliminators;;0;True;0;True
Powersports Fender Guards;automotive-motorcycle-powersports-powersports-parts-powersports-body-parts-powersports-plastics-Powersports Bumpers & Fenders-Powersports Fender Guards;;0;True;0;True
Powersports Fenders;automotive-motorcycle-powersports-powersports-parts-powersports-body-parts-powersports-plastics-Powersports Bumpers & Fenders-Powersports Fenders;;0;True;0;True
Powersports Windshield Deflectors;automotive-motorcycle-powersports-powersports-parts-powersports-body-parts-powersports-windshields-accessories-Powersports Windshield Lowers & Deflectors-Powersports Windshield Deflectors;;0;True;0;True
ATV & UTV Tires;automotive-motorcycle-powersports-powersports-parts-powersports-wheels-tires-powersports-tires-accessories-Powersports Tires & Inner Tubes-ATV & UTV Tires;;0;True;0;True
ATV & UTV Tires;automotive-motorcycle-powersports-powersports-parts-powersports-wheels-tires-powersports-tires-accessories-Powersports Tires & Inner Tubes-ATV & UTV Tires;;0;True;0;True
ATV & UTV Tires;automotive-motorcycle-powersports-powersports-parts-powersports-wheels-tires-powersports-tires-accessories-Powersports Tires & Inner Tubes-ATV & UTV Tires;;0;True;0;True
ATV & UTV Tires;automotive-motorcycle-powersports-powersports-parts-powersports-wheels-tires-powersports-tires-accessories-Powersports Tires & Inner Tubes-ATV & UTV Tires;;0;True;0;True
ATV & UTV Tires;automotive-motorcycle-powersports-powersports-parts-powersports-wheels-tires-powersports-tires-accessories-Powersports Tires & Inner Tubes-ATV & UTV Tires;;0;True;0;True
Motorcycle & Scooter Tires;automotive-motorcycle-powersports-powersports-parts-powersports-wheels-tires-powersports-tires-accessories-Powersports Tires & Inner Tubes-Motorcycle & Scooter Tires;;0;True;0;True
Motorcycle & Scooter Tires;automotive-motorcycle-powersports-powersports-parts-powersports-wheels-tires-powersports-tires-accessories-Powersports Tires & Inner Tubes-Motorcycle & Scooter Tires;;0;True;0;True
Motorcycle & Scooter Tires;automotive-motorcycle-powersports-powersports-parts-powersports-wheels-tires-powersports-tires-accessories-Powersports Tires & Inner Tubes-Motorcycle & Scooter Tires;;0;True;0;True
Motorcycle & Scooter Tires;automotive-motorcycle-powersports-powersports-parts-powersports-wheels-tires-powersports-tires-accessories-Powersports Tires & Inner Tubes-Motorcycle & Scooter Tires;;0;True;0;True
Motorcycle & Scooter Tires;automotive-motorcycle-powersports-powersports-parts-powersports-wheels-tires-powersports-tires-accessories-Powersports Tires & Inner Tubes-Motorcycle & Scooter Tires;;0;True;0;True
Motorcycle & Scooter Tires;automotive-motorcycle-powersports-powersports-parts-powersports-wheels-tires-powersports-tires-accessories-Powersports Tires & Inner Tubes-Motorcycle & Scooter Tires;;0;True;0;True
Motorcycle & Scooter Tires;automotive-motorcycle-powersports-powersports-parts-powersports-wheels-tires-powersports-tires-accessories-Powersports Tires & Inner Tubes-Motorcycle & Scooter Tires;;0;True;0;True
Motorcycle & Scooter Tires;automotive-motorcycle-powersports-powersports-parts-powersports-wheels-tires-powersports-tires-accessories-Powersports Tires & Inner Tubes-Motorcycle & Scooter Tires;;0;True;0;True
Motorcycle & Scooter Tires;automotive-motorcycle-powersports-powersports-parts-powersports-wheels-tires-powersports-tires-accessories-Powersports Tires & Inner Tubes-Motorcycle & Scooter Tires;;0;True;0;True
Motorcycle & Scooter Tires;automotive-motorcycle-powersports-powersports-parts-powersports-wheels-tires-powersports-tires-accessories-Powersports Tires & Inner Tubes-Motorcycle & Scooter Tires;;0;True;0;True
Motorcycle & Scooter Tires;automotive-motorcycle-powersports-powersports-parts-powersports-wheels-tires-powersports-tires-accessories-Powersports Tires & Inner Tubes-Motorcycle & Scooter Tires;;0;True;0;True
Off-Road Motorcycle Wheels;automotive-motorcycle-powersports-powersports-parts-powersports-wheels-tires-powersports-wheels-accessories-Powersports Wheels-Off-Road Motorcycle Wheels;;0;True;0;True
Street Motorcycle Wheels;automotive-motorcycle-powersports-powersports-parts-powersports-wheels-tires-powersports-wheels-accessories-Powersports Wheels-Street Motorcycle Wheels;;0;True;0;True
RV Refrigerator Parts;automotive-rv-parts-accessories-rv-interior-parts-accessories-rv-kitchen-furnishings-accessories-rv-kitchen-appliances-RV Refrigerators & Parts-RV Refrigerator Parts;;0;True;0;True
RV Refrigerators;automotive-rv-parts-accessories-rv-interior-parts-accessories-rv-kitchen-furnishings-accessories-rv-kitchen-appliances-RV Refrigerators & Parts-RV Refrigerators;;0;True;0;True
Baby & Toddler Bed Canopies;baby-products-nursery-furniture-bedding-decor-nursery-bedding-mattresses-nursery-bedding-baby-bedding-Baby Bedding Accessories-Baby & Toddler Bed Canopies;;0;True;0;True
Chorale Music;books-arts-photography-music-musical-genres-religious-sacred-music-Christian Music-Chorale Music;;0;True;0;True
Contemporary Christian Music;books-arts-photography-music-musical-genres-religious-sacred-music-Christian Music-Contemporary Christian Music;;0;True;0;True
Gospel Music;books-arts-photography-music-musical-genres-religious-sacred-music-Christian Music-Gospel Music;;0;True;0;True
Music Hymns;books-arts-photography-music-musical-genres-religious-sacred-music-Christian Music-Music Hymns;;0;True;0;True
Civil War Antietam History;books-history-american-history-united-states-history-u.s.-civil-war-history-Civil War Campaigns & Battlefields History-Civil War Antietam History;;0;True;0;True
Civil War Appomattox History;books-history-american-history-united-states-history-u.s.-civil-war-history-Civil War Campaigns & Battlefields History-Civil War Appomattox History;;0;True;0;True
Civil War Bull Run History;books-history-american-history-united-states-history-u.s.-civil-war-history-Civil War Campaigns & Battlefields History-Civil War Bull Run History;;0;True;0;True
Civil War Fredericksburg History;books-history-american-history-united-states-history-u.s.-civil-war-history-Civil War Campaigns & Battlefields History-Civil War Fredericksburg History;;0;True;0;True
Civil War Gettysburg History;books-history-american-history-united-states-history-u.s.-civil-war-history-Civil War Campaigns & Battlefields History-Civil War Gettysburg History;;0;True;0;True
AIDS & HIV;books-medical-books-medicine-?nternal-medicine-pathology-Medical Diseases-AIDS & HIV;;0;True;0;True
Brain Diseases;books-medical-books-medicine-?nternal-medicine-pathology-Medical Diseases-Brain Diseases;;0;True;0;True
Cardiovascular Diseases;books-medical-books-medicine-?nternal-medicine-pathology-Medical Diseases-Cardiovascular Diseases;;0;True;0;True
Digestive Organ Diseases;books-medical-books-medicine-?nternal-medicine-pathology-Medical Diseases-Digestive Organ Diseases;;0;True;0;True
Extremities Diseases;books-medical-books-medicine-?nternal-medicine-pathology-Medical Diseases-Extremities Diseases;;0;True;0;True
Psoriasis;books-medical-books-medicine-?nternal-medicine-pathology-Medical Diseases-Psoriasis;;0;True;0;True
Viral Diseases;books-medical-books-medicine-?nternal-medicine-pathology-Medical Diseases-Viral Diseases;;0;True;0;True
Afro Latino Studies;books-politics-social-sciences-social-sciences-specific-demographic-studies-ethnic-demographic-studies-Latin American Studies-Afro Latino Studies;;0;True;0;True
African & Middle Eastern Literature;books-specialty-boutique-textbooks-humanities-literature-World Literature-African & Middle Eastern Literature;;0;True;0;True
Asian Literature;books-specialty-boutique-textbooks-humanities-literature-World Literature-Asian Literature;;0;True;0;True
European Literature;books-specialty-boutique-textbooks-humanities-literature-World Literature-European Literature;;0;True;0;True
Latin American Literature;books-specialty-boutique-textbooks-humanities-literature-World Literature-Latin American Literature;;0;True;0;True
Anatomy;books-specialty-boutique-textbooks-medicine-health-sciences-medicine-Basic Sciences-Anatomy;;0;True;0;True
Biochemistry;books-specialty-boutique-textbooks-medicine-health-sciences-medicine-Basic Sciences-Biochemistry;;0;True;0;True
Embryology;books-specialty-boutique-textbooks-medicine-health-sciences-medicine-Basic Sciences-Embryology;;0;True;0;True
Genetics;books-specialty-boutique-textbooks-medicine-health-sciences-medicine-Basic Sciences-Genetics;;0;True;0;True
Histology;books-specialty-boutique-textbooks-medicine-health-sciences-medicine-Basic Sciences-Histology;;0;True;0;True
Immunology;books-specialty-boutique-textbooks-medicine-health-sciences-medicine-Basic Sciences-Immunology;;0;True;0;True
Microbiology;books-specialty-boutique-textbooks-medicine-health-sciences-medicine-Basic Sciences-Microbiology;;0;True;0;True
Neuroscience;books-specialty-boutique-textbooks-medicine-health-sciences-medicine-Basic Sciences-Neuroscience;;0;True;0;True
Parasitology;books-specialty-boutique-textbooks-medicine-health-sciences-medicine-Basic Sciences-Parasitology;;0;True;0;True
Pathology;books-specialty-boutique-textbooks-medicine-health-sciences-medicine-Basic Sciences-Pathology;;0;True;0;True
Pathophysiology;books-specialty-boutique-textbooks-medicine-health-sciences-medicine-Basic Sciences-Pathophysiology;;0;True;0;True
Pharmacology;books-specialty-boutique-textbooks-medicine-health-sciences-medicine-Basic Sciences-Pharmacology;;0;True;0;True
Physiology;books-specialty-boutique-textbooks-medicine-health-sciences-medicine-Basic Sciences-Physiology;;0;True;0;True
Toxicology;books-specialty-boutique-textbooks-medicine-health-sciences-medicine-Basic Sciences-Toxicology;;0;True;0;True
Anesthesiology;books-specialty-boutique-textbooks-medicine-health-sciences-medicine-Clinical Medicine-Anesthesiology;;0;True;0;True
Chemotherapy;books-specialty-boutique-textbooks-medicine-health-sciences-medicine-Clinical Medicine-Chemotherapy;;0;True;0;True
Critical Care Medicine;books-specialty-boutique-textbooks-medicine-health-sciences-medicine-Clinical Medicine-Critical Care Medicine;;0;True;0;True
Dermatology;books-specialty-boutique-textbooks-medicine-health-sciences-medicine-Clinical Medicine-Dermatology;;0;True;0;True
Emergency Medicine;books-specialty-boutique-textbooks-medicine-health-sciences-medicine-Clinical Medicine-Emergency Medicine;;0;True;0;True
Endocrinology;books-specialty-boutique-textbooks-medicine-health-sciences-medicine-Clinical Medicine-Endocrinology;;0;True;0;True
Family & General Practice;books-specialty-boutique-textbooks-medicine-health-sciences-medicine-Clinical Medicine-Family & General Practice;;0;True;0;True
Gastroenterology;books-specialty-boutique-textbooks-medicine-health-sciences-medicine-Clinical Medicine-Gastroenterology;;0;True;0;True
Geriatrics;books-specialty-boutique-textbooks-medicine-health-sciences-medicine-Clinical Medicine-Geriatrics;;0;True;0;True
Hematology;books-specialty-boutique-textbooks-medicine-health-sciences-medicine-Clinical Medicine-Hematology;;0;True;0;True
Hospice & Palliative Care;books-specialty-boutique-textbooks-medicine-health-sciences-medicine-Clinical Medicine-Hospice & Palliative Care;;0;True;0;True
Internal Medicine;books-specialty-boutique-textbooks-medicine-health-sciences-medicine-Clinical Medicine-Internal Medicine;;0;True;0;True
Medical Diagnosis;books-specialty-boutique-textbooks-medicine-health-sciences-medicine-Clinical Medicine-Medical Diagnosis;;0;True;0;True
Medical Home Care;books-specialty-boutique-textbooks-medicine-health-sciences-medicine-Clinical Medicine-Medical Home Care;;0;True;0;True
Mental Health;books-specialty-boutique-textbooks-medicine-health-sciences-medicine-Clinical Medicine-Mental Health;;0;True;0;True
Nephrology;books-specialty-boutique-textbooks-medicine-health-sciences-medicine-Clinical Medicine-Nephrology;;0;True;0;True
Neurology;books-specialty-boutique-textbooks-medicine-health-sciences-medicine-Clinical Medicine-Neurology;;0;True;0;True
Nursing Home Care;books-specialty-boutique-textbooks-medicine-health-sciences-medicine-Clinical Medicine-Nursing Home Care;;0;True;0;True
Nutrition;books-specialty-boutique-textbooks-medicine-health-sciences-medicine-Clinical Medicine-Nutrition;;0;True;0;True
Obstetrics & Gynecology;books-specialty-boutique-textbooks-medicine-health-sciences-medicine-Clinical Medicine-Obstetrics & Gynecology;;0;True;0;True
Occupational & Industrial Medicine;books-specialty-boutique-textbooks-medicine-health-sciences-medicine-Clinical Medicine-Occupational & Industrial Medicine;;0;True;0;True
Oncology;books-specialty-boutique-textbooks-medicine-health-sciences-medicine-Clinical Medicine-Oncology;;0;True;0;True
Ophthalmology;books-specialty-boutique-textbooks-medicine-health-sciences-medicine-Clinical Medicine-Ophthalmology;;0;True;0;True
Orthopedics;books-specialty-boutique-textbooks-medicine-health-sciences-medicine-Clinical Medicine-Orthopedics;;0;True;0;True
Otorhinolaryngology;books-specialty-boutique-textbooks-medicine-health-sciences-medicine-Clinical Medicine-Otorhinolaryngology;;0;True;0;True
Pain Medicine;books-specialty-boutique-textbooks-medicine-health-sciences-medicine-Clinical Medicine-Pain Medicine;;0;True;0;True
Pediatrics;books-specialty-boutique-textbooks-medicine-health-sciences-medicine-Clinical Medicine-Pediatrics;;0;True;0;True
Physical Medicine & Rehabilitation;books-specialty-boutique-textbooks-medicine-health-sciences-medicine-Clinical Medicine-Physical Medicine & Rehabilitation;;0;True;0;True
Physician & Patient Clinical Medicine;books-specialty-boutique-textbooks-medicine-health-sciences-medicine-Clinical Medicine-Physician & Patient Clinical Medicine;;0;True;0;True
Preventive Medicine;books-specialty-boutique-textbooks-medicine-health-sciences-medicine-Clinical Medicine-Preventive Medicine;;0;True;0;True
Psychiatry;books-specialty-boutique-textbooks-medicine-health-sciences-medicine-Clinical Medicine-Psychiatry;;0;True;0;True
Pulmonary & Thoracic Medicine;books-specialty-boutique-textbooks-medicine-health-sciences-medicine-Clinical Medicine-Pulmonary & Thoracic Medicine;;0;True;0;True
Radiology & Nuclear Medicine;books-specialty-boutique-textbooks-medicine-health-sciences-medicine-Clinical Medicine-Radiology & Nuclear Medicine;;0;True;0;True
Radiology & Nuclear Medicine;books-specialty-boutique-textbooks-medicine-health-sciences-medicine-Clinical Medicine-Radiology & Nuclear Medicine;;0;True;0;True
Radiology & Nuclear Medicine;books-specialty-boutique-textbooks-medicine-health-sciences-medicine-Clinical Medicine-Radiology & Nuclear Medicine;;0;True;0;True
Reproductive Medicine & Technology;books-specialty-boutique-textbooks-medicine-health-sciences-medicine-Clinical Medicine-Reproductive Medicine & Technology;;0;True;0;True
Rheumatology;books-specialty-boutique-textbooks-medicine-health-sciences-medicine-Clinical Medicine-Rheumatology;;0;True;0;True
Sports Medicine;books-specialty-boutique-textbooks-medicine-health-sciences-medicine-Clinical Medicine-Sports Medicine;;0;True;0;True
Surgery;books-specialty-boutique-textbooks-medicine-health-sciences-medicine-Clinical Medicine-Surgery;;0;True;0;True
Surgery;books-specialty-boutique-textbooks-medicine-health-sciences-medicine-Clinical Medicine-Surgery;;0;True;0;True
Surgery;books-specialty-boutique-textbooks-medicine-health-sciences-medicine-Clinical Medicine-Surgery;;0;True;0;True
Surgery;books-specialty-boutique-textbooks-medicine-health-sciences-medicine-Clinical Medicine-Surgery;;0;True;0;True
Surgery;books-specialty-boutique-textbooks-medicine-health-sciences-medicine-Clinical Medicine-Surgery;;0;True;0;True
Surgery;books-specialty-boutique-textbooks-medicine-health-sciences-medicine-Clinical Medicine-Surgery;;0;True;0;True
Surgery;books-specialty-boutique-textbooks-medicine-health-sciences-medicine-Clinical Medicine-Surgery;;0;True;0;True
Surgery;books-specialty-boutique-textbooks-medicine-health-sciences-medicine-Clinical Medicine-Surgery;;0;True;0;True
Surgery;books-specialty-boutique-textbooks-medicine-health-sciences-medicine-Clinical Medicine-Surgery;;0;True;0;True
History of Medicine;books-specialty-boutique-textbooks-medicine-health-sciences-medicine-Special Topics-History of Medicine;;0;True;0;True
Prosthesis;books-specialty-boutique-textbooks-medicine-health-sciences-medicine-Special Topics-Prosthesis;;0;True;0;True
Anesthesia;books-specialty-boutique-textbooks-medicine-health-sciences-nursing-Clinical Nursing-Anesthesia;;0;True;0;True
Critical & Intensive Care Nursing;books-specialty-boutique-textbooks-medicine-health-sciences-nursing-Clinical Nursing-Critical & Intensive Care Nursing;;0;True;0;True
Emergency Nursing;books-specialty-boutique-textbooks-medicine-health-sciences-nursing-Clinical Nursing-Emergency Nursing;;0;True;0;True
Gerontology;books-specialty-boutique-textbooks-medicine-health-sciences-nursing-Clinical Nursing-Gerontology;;0;True;0;True
Home & Community Nursing Care;books-specialty-boutique-textbooks-medicine-health-sciences-nursing-Clinical Nursing-Home & Community Nursing Care;;0;True;0;True
Medical & Surgical Nursing;books-specialty-boutique-textbooks-medicine-health-sciences-nursing-Clinical Nursing-Medical & Surgical Nursing;;0;True;0;True
Mental Health Nursing;books-specialty-boutique-textbooks-medicine-health-sciences-nursing-Clinical Nursing-Mental Health Nursing;;0;True;0;True
Nurse & Patient Communications;books-specialty-boutique-textbooks-medicine-health-sciences-nursing-Clinical Nursing-Nurse & Patient Communications;;0;True;0;True
Nursing Assessment;books-specialty-boutique-textbooks-medicine-health-sciences-nursing-Clinical Nursing-Nursing Assessment;;0;True;0;True
Nutrition;books-specialty-boutique-textbooks-medicine-health-sciences-medicine-Clinical Medicine-Nutrition;;0;True;0;True
Oncology Nursing;books-specialty-boutique-textbooks-medicine-health-sciences-nursing-Clinical Nursing-Oncology Nursing;;0;True;0;True
Pediatric & Neonatal Nursing;books-specialty-boutique-textbooks-medicine-health-sciences-nursing-Clinical Nursing-Pediatric & Neonatal Nursing;;0;True;0;True
Pharmacology;books-specialty-boutique-textbooks-medicine-health-sciences-medicine-Basic Sciences-Pharmacology;;0;True;0;True
Psychiatric Nursing;books-specialty-boutique-textbooks-medicine-health-sciences-nursing-Clinical Nursing-Psychiatric Nursing;;0;True;0;True
Womens Health Nursing;books-specialty-boutique-textbooks-medicine-health-sciences-nursing-Clinical Nursing-Womens Health Nursing;;0;True;0;True
Baby Boys Board Shorts;clothing-shoes-jewelry-baby-clothing-shoes-baby-boys-clothing-shoes-baby-boys-clothing-baby-boys-swimwear-Baby Boys Swim Trunks & Shorts-Baby Boys Board Shorts;;0;True;0;True
Baby Boys Swim Trunks;clothing-shoes-jewelry-baby-clothing-shoes-baby-boys-clothing-shoes-baby-boys-clothing-baby-boys-swimwear-Baby Boys Swim Trunks & Shorts-Baby Boys Swim Trunks;;0;True;0;True
Baby Boys Rash Guard Sets;clothing-shoes-jewelry-baby-clothing-shoes-baby-boys-clothing-shoes-baby-boys-clothing-baby-boys-swimwear-Baby Boys Swimwear Sets-Baby Boys Rash Guard Sets;;0;True;0;True
Baby Boys Swimwear Cover-Up Sets;clothing-shoes-jewelry-baby-clothing-shoes-baby-boys-clothing-shoes-baby-boys-clothing-baby-boys-swimwear-Baby Boys Swimwear Sets-Baby Boys Swimwear Cover-Up Sets;;0;True;0;True
Baby Girls Bikini Sets;clothing-shoes-jewelry-baby-clothing-shoes-baby-girls-clothing-shoes-baby-girls-clothing-baby-girls-swimwear-Baby Girls Two Piece Swimsuits-Baby Girls Bikini Sets;;0;True;0;True
Baby Girls Rash Guard Sets;clothing-shoes-jewelry-baby-clothing-shoes-baby-girls-clothing-shoes-baby-girls-clothing-baby-girls-swimwear-Baby Girls Two Piece Swimsuits-Baby Girls Rash Guard Sets;;0;True;0;True
Baby Girls Tankini Sets;clothing-shoes-jewelry-baby-clothing-shoes-baby-girls-clothing-shoes-baby-girls-clothing-baby-girls-swimwear-Baby Girls Two Piece Swimsuits-Baby Girls Tankini Sets;;0;True;0;True
Boys Sweatsuits;clothing-shoes-jewelry-boys-fashion-boys-shops-boys-athletic-boys-activewear-Boys Athletic Clothing Sets-Boys Sweatsuits;;0;True;0;True
Boys Sweatpants;clothing-shoes-jewelry-boys-fashion-boys-shops-boys-athletic-boys-activewear-Boys Athletic Pants-Boys Sweatpants;;0;True;0;True
Boys Track Pants;clothing-shoes-jewelry-boys-fashion-boys-shops-boys-athletic-boys-activewear-Boys Athletic Pants-Boys Track Pants;;0;True;0;True
Boys Activewear Button-Down Shirts;clothing-shoes-jewelry-boys-fashion-boys-shops-boys-athletic-boys-activewear-Boys Athletic Shirts & Tees-Boys Activewear Button-Down Shirts;;0;True;0;True
Boys Activewear Polos;clothing-shoes-jewelry-boys-fashion-boys-shops-boys-athletic-boys-activewear-Boys Athletic Shirts & Tees-Boys Activewear Polos;;0;True;0;True
Boys Activewear T-Shirts;clothing-shoes-jewelry-boys-fashion-boys-shops-boys-athletic-boys-activewear-Boys Athletic Shirts & Tees-Boys Activewear T-Shirts;;0;True;0;True
Boys Activewear Tank Tops;clothing-shoes-jewelry-boys-fashion-boys-shops-boys-athletic-boys-activewear-Boys Athletic Shirts & Tees-Boys Activewear Tank Tops;;0;True;0;True
Boys Activewear Undershorts;clothing-shoes-jewelry-boys-fashion-boys-shops-boys-athletic-boys-activewear-Boys Athletic Underwear-Boys Activewear Undershorts;;0;True;0;True
Girls Bikini Bottoms;clothing-shoes-jewelry-girls-fashion-girls-clothing-girls-swimwear-girls-two-piece-swimwear-Girls Fashion Bikini Sets-Girls Bikini Bottoms;;0;True;0;True
Girls Bikini Sets;clothing-shoes-jewelry-girls-fashion-girls-clothing-girls-swimwear-girls-two-piece-swimwear-Girls Fashion Bikini Sets-Girls Bikini Sets;;0;True;0;True
Girls Bikini Tops;clothing-shoes-jewelry-girls-fashion-girls-clothing-girls-swimwear-girls-two-piece-swimwear-Girls Fashion Bikini Sets-Girls Bikini Tops;;0;True;0;True
Girls Sweatsuits;clothing-shoes-jewelry-girls-fashion-girls-shops-girls-athletic-girls-activewear-Girls Athletic Clothing Sets-Girls Sweatsuits;;0;True;0;True
Girls Tracksuits;clothing-shoes-jewelry-girls-fashion-girls-shops-girls-athletic-girls-activewear-Girls Athletic Clothing Sets-Girls Tracksuits;;0;True;0;True
Girls Workout Top & Bottom Sets;clothing-shoes-jewelry-girls-fashion-girls-shops-girls-athletic-girls-activewear-Girls Athletic Clothing Sets-Girls Workout Top & Bottom Sets;;0;True;0;True
Girls Sweatpants;clothing-shoes-jewelry-girls-fashion-girls-shops-girls-athletic-girls-activewear-Girls Athletic Pants-Girls Sweatpants;;0;True;0;True
Girls Track Pants;clothing-shoes-jewelry-girls-fashion-girls-shops-girls-athletic-girls-activewear-Girls Athletic Pants-Girls Track Pants;;0;True;0;True
Girls Activewear Button-Down Shirts;clothing-shoes-jewelry-girls-fashion-girls-shops-girls-athletic-girls-activewear-Girls Athletic Shirts & Tees-Girls Activewear Button-Down Shirts;;0;True;0;True
Girls Activewear Polos;clothing-shoes-jewelry-girls-fashion-girls-shops-girls-athletic-girls-activewear-Girls Athletic Shirts & Tees-Girls Activewear Polos;;0;True;0;True
Girls Activewear T-Shirts;clothing-shoes-jewelry-girls-fashion-girls-shops-girls-athletic-girls-activewear-Girls Athletic Shirts & Tees-Girls Activewear T-Shirts;;0;True;0;True
Girls Activewear Tank Tops;clothing-shoes-jewelry-girls-fashion-girls-shops-girls-athletic-girls-activewear-Girls Athletic Shirts & Tees-Girls Activewear Tank Tops;;0;True;0;True
Girls Activewear Briefs;clothing-shoes-jewelry-girls-fashion-girls-shops-girls-athletic-girls-activewear-Girls Athletic Underwear-Girls Activewear Briefs;;0;True;0;True
Girls Activewear Undershirts;clothing-shoes-jewelry-girls-fashion-girls-shops-girls-athletic-girls-activewear-Girls Athletic Underwear-Girls Activewear Undershirts;;0;True;0;True
Girls Sports Bras;clothing-shoes-jewelry-girls-fashion-girls-shops-girls-athletic-girls-activewear-Girls Athletic Underwear-Girls Sports Bras;;0;True;0;True
Mens Sweatsuits;clothing-shoes-jewelry-mens-fashion-mens-shops-mens-athletic-mens-activewear-Mens Activewear Sets-Mens Sweatsuits;;0;True;0;True
Mens Workout Top & Bottom Sets;clothing-shoes-jewelry-mens-fashion-mens-shops-mens-athletic-mens-activewear-Mens Activewear Sets-Mens Workout Top & Bottom Sets;;0;True;0;True
Mens Athletic Sweatpants;clothing-shoes-jewelry-mens-fashion-mens-shops-mens-athletic-mens-activewear-Mens Athletic Pants-Mens Athletic Sweatpants;;0;True;0;True
Mens Track Pants;clothing-shoes-jewelry-mens-fashion-mens-shops-mens-athletic-mens-activewear-Mens Athletic Pants-Mens Track Pants;;0;True;0;True
Mens Activewear Button-Down Shirts;clothing-shoes-jewelry-mens-fashion-mens-shops-mens-athletic-mens-activewear-Mens Athletic Shirts & Tees-Mens Activewear Button-Down Shirts;;0;True;0;True
Mens Activewear Polos;clothing-shoes-jewelry-mens-fashion-mens-shops-mens-athletic-mens-activewear-Mens Athletic Shirts & Tees-Mens Activewear Polos;;0;True;0;True
Mens Activewear T-Shirts;clothing-shoes-jewelry-mens-fashion-mens-shops-mens-athletic-mens-activewear-Mens Athletic Shirts & Tees-Mens Activewear T-Shirts;;0;True;0;True
Mens Activewear Tank Tops;clothing-shoes-jewelry-mens-fashion-mens-shops-mens-athletic-mens-activewear-Mens Athletic Shirts & Tees-Mens Activewear Tank Tops;;0;True;0;True
Mens Activewear Undershirts;clothing-shoes-jewelry-mens-fashion-mens-shops-mens-athletic-mens-activewear-Mens Athletic Underwear-Mens Activewear Undershirts;;0;True;0;True
Mens Activewear Undershorts;clothing-shoes-jewelry-mens-fashion-mens-shops-mens-athletic-mens-activewear-Mens Athletic Underwear-Mens Activewear Undershorts;;0;True;0;True
Mens Chef Jackets;clothing-shoes-jewelry-mens-fashion-mens-shops-mens-uniforms,-work-safety-mens-work-safety-clothing-Mens Food Service Uniforms-Mens Chef Jackets;;0;True;0;True
Mens Chef Pants;clothing-shoes-jewelry-mens-fashion-mens-shops-mens-uniforms,-work-safety-mens-work-safety-clothing-Mens Food Service Uniforms-Mens Chef Pants;;0;True;0;True
Mens Medical Lab Coats;clothing-shoes-jewelry-mens-fashion-mens-shops-mens-uniforms,-work-safety-mens-work-safety-clothing-Mens Medical Uniforms & Scrubs-Mens Medical Lab Coats;;0;True;0;True
Mens Medical Scrub Jackets;clothing-shoes-jewelry-mens-fashion-mens-shops-mens-uniforms,-work-safety-mens-work-safety-clothing-Mens Medical Uniforms & Scrubs-Mens Medical Scrub Jackets;;0;True;0;True
Mens Medical Scrub Pants;clothing-shoes-jewelry-mens-fashion-mens-shops-mens-uniforms,-work-safety-mens-work-safety-clothing-Mens Medical Uniforms & Scrubs-Mens Medical Scrub Pants;;0;True;0;True
Mens Medical Scrub Sets;clothing-shoes-jewelry-mens-fashion-mens-shops-mens-uniforms,-work-safety-mens-work-safety-clothing-Mens Medical Uniforms & Scrubs-Mens Medical Scrub Sets;;0;True;0;True
Mens Medical Scrub Shirts;clothing-shoes-jewelry-mens-fashion-mens-shops-mens-uniforms,-work-safety-mens-work-safety-clothing-Mens Medical Uniforms & Scrubs-Mens Medical Scrub Shirts;;0;True;0;True
Mens Military Accessories;clothing-shoes-jewelry-mens-fashion-mens-shops-mens-uniforms,-work-safety-mens-work-safety-clothing-Mens Military Clothing-Mens Military Accessories;;0;True;0;True
Mens Military Outerwear;clothing-shoes-jewelry-mens-fashion-mens-shops-mens-uniforms,-work-safety-mens-work-safety-clothing-Mens Military Clothing-Mens Military Outerwear;;0;True;0;True
Mens Military Pants;clothing-shoes-jewelry-mens-fashion-mens-shops-mens-uniforms,-work-safety-mens-work-safety-clothing-Mens Military Clothing-Mens Military Pants;;0;True;0;True
Mens Military Shirts;clothing-shoes-jewelry-mens-fashion-mens-shops-mens-uniforms,-work-safety-mens-work-safety-clothing-Mens Military Clothing-Mens Military Shirts;;0;True;0;True
Mens Work Utility & Safety Outerwear;clothing-shoes-jewelry-mens-fashion-mens-shops-mens-uniforms,-work-safety-mens-work-safety-clothing-Mens Work Utility & Safety Apparel-Mens Work Utility & Safety Outerwear;;0;True;0;True
Mens Work Utility & Safety Overalls & Coveralls;clothing-shoes-jewelry-mens-fashion-mens-shops-mens-uniforms,-work-safety-mens-work-safety-clothing-Mens Work Utility & Safety Apparel-Mens Work Utility & Safety Overalls & Coveralls;;0;True;0;True
Mens Work Utility & Safety Pants;clothing-shoes-jewelry-mens-fashion-mens-shops-mens-uniforms,-work-safety-mens-work-safety-clothing-Mens Work Utility & Safety Apparel-Mens Work Utility & Safety Pants;;0;True;0;True
Mens Work Utility & Safety Shorts;clothing-shoes-jewelry-mens-fashion-mens-shops-mens-uniforms,-work-safety-mens-work-safety-clothing-Mens Work Utility & Safety Apparel-Mens Work Utility & Safety Shorts;;0;True;0;True
Mens Work Utility & Safety Tops;clothing-shoes-jewelry-mens-fashion-mens-shops-mens-uniforms,-work-safety-mens-work-safety-clothing-Mens Work Utility & Safety Apparel-Mens Work Utility & Safety Tops;;0;True;0;True
Mens Work & Utility Shoes;clothing-shoes-jewelry-mens-fashion-mens-shops-mens-uniforms,-work-safety-mens-work-safety-footwear-Mens Industrial & Construction Shoes-Mens Work & Utility Shoes;;0;True;0;True
Womens Exotic Camisoles;clothing-shoes-jewelry-novelty-more-novelty-clothing-more-exotic-apparel-womens-exotic-apparel-Womens Exotic Chemises & Negligees-Womens Exotic Camisoles;;0;True;0;True
Womens Exotic Chemises;clothing-shoes-jewelry-novelty-more-novelty-clothing-more-exotic-apparel-womens-exotic-apparel-Womens Exotic Chemises & Negligees-Womens Exotic Chemises;;0;True;0;True
Womens Exotic Negligees & Baby Dolls;clothing-shoes-jewelry-novelty-more-novelty-clothing-more-exotic-apparel-womens-exotic-apparel-Womens Exotic Chemises & Negligees-Womens Exotic Negligees & Baby Dolls;;0;True;0;True
Boys Novelty Belt Buckles;clothing-shoes-jewelry-novelty-more-novelty-clothing-more-novelty-clothing-boys-novelty-clothing-Boys Novelty Accessories-Boys Novelty Belt Buckles;;0;True;0;True
Boys Novelty Belts;clothing-shoes-jewelry-novelty-more-novelty-clothing-more-novelty-clothing-boys-novelty-clothing-Boys Novelty Accessories-Boys Novelty Belts;;0;True;0;True
Boys Novelty Bow Ties;clothing-shoes-jewelry-novelty-more-novelty-clothing-more-novelty-clothing-boys-novelty-clothing-Boys Novelty Accessories-Boys Novelty Bow Ties;;0;True;0;True
Boys Novelty Buttons & Pins;clothing-shoes-jewelry-novelty-more-novelty-clothing-more-novelty-clothing-boys-novelty-clothing-Boys Novelty Accessories-Boys Novelty Buttons & Pins;;0;True;0;True
Boys Novelty Gloves & Mittens;clothing-shoes-jewelry-novelty-more-novelty-clothing-more-novelty-clothing-boys-novelty-clothing-Boys Novelty Accessories-Boys Novelty Gloves & Mittens;;0;True;0;True
Boys Novelty Hats & Caps;clothing-shoes-jewelry-novelty-more-novelty-clothing-more-novelty-clothing-boys-novelty-clothing-Boys Novelty Accessories-Boys Novelty Hats & Caps;;0;True;0;True
Boys Novelty Hats & Caps;clothing-shoes-jewelry-novelty-more-novelty-clothing-more-novelty-clothing-boys-novelty-clothing-Boys Novelty Accessories-Boys Novelty Hats & Caps;;0;True;0;True
Boys Novelty Hats & Caps;clothing-shoes-jewelry-novelty-more-novelty-clothing-more-novelty-clothing-boys-novelty-clothing-Boys Novelty Accessories-Boys Novelty Hats & Caps;;0;True;0;True
Boys Novelty Hats & Caps;clothing-shoes-jewelry-novelty-more-novelty-clothing-more-novelty-clothing-boys-novelty-clothing-Boys Novelty Accessories-Boys Novelty Hats & Caps;;0;True;0;True
Boys Novelty Keychains;clothing-shoes-jewelry-novelty-more-novelty-clothing-more-novelty-clothing-boys-novelty-clothing-Boys Novelty Accessories-Boys Novelty Keychains;;0;True;0;True
Boys Novelty Neckties;clothing-shoes-jewelry-novelty-more-novelty-clothing-more-novelty-clothing-boys-novelty-clothing-Boys Novelty Accessories-Boys Novelty Neckties;;0;True;0;True
Boys Novelty Scarves;clothing-shoes-jewelry-novelty-more-novelty-clothing-more-novelty-clothing-boys-novelty-clothing-Boys Novelty Accessories-Boys Novelty Scarves;;0;True;0;True
Boys Novelty Wallets;clothing-shoes-jewelry-novelty-more-novelty-clothing-more-novelty-clothing-boys-novelty-clothing-Boys Novelty Accessories-Boys Novelty Wallets;;0;True;0;True
Boys Novelty One-Piece Pajamas;clothing-shoes-jewelry-novelty-more-novelty-clothing-more-novelty-clothing-boys-novelty-clothing-Boys Novelty Sleepwear-Boys Novelty One-Piece Pajamas;;0;True;0;True
Boys Novelty Pajama Sets;clothing-shoes-jewelry-novelty-more-novelty-clothing-more-novelty-clothing-boys-novelty-clothing-Boys Novelty Sleepwear-Boys Novelty Pajama Sets;;0;True;0;True
Boys Novelty Robes;clothing-shoes-jewelry-novelty-more-novelty-clothing-more-novelty-clothing-boys-novelty-clothing-Boys Novelty Sleepwear-Boys Novelty Robes;;0;True;0;True
Boys Novelty T-Shirts;clothing-shoes-jewelry-novelty-more-novelty-clothing-more-novelty-clothing-boys-novelty-clothing-Boys Novelty Tops & Tees-Boys Novelty T-Shirts;;0;True;0;True
Boys Novelty Tanks Tops;clothing-shoes-jewelry-novelty-more-novelty-clothing-more-novelty-clothing-boys-novelty-clothing-Boys Novelty Tops & Tees-Boys Novelty Tanks Tops;;0;True;0;True
Boys Novelty Underwear Briefs;clothing-shoes-jewelry-novelty-more-novelty-clothing-more-novelty-clothing-boys-novelty-clothing-Boys Novelty Underwear-Boys Novelty Underwear Briefs;;0;True;0;True
Girls Novelty Belt Buckles;clothing-shoes-jewelry-novelty-more-novelty-clothing-more-novelty-clothing-girls-novelty-clothing-Girls Novelty Accessories-Girls Novelty Belt Buckles;;0;True;0;True
Girls Novelty Belts;clothing-shoes-jewelry-novelty-more-novelty-clothing-more-novelty-clothing-girls-novelty-clothing-Girls Novelty Accessories-Girls Novelty Belts;;0;True;0;True
Girls Novelty Buttons & Pins;clothing-shoes-jewelry-novelty-more-novelty-clothing-more-novelty-clothing-girls-novelty-clothing-Girls Novelty Accessories-Girls Novelty Buttons & Pins;;0;True;0;True
Girls Novelty Gloves & Mittens;clothing-shoes-jewelry-novelty-more-novelty-clothing-more-novelty-clothing-girls-novelty-clothing-Girls Novelty Accessories-Girls Novelty Gloves & Mittens;;0;True;0;True
Girls Novelty Hats & Caps;clothing-shoes-jewelry-novelty-more-novelty-clothing-more-novelty-clothing-girls-novelty-clothing-Girls Novelty Accessories-Girls Novelty Hats & Caps;;0;True;0;True
Girls Novelty Hats & Caps;clothing-shoes-jewelry-novelty-more-novelty-clothing-more-novelty-clothing-girls-novelty-clothing-Girls Novelty Accessories-Girls Novelty Hats & Caps;;0;True;0;True
Girls Novelty Hats & Caps;clothing-shoes-jewelry-novelty-more-novelty-clothing-more-novelty-clothing-girls-novelty-clothing-Girls Novelty Accessories-Girls Novelty Hats & Caps;;0;True;0;True
Girls Novelty Keychains;clothing-shoes-jewelry-novelty-more-novelty-clothing-more-novelty-clothing-girls-novelty-clothing-Girls Novelty Accessories-Girls Novelty Keychains;;0;True;0;True
Girls Novelty Scarves;clothing-shoes-jewelry-novelty-more-novelty-clothing-more-novelty-clothing-girls-novelty-clothing-Girls Novelty Accessories-Girls Novelty Scarves;;0;True;0;True
Girls Novelty Wallets;clothing-shoes-jewelry-novelty-more-novelty-clothing-more-novelty-clothing-girls-novelty-clothing-Girls Novelty Accessories-Girls Novelty Wallets;;0;True;0;True
Girls Novelty Nightgowns;clothing-shoes-jewelry-novelty-more-novelty-clothing-more-novelty-clothing-girls-novelty-clothing-Girls Novelty Sleep & Loungewear-Girls Novelty Nightgowns;;0;True;0;True
Girls Novelty One-Piece Pajamas;clothing-shoes-jewelry-novelty-more-novelty-clothing-more-novelty-clothing-girls-novelty-clothing-Girls Novelty Sleep & Loungewear-Girls Novelty One-Piece Pajamas;;0;True;0;True
Girls Novelty Pajama Sets;clothing-shoes-jewelry-novelty-more-novelty-clothing-more-novelty-clothing-girls-novelty-clothing-Girls Novelty Sleep & Loungewear-Girls Novelty Pajama Sets;;0;True;0;True
Girls Novelty Leg Warmers;clothing-shoes-jewelry-novelty-more-novelty-clothing-more-novelty-clothing-girls-novelty-clothing-Girls Novelty Socks & Tights-Girls Novelty Leg Warmers;;0;True;0;True
Girls Novelty Socks;clothing-shoes-jewelry-novelty-more-novelty-clothing-more-novelty-clothing-girls-novelty-clothing-Girls Novelty Socks & Tights-Girls Novelty Socks;;0;True;0;True
Girls Novelty T-Shirts;clothing-shoes-jewelry-novelty-more-novelty-clothing-more-novelty-clothing-girls-novelty-clothing-Girls Novelty Tops & Tees-Girls Novelty T-Shirts;;0;True;0;True
Mens Novelty Applique Patches;clothing-shoes-jewelry-novelty-more-novelty-clothing-more-novelty-clothing-mens-novelty-clothing-Mens Novelty Accessories-Mens Novelty Applique Patches;;0;True;0;True
Mens Novelty Bandanas;clothing-shoes-jewelry-novelty-more-novelty-clothing-more-novelty-clothing-mens-novelty-clothing-Mens Novelty Accessories-Mens Novelty Bandanas;;0;True;0;True
Mens Novelty Belt Buckles;clothing-shoes-jewelry-novelty-more-novelty-clothing-more-novelty-clothing-mens-novelty-clothing-Mens Novelty Accessories-Mens Novelty Belt Buckles;;0;True;0;True
Mens Novelty Belts;clothing-shoes-jewelry-novelty-more-novelty-clothing-more-novelty-clothing-mens-novelty-clothing-Mens Novelty Accessories-Mens Novelty Belts;;0;True;0;True
Mens Novelty Bow Ties;clothing-shoes-jewelry-novelty-more-novelty-clothing-more-novelty-clothing-mens-novelty-clothing-Mens Novelty Accessories-Mens Novelty Bow Ties;;0;True;0;True
Mens Novelty Buttons & Pins;clothing-shoes-jewelry-novelty-more-novelty-clothing-more-novelty-clothing-mens-novelty-clothing-Mens Novelty Accessories-Mens Novelty Buttons & Pins;;0;True;0;True
Mens Novelty Gloves & Mittens;clothing-shoes-jewelry-novelty-more-novelty-clothing-more-novelty-clothing-mens-novelty-clothing-Mens Novelty Accessories-Mens Novelty Gloves & Mittens;;0;True;0;True
Mens Novelty Gloves & Mittens;clothing-shoes-jewelry-novelty-more-novelty-clothing-more-novelty-clothing-mens-novelty-clothing-Mens Novelty Accessories-Mens Novelty Gloves & Mittens;;0;True;0;True
Mens Novelty Gloves & Mittens;clothing-shoes-jewelry-novelty-more-novelty-clothing-more-novelty-clothing-mens-novelty-clothing-Mens Novelty Accessories-Mens Novelty Gloves & Mittens;;0;True;0;True
Mens Novelty Hats & Caps;clothing-shoes-jewelry-novelty-more-novelty-clothing-more-novelty-clothing-mens-novelty-clothing-Mens Novelty Accessories-Mens Novelty Hats & Caps;;0;True;0;True
Mens Novelty Hats & Caps;clothing-shoes-jewelry-novelty-more-novelty-clothing-more-novelty-clothing-mens-novelty-clothing-Mens Novelty Accessories-Mens Novelty Hats & Caps;;0;True;0;True
Mens Novelty Hats & Caps;clothing-shoes-jewelry-novelty-more-novelty-clothing-more-novelty-clothing-mens-novelty-clothing-Mens Novelty Accessories-Mens Novelty Hats & Caps;;0;True;0;True
Mens Novelty Hats & Caps;clothing-shoes-jewelry-novelty-more-novelty-clothing-more-novelty-clothing-mens-novelty-clothing-Mens Novelty Accessories-Mens Novelty Hats & Caps;;0;True;0;True
Mens Novelty Hats & Caps;clothing-shoes-jewelry-novelty-more-novelty-clothing-more-novelty-clothing-mens-novelty-clothing-Mens Novelty Accessories-Mens Novelty Hats & Caps;;0;True;0;True
Mens Novelty Hats & Caps;clothing-shoes-jewelry-novelty-more-novelty-clothing-more-novelty-clothing-mens-novelty-clothing-Mens Novelty Accessories-Mens Novelty Hats & Caps;;0;True;0;True
Mens Novelty Hats & Caps;clothing-shoes-jewelry-novelty-more-novelty-clothing-more-novelty-clothing-mens-novelty-clothing-Mens Novelty Accessories-Mens Novelty Hats & Caps;;0;True;0;True
Mens Novelty Hats & Caps;clothing-shoes-jewelry-novelty-more-novelty-clothing-more-novelty-clothing-mens-novelty-clothing-Mens Novelty Accessories-Mens Novelty Hats & Caps;;0;True;0;True
Mens Novelty Hats & Caps;clothing-shoes-jewelry-novelty-more-novelty-clothing-more-novelty-clothing-mens-novelty-clothing-Mens Novelty Accessories-Mens Novelty Hats & Caps;;0;True;0;True
Mens Novelty Keychains;clothing-shoes-jewelry-novelty-more-novelty-clothing-more-novelty-clothing-mens-novelty-clothing-Mens Novelty Accessories-Mens Novelty Keychains;;0;True;0;True
Mens Novelty Neckties;clothing-shoes-jewelry-novelty-more-novelty-clothing-more-novelty-clothing-mens-novelty-clothing-Mens Novelty Accessories-Mens Novelty Neckties;;0;True;0;True
Mens Novelty Scarves;clothing-shoes-jewelry-novelty-more-novelty-clothing-more-novelty-clothing-mens-novelty-clothing-Mens Novelty Accessories-Mens Novelty Scarves;;0;True;0;True
Mens Novelty Sunglasses & Eyewear;clothing-shoes-jewelry-novelty-more-novelty-clothing-more-novelty-clothing-mens-novelty-clothing-Mens Novelty Accessories-Mens Novelty Sunglasses & Eyewear;;0;True;0;True
Mens Novelty Suspenders;clothing-shoes-jewelry-novelty-more-novelty-clothing-more-novelty-clothing-mens-novelty-clothing-Mens Novelty Accessories-Mens Novelty Suspenders;;0;True;0;True
Mens Novelty Wallets;clothing-shoes-jewelry-novelty-more-novelty-clothing-more-novelty-clothing-mens-novelty-clothing-Mens Novelty Accessories-Mens Novelty Wallets;;0;True;0;True
Mens Novelty Button-Down Shirts;clothing-shoes-jewelry-novelty-more-novelty-clothing-more-novelty-clothing-mens-novelty-clothing-Mens Novelty Shirts-Mens Novelty Button-Down Shirts;;0;True;0;True
Mens Novelty Polo Shirts;clothing-shoes-jewelry-novelty-more-novelty-clothing-more-novelty-clothing-mens-novelty-clothing-Mens Novelty Shirts-Mens Novelty Polo Shirts;;0;True;0;True
Mens Novelty T-Shirts;clothing-shoes-jewelry-novelty-more-novelty-clothing-more-novelty-clothing-mens-novelty-clothing-Mens Novelty Shirts-Mens Novelty T-Shirts;;0;True;0;True
Mens Novelty Tanks Tops;clothing-shoes-jewelry-novelty-more-novelty-clothing-more-novelty-clothing-mens-novelty-clothing-Mens Novelty Shirts-Mens Novelty Tanks Tops;;0;True;0;True
Mens Novelty One-Piece Pajamas;clothing-shoes-jewelry-novelty-more-novelty-clothing-more-novelty-clothing-mens-novelty-clothing-Mens Novelty Sleep & Loungewear-Mens Novelty One-Piece Pajamas;;0;True;0;True
Mens Novelty Pajama Bottoms;clothing-shoes-jewelry-novelty-more-novelty-clothing-more-novelty-clothing-mens-novelty-clothing-Mens Novelty Sleep & Loungewear-Mens Novelty Pajama Bottoms;;0;True;0;True
Mens Novelty Robes;clothing-shoes-jewelry-novelty-more-novelty-clothing-more-novelty-clothing-mens-novelty-clothing-Mens Novelty Sleep & Loungewear-Mens Novelty Robes;;0;True;0;True
Mens Novelty Sleep & Loungewear Sets;clothing-shoes-jewelry-novelty-more-novelty-clothing-more-novelty-clothing-mens-novelty-clothing-Mens Novelty Sleep & Loungewear-Mens Novelty Sleep & Loungewear Sets;;0;True;0;True
Mens Novelty Boxer Briefs;clothing-shoes-jewelry-novelty-more-novelty-clothing-more-novelty-clothing-mens-novelty-clothing-Mens Novelty Underwear-Mens Novelty Boxer Briefs;;0;True;0;True
Mens Novelty Boxer Shorts;clothing-shoes-jewelry-novelty-more-novelty-clothing-more-novelty-clothing-mens-novelty-clothing-Mens Novelty Underwear-Mens Novelty Boxer Shorts;;0;True;0;True
Mens Novelty Underwear Briefs;clothing-shoes-jewelry-novelty-more-novelty-clothing-more-novelty-clothing-mens-novelty-clothing-Mens Novelty Underwear-Mens Novelty Underwear Briefs;;0;True;0;True
Womens Novelty Applique Patches;clothing-shoes-jewelry-novelty-more-novelty-clothing-more-novelty-clothing-womens-novelty-clothing-Womens Novelty Accessories-Womens Novelty Applique Patches;;0;True;0;True
Womens Novelty Bandanas;clothing-shoes-jewelry-novelty-more-novelty-clothing-more-novelty-clothing-womens-novelty-clothing-Womens Novelty Accessories-Womens Novelty Bandanas;;0;True;0;True
Womens Novelty Belt Buckles;clothing-shoes-jewelry-novelty-more-novelty-clothing-more-novelty-clothing-womens-novelty-clothing-Womens Novelty Accessories-Womens Novelty Belt Buckles;;0;True;0;True
Womens Novelty Belts;clothing-shoes-jewelry-novelty-more-novelty-clothing-more-novelty-clothing-womens-novelty-clothing-Womens Novelty Accessories-Womens Novelty Belts;;0;True;0;True
Womens Novelty Buttons & Pins;clothing-shoes-jewelry-novelty-more-novelty-clothing-more-novelty-clothing-womens-novelty-clothing-Womens Novelty Accessories-Womens Novelty Buttons & Pins;;0;True;0;True
Womens Novelty Gloves & Mittens;clothing-shoes-jewelry-novelty-more-novelty-clothing-more-novelty-clothing-womens-novelty-clothing-Womens Novelty Accessories-Womens Novelty Gloves & Mittens;;0;True;0;True
Womens Novelty Gloves & Mittens;clothing-shoes-jewelry-novelty-more-novelty-clothing-more-novelty-clothing-womens-novelty-clothing-Womens Novelty Accessories-Womens Novelty Gloves & Mittens;;0;True;0;True
Womens Novelty Gloves & Mittens;clothing-shoes-jewelry-novelty-more-novelty-clothing-more-novelty-clothing-womens-novelty-clothing-Womens Novelty Accessories-Womens Novelty Gloves & Mittens;;0;True;0;True
Womens Novelty Hats & Caps;clothing-shoes-jewelry-novelty-more-novelty-clothing-more-novelty-clothing-womens-novelty-clothing-Womens Novelty Accessories-Womens Novelty Hats & Caps;;0;True;0;True
Womens Novelty Hats & Caps;clothing-shoes-jewelry-novelty-more-novelty-clothing-more-novelty-clothing-womens-novelty-clothing-Womens Novelty Accessories-Womens Novelty Hats & Caps;;0;True;0;True
Womens Novelty Hats & Caps;clothing-shoes-jewelry-novelty-more-novelty-clothing-more-novelty-clothing-womens-novelty-clothing-Womens Novelty Accessories-Womens Novelty Hats & Caps;;0;True;0;True
Womens Novelty Hats & Caps;clothing-shoes-jewelry-novelty-more-novelty-clothing-more-novelty-clothing-womens-novelty-clothing-Womens Novelty Accessories-Womens Novelty Hats & Caps;;0;True;0;True
Womens Novelty Hats & Caps;clothing-shoes-jewelry-novelty-more-novelty-clothing-more-novelty-clothing-womens-novelty-clothing-Womens Novelty Accessories-Womens Novelty Hats & Caps;;0;True;0;True
Womens Novelty Hats & Caps;clothing-shoes-jewelry-novelty-more-novelty-clothing-more-novelty-clothing-womens-novelty-clothing-Womens Novelty Accessories-Womens Novelty Hats & Caps;;0;True;0;True
Womens Novelty Hats & Caps;clothing-shoes-jewelry-novelty-more-novelty-clothing-more-novelty-clothing-womens-novelty-clothing-Womens Novelty Accessories-Womens Novelty Hats & Caps;;0;True;0;True
Womens Novelty Hats & Caps;clothing-shoes-jewelry-novelty-more-novelty-clothing-more-novelty-clothing-womens-novelty-clothing-Womens Novelty Accessories-Womens Novelty Hats & Caps;;0;True;0;True
Womens Novelty Keychains;clothing-shoes-jewelry-novelty-more-novelty-clothing-more-novelty-clothing-womens-novelty-clothing-Womens Novelty Accessories-Womens Novelty Keychains;;0;True;0;True
Womens Novelty Scarves;clothing-shoes-jewelry-novelty-more-novelty-clothing-more-novelty-clothing-womens-novelty-clothing-Womens Novelty Accessories-Womens Novelty Scarves;;0;True;0;True
Womens Novelty Sunglasses & Eyewear;clothing-shoes-jewelry-novelty-more-novelty-clothing-more-novelty-clothing-womens-novelty-clothing-Womens Novelty Accessories-Womens Novelty Sunglasses & Eyewear;;0;True;0;True
Womens Novelty Suspenders;clothing-shoes-jewelry-novelty-more-novelty-clothing-more-novelty-clothing-womens-novelty-clothing-Womens Novelty Accessories-Womens Novelty Suspenders;;0;True;0;True
Womens Novelty Wallets;clothing-shoes-jewelry-novelty-more-novelty-clothing-more-novelty-clothing-womens-novelty-clothing-Womens Novelty Accessories-Womens Novelty Wallets;;0;True;0;True
Womens Novelty Nightgowns & Sleepshirts;clothing-shoes-jewelry-novelty-more-novelty-clothing-more-novelty-clothing-womens-novelty-clothing-Womens Novelty Sleep & Loungewear-Womens Novelty Nightgowns & Sleepshirts;;0;True;0;True
Womens Novelty One-Piece Pajamas;clothing-shoes-jewelry-novelty-more-novelty-clothing-more-novelty-clothing-womens-novelty-clothing-Womens Novelty Sleep & Loungewear-Womens Novelty One-Piece Pajamas;;0;True;0;True
Womens Novelty Pajama Bottoms;clothing-shoes-jewelry-novelty-more-novelty-clothing-more-novelty-clothing-womens-novelty-clothing-Womens Novelty Sleep & Loungewear-Womens Novelty Pajama Bottoms;;0;True;0;True
Womens Novelty Pajama Sets;clothing-shoes-jewelry-novelty-more-novelty-clothing-more-novelty-clothing-womens-novelty-clothing-Womens Novelty Sleep & Loungewear-Womens Novelty Pajama Sets;;0;True;0;True
Womens Novelty Pajama Tops;clothing-shoes-jewelry-novelty-more-novelty-clothing-more-novelty-clothing-womens-novelty-clothing-Womens Novelty Sleep & Loungewear-Womens Novelty Pajama Tops;;0;True;0;True
Womens Novelty Robes;clothing-shoes-jewelry-novelty-more-novelty-clothing-more-novelty-clothing-womens-novelty-clothing-Womens Novelty Sleep & Loungewear-Womens Novelty Robes;;0;True;0;True
Womens Novelty Hosiery;clothing-shoes-jewelry-novelty-more-novelty-clothing-more-novelty-clothing-womens-novelty-clothing-Womens Novelty Socks & Hosiery-Womens Novelty Hosiery;;0;True;0;True
Womens Novelty Leg Warmers;clothing-shoes-jewelry-novelty-more-novelty-clothing-more-novelty-clothing-womens-novelty-clothing-Womens Novelty Socks & Hosiery-Womens Novelty Leg Warmers;;0;True;0;True
Womens Novelty Socks;clothing-shoes-jewelry-novelty-more-novelty-clothing-more-novelty-clothing-womens-novelty-clothing-Womens Novelty Socks & Hosiery-Womens Novelty Socks;;0;True;0;True
Womens Novelty Tights;clothing-shoes-jewelry-novelty-more-novelty-clothing-more-novelty-clothing-womens-novelty-clothing-Womens Novelty Socks & Hosiery-Womens Novelty Tights;;0;True;0;True
Womens Novelty Blouses & Button-Down Shirts;clothing-shoes-jewelry-novelty-more-novelty-clothing-more-novelty-clothing-womens-novelty-clothing-Womens Novelty Tops & Tees-Womens Novelty Blouses & Button-Down Shirts;;0;True;0;True
Womens Novelty Polo Shirts;clothing-shoes-jewelry-novelty-more-novelty-clothing-more-novelty-clothing-womens-novelty-clothing-Womens Novelty Tops & Tees-Womens Novelty Polo Shirts;;0;True;0;True
Womens Novelty T-Shirts;clothing-shoes-jewelry-novelty-more-novelty-clothing-more-novelty-clothing-womens-novelty-clothing-Womens Novelty Tops & Tees-Womens Novelty T-Shirts;;0;True;0;True
Womens Novelty Tanks & Camis;clothing-shoes-jewelry-novelty-more-novelty-clothing-more-novelty-clothing-womens-novelty-clothing-Womens Novelty Tops & Tees-Womens Novelty Tanks & Camis;;0;True;0;True
Womens Novelty Bras;clothing-shoes-jewelry-novelty-more-novelty-clothing-more-novelty-clothing-womens-novelty-clothing-Womens Novelty Underwear-Womens Novelty Bras;;0;True;0;True
Womens Novelty Panties;clothing-shoes-jewelry-novelty-more-novelty-clothing-more-novelty-clothing-womens-novelty-clothing-Womens Novelty Underwear-Womens Novelty Panties;;0;True;0;True
Womens Novelty Panties;clothing-shoes-jewelry-novelty-more-novelty-clothing-more-novelty-clothing-womens-novelty-clothing-Womens Novelty Underwear-Womens Novelty Panties;;0;True;0;True
Womens Novelty Panties;clothing-shoes-jewelry-novelty-more-novelty-clothing-more-novelty-clothing-womens-novelty-clothing-Womens Novelty Underwear-Womens Novelty Panties;;0;True;0;True
Womens Novelty Panties;clothing-shoes-jewelry-novelty-more-novelty-clothing-more-novelty-clothing-womens-novelty-clothing-Womens Novelty Underwear-Womens Novelty Panties;;0;True;0;True
Womens Novelty Panties;clothing-shoes-jewelry-novelty-more-novelty-clothing-more-novelty-clothing-womens-novelty-clothing-Womens Novelty Underwear-Womens Novelty Panties;;0;True;0;True
Adhesive Bras;clothing-shoes-jewelry-womens-fashion-womens-clothing-womens-lingerie,-sleep-lounge-womens-lingerie-Womens Bras-Adhesive Bras;;0;True;0;True
Everyday Bras;clothing-shoes-jewelry-womens-fashion-womens-clothing-womens-lingerie,-sleep-lounge-womens-lingerie-Womens Bras-Everyday Bras;;0;True;0;True
Womens Mastectomy Bras;clothing-shoes-jewelry-womens-fashion-womens-clothing-womens-lingerie,-sleep-lounge-womens-lingerie-Womens Bras-Womens Mastectomy Bras;;0;True;0;True
Womens Minimizer Bras;clothing-shoes-jewelry-womens-fashion-womens-clothing-womens-lingerie,-sleep-lounge-womens-lingerie-Womens Bras-Womens Minimizer Bras;;0;True;0;True
Womens Sports Bras;clothing-shoes-jewelry-womens-fashion-womens-clothing-womens-lingerie,-sleep-lounge-womens-lingerie-Womens Bras-Womens Sports Bras;;0;True;0;True
Women’s Garter Belts;clothing-shoes-jewelry-womens-fashion-womens-clothing-womens-lingerie,-sleep-lounge-womens-lingerie-Womens Garters-Women’s Garter Belts;;0;True;0;True
Women’s Garters;clothing-shoes-jewelry-womens-fashion-womens-clothing-womens-lingerie,-sleep-lounge-womens-lingerie-Womens Garters-Women’s Garters;;0;True;0;True
Bra Extenders;clothing-shoes-jewelry-womens-fashion-womens-clothing-womens-lingerie,-sleep-lounge-womens-lingerie-Womens Lingerie Accessories-Bra Extenders;;0;True;0;True
Bra Pads & Breast Enhancers;clothing-shoes-jewelry-womens-fashion-womens-clothing-womens-lingerie,-sleep-lounge-womens-lingerie-Womens Lingerie Accessories-Bra Pads & Breast Enhancers;;0;True;0;True
Breast Lift Tape;clothing-shoes-jewelry-womens-fashion-womens-clothing-womens-lingerie,-sleep-lounge-womens-lingerie-Womens Lingerie Accessories-Breast Lift Tape;;0;True;0;True
Breast Petals;clothing-shoes-jewelry-womens-fashion-womens-clothing-womens-lingerie,-sleep-lounge-womens-lingerie-Womens Lingerie Accessories-Breast Petals;;0;True;0;True
Lingerie Straps;clothing-shoes-jewelry-womens-fashion-womens-clothing-womens-lingerie,-sleep-lounge-womens-lingerie-Womens Lingerie Accessories-Lingerie Straps;;0;True;0;True
Womens Bikini Panties;clothing-shoes-jewelry-womens-fashion-womens-clothing-womens-lingerie,-sleep-lounge-womens-lingerie-Womens Panties-Womens Bikini Panties;;0;True;0;True
Womens Boy Short Panties;clothing-shoes-jewelry-womens-fashion-womens-clothing-womens-lingerie,-sleep-lounge-womens-lingerie-Womens Panties-Womens Boy Short Panties;;0;True;0;True
Womens Briefs;clothing-shoes-jewelry-womens-fashion-womens-clothing-womens-lingerie,-sleep-lounge-womens-lingerie-Womens Panties-Womens Briefs;;0;True;0;True
Womens G-Strings & Thongs;clothing-shoes-jewelry-womens-fashion-womens-clothing-womens-lingerie,-sleep-lounge-womens-lingerie-Womens Panties-Womens G-Strings & Thongs;;0;True;0;True
Womens Hipster Panties;clothing-shoes-jewelry-womens-fashion-womens-clothing-womens-lingerie,-sleep-lounge-womens-lingerie-Womens Panties-Womens Hipster Panties;;0;True;0;True
Womens Tanga Panties;clothing-shoes-jewelry-womens-fashion-womens-clothing-womens-lingerie,-sleep-lounge-womens-lingerie-Womens Panties-Womens Tanga Panties;;0;True;0;True
Womens Shapewear Bodysuits;clothing-shoes-jewelry-womens-fashion-womens-clothing-womens-lingerie,-sleep-lounge-womens-lingerie-Womens Shapewear-Womens Shapewear Bodysuits;;0;True;0;True
Womens Shapewear Control Panties;clothing-shoes-jewelry-womens-fashion-womens-clothing-womens-lingerie,-sleep-lounge-womens-lingerie-Womens Shapewear-Womens Shapewear Control Panties;;0;True;0;True
Womens Shapewear Slips;clothing-shoes-jewelry-womens-fashion-womens-clothing-womens-lingerie,-sleep-lounge-womens-lingerie-Womens Shapewear-Womens Shapewear Slips;;0;True;0;True
Womens Shapewear Thigh Slimmers;clothing-shoes-jewelry-womens-fashion-womens-clothing-womens-lingerie,-sleep-lounge-womens-lingerie-Womens Shapewear-Womens Shapewear Thigh Slimmers;;0;True;0;True
Womens Shapewear Tops;clothing-shoes-jewelry-womens-fashion-womens-clothing-womens-lingerie,-sleep-lounge-womens-lingerie-Womens Shapewear-Womens Shapewear Tops;;0;True;0;True
Womens Shapewear Waist Cinchers;clothing-shoes-jewelry-womens-fashion-womens-clothing-womens-lingerie,-sleep-lounge-womens-lingerie-Womens Shapewear-Womens Shapewear Waist Cinchers;;0;True;0;True
Womens Full Slips;clothing-shoes-jewelry-womens-fashion-womens-clothing-womens-lingerie,-sleep-lounge-womens-lingerie-Womens Slips-Womens Full Slips;;0;True;0;True
Womens Half Slips;clothing-shoes-jewelry-womens-fashion-womens-clothing-womens-lingerie,-sleep-lounge-womens-lingerie-Womens Slips-Womens Half Slips;;0;True;0;True
Womens Italian Style Charm Bracelets;clothing-shoes-jewelry-womens-fashion-womens-jewelry-womens-bracelets-womens-charms-charm-bracelets-Womens Charm Bracelets-Womens Italian Style Charm Bracelets;;0;True;0;True
Womens Link Charm Bracelets;clothing-shoes-jewelry-womens-fashion-womens-jewelry-womens-bracelets-womens-charms-charm-bracelets-Womens Charm Bracelets-Womens Link Charm Bracelets;;0;True;0;True
Womens Snake Charm Bracelets;clothing-shoes-jewelry-womens-fashion-womens-jewelry-womens-bracelets-womens-charms-charm-bracelets-Womens Charm Bracelets-Womens Snake Charm Bracelets;;0;True;0;True
Womens Bead Charms;clothing-shoes-jewelry-womens-fashion-womens-jewelry-womens-bracelets-womens-charms-charm-bracelets-Womens Jewelry Charms-Womens Bead Charms;;0;True;0;True
Womens Clasp-Style Charms;clothing-shoes-jewelry-womens-fashion-womens-jewelry-womens-bracelets-womens-charms-charm-bracelets-Womens Jewelry Charms-Womens Clasp-Style Charms;;0;True;0;True
Womens Italian Style Charms;clothing-shoes-jewelry-womens-fashion-womens-jewelry-womens-bracelets-womens-charms-charm-bracelets-Womens Jewelry Charms-Womens Italian Style Charms;;0;True;0;True
Maternity Nursing Pajama Sets;clothing-shoes-jewelry-womens-fashion-womens-shops-maternity-maternity-nursing-clothing-Maternity Nursing Sleepwear-Maternity Nursing Pajama Sets;;0;True;0;True
Maternity Nursing Sleep Shirts & Nightgowns;clothing-shoes-jewelry-womens-fashion-womens-shops-maternity-maternity-nursing-clothing-Maternity Nursing Sleepwear-Maternity Nursing Sleep Shirts & Nightgowns;;0;True;0;True
Maternity Nursing Blouses & Button-Down Shirts;clothing-shoes-jewelry-womens-fashion-womens-shops-maternity-maternity-nursing-clothing-Maternity Nursing Tops & Tees-Maternity Nursing Blouses & Button-Down Shirts;;0;True;0;True
Maternity Nursing Knits & Tees;clothing-shoes-jewelry-womens-fashion-womens-shops-maternity-maternity-nursing-clothing-Maternity Nursing Tops & Tees-Maternity Nursing Knits & Tees;;0;True;0;True
Maternity Nursing Tanks & Camis;clothing-shoes-jewelry-womens-fashion-womens-shops-maternity-maternity-nursing-clothing-Maternity Nursing Tops & Tees-Maternity Nursing Tanks & Camis;;0;True;0;True
Maternity Nursing Tunics;clothing-shoes-jewelry-womens-fashion-womens-shops-maternity-maternity-nursing-clothing-Maternity Nursing Tops & Tees-Maternity Nursing Tunics;;0;True;0;True
Womens Sweatsuits;clothing-shoes-jewelry-womens-fashion-womens-shops-womens-athletic-womens-activewear-Womens Athletic Clothing Sets-Womens Sweatsuits;;0;True;0;True
Womens Tracksuits;clothing-shoes-jewelry-womens-fashion-womens-shops-womens-athletic-womens-activewear-Womens Athletic Clothing Sets-Womens Tracksuits;;0;True;0;True
Womens Workout Top & Bottom Sets;clothing-shoes-jewelry-womens-fashion-womens-shops-womens-athletic-womens-activewear-Womens Athletic Clothing Sets-Womens Workout Top & Bottom Sets;;0;True;0;True
Womens Athletic Sweatpants;clothing-shoes-jewelry-womens-fashion-womens-shops-womens-athletic-womens-activewear-Womens Athletic Pants-Womens Athletic Sweatpants;;0;True;0;True
Womens Track Pants;clothing-shoes-jewelry-womens-fashion-womens-shops-womens-athletic-womens-activewear-Womens Athletic Pants-Womens Track Pants;;0;True;0;True
Womens Activewear Button-Down Shirts;clothing-shoes-jewelry-womens-fashion-womens-shops-womens-athletic-womens-activewear-Womens Athletic Shirts & Tees-Womens Activewear Button-Down Shirts;;0;True;0;True
Womens Activewear Polos;clothing-shoes-jewelry-womens-fashion-womens-shops-womens-athletic-womens-activewear-Womens Athletic Shirts & Tees-Womens Activewear Polos;;0;True;0;True
Womens Activewear T-Shirts;clothing-shoes-jewelry-womens-fashion-womens-shops-womens-athletic-womens-activewear-Womens Athletic Shirts & Tees-Womens Activewear T-Shirts;;0;True;0;True
Womens Activewear Tank Tops;clothing-shoes-jewelry-womens-fashion-womens-shops-womens-athletic-womens-activewear-Womens Athletic Shirts & Tees-Womens Activewear Tank Tops;;0;True;0;True
Womens Activewear Briefs;clothing-shoes-jewelry-womens-fashion-womens-shops-womens-athletic-womens-activewear-Womens Athletic Underwear-Womens Activewear Briefs;;0;True;0;True
Womens Activewear Undershirts;clothing-shoes-jewelry-womens-fashion-womens-shops-womens-athletic-womens-activewear-Womens Athletic Underwear-Womens Activewear Undershirts;;0;True;0;True
Womens Chef Jackets;clothing-shoes-jewelry-womens-fashion-womens-shops-womens-uniforms,-work-safety-womens-work-safety-clothing-Womens Food Service Uniforms-Womens Chef Jackets;;0;True;0;True
Womens Chef Pants;clothing-shoes-jewelry-womens-fashion-womens-shops-womens-uniforms,-work-safety-womens-work-safety-clothing-Womens Food Service Uniforms-Womens Chef Pants;;0;True;0;True
Womens Medical Lab Coats;clothing-shoes-jewelry-womens-fashion-womens-shops-womens-uniforms,-work-safety-womens-work-safety-clothing-Womens Medical Uniforms & Scrubs-Womens Medical Lab Coats;;0;True;0;True
Womens Medical Scrub Jackets;clothing-shoes-jewelry-womens-fashion-womens-shops-womens-uniforms,-work-safety-womens-work-safety-clothing-Womens Medical Uniforms & Scrubs-Womens Medical Scrub Jackets;;0;True;0;True
Womens Medical Scrub Pants;clothing-shoes-jewelry-womens-fashion-womens-shops-womens-uniforms,-work-safety-womens-work-safety-clothing-Womens Medical Uniforms & Scrubs-Womens Medical Scrub Pants;;0;True;0;True
Womens Medical Scrub Sets;clothing-shoes-jewelry-womens-fashion-womens-shops-womens-uniforms,-work-safety-womens-work-safety-clothing-Womens Medical Uniforms & Scrubs-Womens Medical Scrub Sets;;0;True;0;True
Womens Medical Scrub Shirts;clothing-shoes-jewelry-womens-fashion-womens-shops-womens-uniforms,-work-safety-womens-work-safety-clothing-Womens Medical Uniforms & Scrubs-Womens Medical Scrub Shirts;;0;True;0;True
Womens Work Utility & Safety Outerwear;clothing-shoes-jewelry-womens-fashion-womens-shops-womens-uniforms,-work-safety-womens-work-safety-clothing-Womens Work Utility & Safety Apparel-Womens Work Utility & Safety Outerwear;;0;True;0;True
Womens Work Utility & Safety Overalls & Coveralls;clothing-shoes-jewelry-womens-fashion-womens-shops-womens-uniforms,-work-safety-womens-work-safety-clothing-Womens Work Utility & Safety Apparel-Womens Work Utility & Safety Overalls & Coveralls;;0;True;0;True
Womens Work Utility & Safety Pants;clothing-shoes-jewelry-womens-fashion-womens-shops-womens-uniforms,-work-safety-womens-work-safety-clothing-Womens Work Utility & Safety Apparel-Womens Work Utility & Safety Pants;;0;True;0;True
Womens Work Utility & Safety Tops;clothing-shoes-jewelry-womens-fashion-womens-shops-womens-uniforms,-work-safety-womens-work-safety-clothing-Womens Work Utility & Safety Apparel-Womens Work Utility & Safety Tops;;0;True;0;True
Womens Work & Utility Boots;clothing-shoes-jewelry-womens-fashion-womens-shops-womens-uniforms,-work-safety-womens-work-safety-footwear-Womens Industrial & Construction Shoes-Womens Work & Utility Boots;;0;True;0;True
Womens Work & Utility Shoes;clothing-shoes-jewelry-womens-fashion-womens-shops-womens-uniforms,-work-safety-womens-work-safety-footwear-Womens Industrial & Construction Shoes-Womens Work & Utility Shoes;;0;True;0;True
Brown Granulated Sugar;grocery-gourmet-food-pantry-staples-cooking-baking-grocery-supplies-syrups,-sugars-sweeteners-sugars-Brown Sugar-Brown Granulated Sugar;;0;True;0;True
Jaggery Sugar;grocery-gourmet-food-pantry-staples-cooking-baking-grocery-supplies-syrups,-sugars-sweeteners-sugars-Brown Sugar-Jaggery Sugar;;0;True;0;True
Muscovado;grocery-gourmet-food-pantry-staples-cooking-baking-grocery-supplies-syrups,-sugars-sweeteners-sugars-Brown Sugar-Muscovado;;0;True;0;True
Panela;grocery-gourmet-food-pantry-staples-cooking-baking-grocery-supplies-syrups,-sugars-sweeteners-sugars-Brown Sugar-Panela;;0;True;0;True
Caster Sugar;grocery-gourmet-food-pantry-staples-cooking-baking-grocery-supplies-syrups,-sugars-sweeteners-sugars-White Sugars-Caster Sugar;;0;True;0;True
Powdered Sugar;grocery-gourmet-food-pantry-staples-cooking-baking-grocery-supplies-syrups,-sugars-sweeteners-sugars-White Sugars-Powdered Sugar;;0;True;0;True
Preserving Sugar;grocery-gourmet-food-pantry-staples-cooking-baking-grocery-supplies-syrups,-sugars-sweeteners-sugars-White Sugars-Preserving Sugar;;0;True;0;True
White Granulated Sugar;grocery-gourmet-food-pantry-staples-cooking-baking-grocery-supplies-syrups,-sugars-sweeteners-sugars-White Sugars-White Granulated Sugar;;0;True;0;True
Insect & Pest Repellent Body Moisturizers;health-household-health-care-products-first-aid-supplies-?tching-rash-treatments-?nsect-pest-repellents-Insect & Pest Repellent Body Treatments-Insect & Pest Repellent Body Moisturizers;;0;True;0;True
Insect & Pest Repellent Body Sprays;health-household-health-care-products-first-aid-supplies-?tching-rash-treatments-?nsect-pest-repellents-Insect & Pest Repellent Body Treatments-Insect & Pest Repellent Body Sprays;;0;True;0;True
Insect & Pest Repellent Body Wipes;health-household-health-care-products-first-aid-supplies-?tching-rash-treatments-?nsect-pest-repellents-Insect & Pest Repellent Body Treatments-Insect & Pest Repellent Body Wipes;;0;True;0;True
Insect & Pest Repellent Garments;health-household-health-care-products-first-aid-supplies-?tching-rash-treatments-?nsect-pest-repellents-Wearable Insect & Pest Repellents-Insect & Pest Repellent Garments;;0;True;0;True
Insect & Pest Repellent Wristbands;health-household-health-care-products-first-aid-supplies-?tching-rash-treatments-?nsect-pest-repellents-Wearable Insect & Pest Repellents-Insect & Pest Repellent Wristbands;;0;True;0;True
Joint & Muscle Pain Relief Rubs;health-household-health-care-products-otc-medications-treatments-pain-relief-medications-treatments-joint-muscle-pain-relief-Joint & Muscle Pain Relief Treatments-Joint & Muscle Pain Relief Rubs;;0;True;0;True
Crutch Handgrips;health-household-home-use-medical-supplies-equipment-mobility-daily-living-aids-mobility-aids-equipment-canes,-crutches-accessories-Crutch Accessories-Crutch Handgrips;;0;True;0;True
Crutch Pads;health-household-home-use-medical-supplies-equipment-mobility-daily-living-aids-mobility-aids-equipment-canes,-crutches-accessories-Crutch Accessories-Crutch Pads;;0;True;0;True
Cane Flashlights;health-household-home-use-medical-supplies-equipment-mobility-daily-living-aids-mobility-aids-equipment-canes,-crutches-accessories-Walking Cane Accessories-Cane Flashlights;;0;True;0;True
Cane Holders;health-household-home-use-medical-supplies-equipment-mobility-daily-living-aids-mobility-aids-equipment-canes,-crutches-accessories-Walking Cane Accessories-Cane Holders;;0;True;0;True
Cane Ice Attachments;health-household-home-use-medical-supplies-equipment-mobility-daily-living-aids-mobility-aids-equipment-canes,-crutches-accessories-Walking Cane Accessories-Cane Ice Attachments;;0;True;0;True
Cane Wrist Straps;health-household-home-use-medical-supplies-equipment-mobility-daily-living-aids-mobility-aids-equipment-canes,-crutches-accessories-Walking Cane Accessories-Cane Wrist Straps;;0;True;0;True
Walker & Rollator Baskets, Organizers & Pouches;health-household-home-use-medical-supplies-equipment-mobility-daily-living-aids-mobility-aids-equipment-walkers,-rollators-accessories-Walker Accessories-Walker & Rollator Baskets, Organizers & Pouches;;0;True;0;True
Walker & Rollator Replacement Wheels;health-household-home-use-medical-supplies-equipment-mobility-daily-living-aids-mobility-aids-equipment-walkers,-rollators-accessories-Walker Accessories-Walker & Rollator Replacement Wheels;;0;True;0;True
Walker & Rollator Ski Glides & Pads;health-household-home-use-medical-supplies-equipment-mobility-daily-living-aids-mobility-aids-equipment-walkers,-rollators-accessories-Walker Accessories-Walker & Rollator Ski Glides & Pads;;0;True;0;True
Walker & Rollator Trays;health-household-home-use-medical-supplies-equipment-mobility-daily-living-aids-mobility-aids-equipment-walkers,-rollators-accessories-Walker Accessories-Walker & Rollator Trays;;0;True;0;True
Wheelchair & Mobility Scooter Arm Rests;health-household-home-use-medical-supplies-equipment-mobility-daily-living-aids-mobility-aids-equipment-wheelchairs,-mobility-scooters-accessories-Wheelchair & Mobility Scooter Accessories & Parts-Wheelchair & Mobility Scooter Arm Rests;;0;True;0;True
Wheelchair & Mobility Scooter Automotive Carrier Racks;health-household-home-use-medical-supplies-equipment-mobility-daily-living-aids-mobility-aids-equipment-wheelchairs,-mobility-scooters-accessories-Wheelchair & Mobility Scooter Accessories & Parts-Wheelchair & Mobility Scooter Automotive Carrier Racks;;0;True;0;True
Wheelchair & Mobility Scooter Covers;health-household-home-use-medical-supplies-equipment-mobility-daily-living-aids-mobility-aids-equipment-wheelchairs,-mobility-scooters-accessories-Wheelchair & Mobility Scooter Accessories & Parts-Wheelchair & Mobility Scooter Covers;;0;True;0;True
Wheelchair & Mobility Scooter Foot & Leg Rests;health-household-home-use-medical-supplies-equipment-mobility-daily-living-aids-mobility-aids-equipment-wheelchairs,-mobility-scooters-accessories-Wheelchair & Mobility Scooter Accessories & Parts-Wheelchair & Mobility Scooter Foot & Leg Rests;;0;True;0;True
Wheelchair & Mobility Scooter Lifts;health-household-home-use-medical-supplies-equipment-mobility-daily-living-aids-mobility-aids-equipment-wheelchairs,-mobility-scooters-accessories-Wheelchair & Mobility Scooter Accessories & Parts-Wheelchair & Mobility Scooter Lifts;;0;True;0;True
Wheelchair & Mobility Scooter Oxygen Tank Holders;health-household-home-use-medical-supplies-equipment-mobility-daily-living-aids-mobility-aids-equipment-wheelchairs,-mobility-scooters-accessories-Wheelchair & Mobility Scooter Accessories & Parts-Wheelchair & Mobility Scooter Oxygen Tank Holders;;0;True;0;True
Wheelchair & Mobility Scooter Replacement Batteries;health-household-home-use-medical-supplies-equipment-mobility-daily-living-aids-mobility-aids-equipment-wheelchairs,-mobility-scooters-accessories-Wheelchair & Mobility Scooter Accessories & Parts-Wheelchair & Mobility Scooter Replacement Batteries;;0;True;0;True
Wheelchair & Mobility Scooter Seat Belts;health-household-home-use-medical-supplies-equipment-mobility-daily-living-aids-mobility-aids-equipment-wheelchairs,-mobility-scooters-accessories-Wheelchair & Mobility Scooter Accessories & Parts-Wheelchair & Mobility Scooter Seat Belts;;0;True;0;True
Wheelchair & Mobility Scooter Tires & Wheels;health-household-home-use-medical-supplies-equipment-mobility-daily-living-aids-mobility-aids-equipment-wheelchairs,-mobility-scooters-accessories-Wheelchair & Mobility Scooter Accessories & Parts-Wheelchair & Mobility Scooter Tires & Wheels;;0;True;0;True
Wheelchair & Mobility Scooter Backs;health-household-home-use-medical-supplies-equipment-mobility-daily-living-aids-mobility-aids-equipment-wheelchairs,-mobility-scooters-accessories-Wheelchair Accessories-Wheelchair & Mobility Scooter Backs;;0;True;0;True
Wheelchair & Mobility Scooter Cushions;health-household-home-use-medical-supplies-equipment-mobility-daily-living-aids-mobility-aids-equipment-wheelchairs,-mobility-scooters-accessories-Wheelchair Accessories-Wheelchair & Mobility Scooter Cushions;;0;True;0;True
Wheelchair & Mobility Scooter Lap Trays;health-household-home-use-medical-supplies-equipment-mobility-daily-living-aids-mobility-aids-equipment-wheelchairs,-mobility-scooters-accessories-Wheelchair Accessories-Wheelchair & Mobility Scooter Lap Trays;;0;True;0;True
Wheelchair Bags & Baskets;health-household-home-use-medical-supplies-equipment-mobility-daily-living-aids-mobility-aids-equipment-wheelchairs,-mobility-scooters-accessories-Wheelchair Accessories-Wheelchair Bags & Baskets;;0;True;0;True
Attendant & Transport Wheelchairs;health-household-home-use-medical-supplies-equipment-mobility-daily-living-aids-mobility-aids-equipment-wheelchairs,-mobility-scooters-accessories-Wheelchairs-Attendant & Transport Wheelchairs;;0;True;0;True
Bathroom Wheelchairs;health-household-home-use-medical-supplies-equipment-mobility-daily-living-aids-mobility-aids-equipment-wheelchairs,-mobility-scooters-accessories-Wheelchairs-Bathroom Wheelchairs;;0;True;0;True
Electric Wheelchairs;health-household-home-use-medical-supplies-equipment-mobility-daily-living-aids-mobility-aids-equipment-wheelchairs,-mobility-scooters-accessories-Wheelchairs-Electric Wheelchairs;;0;True;0;True
Self-Propelled Wheelchairs;health-household-home-use-medical-supplies-equipment-mobility-daily-living-aids-mobility-aids-equipment-wheelchairs,-mobility-scooters-accessories-Wheelchairs-Self-Propelled Wheelchairs;;0;True;0;True
Mop Refill Sponges;health-household-household-supplies-household-cleaning-tools-household-mops,-buckets-accessories-mopping-accessories-Mop Heads & Sponges-Mop Refill Sponges;;0;True;0;True
Mop Replacement Heads;health-household-household-supplies-household-cleaning-tools-household-mops,-buckets-accessories-mopping-accessories-Mop Heads & Sponges-Mop Replacement Heads;;0;True;0;True
Liquor Decanters;home-kitchen-kitchen-dining-dining-entertaining-bar-tools-drinkware-bar-tools-Decanters-Liquor Decanters;;0;True;0;True
Wine Decanters;home-kitchen-kitchen-dining-dining-entertaining-bar-tools-drinkware-bar-tools-Decanters-Wine Decanters;;0;True;0;True
Seder Plates;home-kitchen-kitchen-dining-dining-entertaining-dinnerware-plates-Specialty Tableware Plates-Seder Plates;;0;True;0;True
Side Dishes;home-kitchen-kitchen-dining-dining-entertaining-dinnerware-plates-Specialty Tableware Plates-Side Dishes;;0;True;0;True
Sushi Plates;home-kitchen-kitchen-dining-dining-entertaining-dinnerware-plates-Specialty Tableware Plates-Sushi Plates;;0;True;0;True
Fish Forks;home-kitchen-kitchen-dining-dining-entertaining-flatware-forks-Specialty Forks-Fish Forks;;0;True;0;True
Gravy & Sauce Ladles;home-kitchen-kitchen-dining-dining-entertaining-flatware-serving-utensils-Ladles-Gravy & Sauce Ladles;;0;True;0;True
Soup Ladles;home-kitchen-kitchen-dining-dining-entertaining-flatware-serving-utensils-Ladles-Soup Ladles;;0;True;0;True
Pickle & Olive Forks;home-kitchen-kitchen-dining-dining-entertaining-flatware-serving-utensils-Serving Forks-Pickle & Olive Forks;;0;True;0;True
Rice & Potato Servers;home-kitchen-kitchen-dining-dining-entertaining-flatware-serving-utensils-Serving Spoons-Rice & Potato Servers;;0;True;0;True
Serving Tablespoons;home-kitchen-kitchen-dining-dining-entertaining-flatware-serving-utensils-Serving Spoons-Serving Tablespoons;;0;True;0;True
Sugar Spoons;home-kitchen-kitchen-dining-dining-entertaining-flatware-serving-utensils-Serving Spoons-Sugar Spoons;;0;True;0;True
Buffet Tongs;home-kitchen-kitchen-dining-dining-entertaining-flatware-serving-utensils-Tongs-Buffet Tongs;;0;True;0;True
Salad Tongs;home-kitchen-kitchen-dining-dining-entertaining-flatware-serving-utensils-Tongs-Salad Tongs;;0;True;0;True
Carafes;home-kitchen-kitchen-dining-dining-entertaining-serveware-beverage-serveware-Carafes & Pitchers-Carafes;;0;True;0;True
Cream & Sugar Sets;home-kitchen-kitchen-dining-dining-entertaining-serveware-beverage-serveware-Cream & Sugar Dishes-Cream & Sugar Sets;;0;True;0;True
Creamers;home-kitchen-kitchen-dining-dining-entertaining-serveware-beverage-serveware-Cream & Sugar Dishes-Creamers;;0;True;0;True
Sugar Bowls;home-kitchen-kitchen-dining-dining-entertaining-serveware-beverage-serveware-Cream & Sugar Dishes-Sugar Bowls;;0;True;0;True
Sugar Packet Holders;home-kitchen-kitchen-dining-dining-entertaining-serveware-beverage-serveware-Cream & Sugar Dishes-Sugar Packet Holders;;0;True;0;True
Coffee Servers;home-kitchen-kitchen-dining-dining-entertaining-serveware-beverage-serveware-Teapots & Coffee Servers-Coffee Servers;;0;True;0;True
Coffee Serving Sets;home-kitchen-kitchen-dining-dining-entertaining-serveware-beverage-serveware-Teapots & Coffee Servers-Coffee Serving Sets;;0;True;0;True
Coffee Urns;home-kitchen-kitchen-dining-dining-entertaining-serveware-beverage-serveware-Teapots & Coffee Servers-Coffee Urns;;0;True;0;True
Tea Sets;home-kitchen-kitchen-dining-dining-entertaining-serveware-beverage-serveware-Teapots & Coffee Servers-Tea Sets;;0;True;0;True
Teapots;home-kitchen-kitchen-dining-dining-entertaining-serveware-beverage-serveware-Teapots & Coffee Servers-Teapots;;0;True;0;True
Disposable Coffee Filters;home-kitchen-kitchen-dining-small-appliance-parts-accessories-coffee-espresso-machine-parts-accessories-coffee-machine-accessories-Coffee Filters-Disposable Coffee Filters;;0;True;0;True
Permanent Coffee Filters;home-kitchen-kitchen-dining-small-appliance-parts-accessories-coffee-espresso-machine-parts-accessories-coffee-machine-accessories-Coffee Filters-Permanent Coffee Filters;;0;True;0;True
Reusable Coffee Filters;home-kitchen-kitchen-dining-small-appliance-parts-accessories-coffee-espresso-machine-parts-accessories-coffee-machine-accessories-Coffee Filters-Reusable Coffee Filters;;0;True;0;True
Standard T-Bolt Hose Clamps;industrial-scientific-hydraulics-pneumatics-plumbing-fittings-hose-fittings-hose-clamps-T-Bolt Hose Clamps-Standard T-Bolt Hose Clamps;;0;True;0;True
Compression Union Reducers;industrial-scientific-hydraulics-pneumatics-plumbing-fittings-tube-fittings-compression-fittings-Compression Union Fittings-Compression Union Reducers;;0;True;0;True
Compression Union Straights;industrial-scientific-hydraulics-pneumatics-plumbing-fittings-tube-fittings-compression-fittings-Compression Union Fittings-Compression Union Straights;;0;True;0;True
Luer-to-Barbed Elbow Fittings;industrial-scientific-hydraulics-pneumatics-plumbing-fittings-tube-fittings-luer-fittings-Luer-to-Barbed Fittings-Luer-to-Barbed Elbow Fittings;;0;True;0;True
Luer-to-Barbed Panel Mount Fittings;industrial-scientific-hydraulics-pneumatics-plumbing-fittings-tube-fittings-luer-fittings-Luer-to-Barbed Fittings-Luer-to-Barbed Panel Mount Fittings;;0;True;0;True
Luer-to-Barbed Straight Fittings;industrial-scientific-hydraulics-pneumatics-plumbing-fittings-tube-fittings-luer-fittings-Luer-to-Barbed Fittings-Luer-to-Barbed Straight Fittings;;0;True;0;True
Luer-to-Barbed Tee Fittings;industrial-scientific-hydraulics-pneumatics-plumbing-fittings-tube-fittings-luer-fittings-Luer-to-Barbed Fittings-Luer-to-Barbed Tee Fittings;;0;True;0;True
Filtering Pipette Tips;industrial-scientific-lab-scientific-products-lab-instruments-equipment-lab-fluid-liquid-handling-lab-pipettes-Lab Pipette Tips-Filtering Pipette Tips;;0;True;0;True
Universal Pipette Tips;industrial-scientific-lab-scientific-products-lab-instruments-equipment-lab-fluid-liquid-handling-lab-pipettes-Lab Pipette Tips-Universal Pipette Tips;;0;True;0;True
Harry Potter and the Deathly Hallows;movies-tv-specialty-stores-custom-stores-dvd-custom-stores-characters-series-Harry Potter-Harry Potter and the Deathly Hallows;;0;True;0;True
All Titles;movies-tv-specialty-stores-custom-stores-dvd-custom-stores-characters-series-Mary-Kate & Ashley for Kids & Family-All Titles;;0;True;0;True
Scooby Doo Animated Movies;movies-tv-specialty-stores-custom-stores-dvd-custom-stores-characters-series-Scooby Doo-Scooby Doo Animated Movies;;0;True;0;True
Classics Kids Love;movies-tv-specialty-stores-custom-stores-dvd-custom-stores-holidays-seasonal-Christmas-Classics Kids Love;;0;True;0;True
Comedy;movies-tv-specialty-stores-custom-stores-dvd-custom-stores-holidays-seasonal-Christmas-Comedy;;0;True;0;True
Musicals;movies-tv-specialty-stores-custom-stores-dvd-custom-stores-holidays-seasonal-Christmas-Musicals;;0;True;0;True
Romantic;movies-tv-specialty-stores-custom-stores-dvd-custom-stores-holidays-seasonal-Christmas-Romantic;;0;True;0;True
Timeless Holiday Favorites;movies-tv-specialty-stores-custom-stores-dvd-custom-stores-holidays-seasonal-Christmas-Timeless Holiday Favorites;;0;True;0;True
Ringo Starr;movies-tv-specialty-stores-custom-stores-dvd-custom-stores-music-artists-The Beatles-Ringo Starr;;0;True;0;True
The Beatles Movies;movies-tv-specialty-stores-custom-stores-dvd-custom-stores-music-artists-The Beatles-The Beatles Movies;;0;True;0;True
Alien Invasions;movies-tv-specialty-stores-custom-stores-dvd-custom-stores-science-fiction-fantasy-Science Fiction-Alien Invasions;;0;True;0;True
Aliens;movies-tv-specialty-stores-custom-stores-dvd-custom-stores-science-fiction-fantasy-Science Fiction-Aliens;;0;True;0;True
Animated Science Fiction;movies-tv-specialty-stores-custom-stores-dvd-custom-stores-science-fiction-fantasy-Science Fiction-Animated Science Fiction;;0;True;0;True
Classic Science Fiction;movies-tv-specialty-stores-custom-stores-dvd-custom-stores-science-fiction-fantasy-Science Fiction-Classic Science Fiction;;0;True;0;True
Futuristic Science Fiction;movies-tv-specialty-stores-custom-stores-dvd-custom-stores-science-fiction-fantasy-Science Fiction-Futuristic Science Fiction;;0;True;0;True
Monsters & Mutants;movies-tv-specialty-stores-custom-stores-dvd-custom-stores-science-fiction-fantasy-Science Fiction-Monsters & Mutants;;0;True;0;True
Sci-Fi Action;movies-tv-specialty-stores-custom-stores-dvd-custom-stores-science-fiction-fantasy-Science Fiction-Sci-Fi Action;;0;True;0;True
Science Fiction Comedy;movies-tv-specialty-stores-custom-stores-dvd-custom-stores-science-fiction-fantasy-Science Fiction-Science Fiction Comedy;;0;True;0;True
Star Wars;movies-tv-specialty-stores-custom-stores-dvd-custom-stores-science-fiction-fantasy-Science Fiction-Star Wars;;0;True;0;True
Action;movies-tv-specialty-stores-custom-stores-dvd-custom-stores-studio-specials-20th Century Fox Home Entertainment-Action;;0;True;0;True
Action;movies-tv-specialty-stores-custom-stores-dvd-custom-stores-studio-specials-20th Century Fox Home Entertainment-Action;;0;True;0;True
All Fox Titles;movies-tv-specialty-stores-custom-stores-dvd-custom-stores-studio-specials-20th Century Fox Home Entertainment-All Fox Titles;;0;True;0;True
Fox TV;movies-tv-specialty-stores-custom-stores-dvd-custom-stores-studio-specials-20th Century Fox Home Entertainment-Fox TV;;0;True;0;True
Fox TV;movies-tv-specialty-stores-custom-stores-dvd-custom-stores-studio-specials-20th Century Fox Home Entertainment-Fox TV;;0;True;0;True
Kids & Family;movies-tv-specialty-stores-custom-stores-dvd-custom-stores-studio-specials-20th Century Fox Home Entertainment-Kids & Family;;0;True;0;True
Kids & Family;movies-tv-specialty-stores-custom-stores-dvd-custom-stores-studio-specials-20th Century Fox Home Entertainment-Kids & Family;;0;True;0;True
Musicals;movies-tv-specialty-stores-custom-stores-dvd-custom-stores-holidays-seasonal-Christmas-Musicals;;0;True;0;True
Musicals;movies-tv-specialty-stores-custom-stores-dvd-custom-stores-holidays-seasonal-Christmas-Musicals;;0;True;0;True
Science Fiction;movies-tv-specialty-stores-custom-stores-dvd-custom-stores-studio-specials-20th Century Fox Home Entertainment-Science Fiction;;0;True;0;True
Science Fiction;movies-tv-specialty-stores-custom-stores-dvd-custom-stores-studio-specials-20th Century Fox Home Entertainment-Science Fiction;;0;True;0;True
All Titles;movies-tv-specialty-stores-custom-stores-dvd-custom-stores-characters-series-Mary-Kate & Ashley for Kids & Family-All Titles;;0;True;0;True
All Lionsgate Titles;movies-tv-specialty-stores-custom-stores-dvd-custom-stores-studio-specials-Lionsgate Home Entertainment-All Lionsgate Titles;;0;True;0;True
Hallmark Home Video;movies-tv-specialty-stores-custom-stores-dvd-custom-stores-studio-specials-Lionsgate Home Entertainment-Hallmark Home Video;;0;True;0;True
Top Sellers;movies-tv-specialty-stores-custom-stores-dvd-custom-stores-studio-specials-Lionsgate Home Entertainment-Top Sellers;;0;True;0;True
All Titles;movies-tv-specialty-stores-custom-stores-dvd-custom-stores-characters-series-Mary-Kate & Ashley for Kids & Family-All Titles;;0;True;0;True
All Sci Fi Channel Shows;movies-tv-specialty-stores-custom-stores-dvd-custom-stores-studio-specials-Sci Fi Channel-All Sci Fi Channel Shows;;0;True;0;True
All Sony Pictures Titles;movies-tv-specialty-stores-custom-stores-dvd-custom-stores-studio-specials-Sony Pictures Home Entertainment-All Sony Pictures Titles;;0;True;0;True
All Sundance Titles;movies-tv-specialty-stores-custom-stores-dvd-custom-stores-studio-specials-Sundance Channel Home Entertainment-All Sundance Titles;;0;True;0;True
All Universal Studios Titles;movies-tv-specialty-stores-custom-stores-dvd-custom-stores-studio-specials-Universal Studios Home Entertainment-All Universal Studios Titles;;0;True;0;True
All Titles;movies-tv-specialty-stores-custom-stores-dvd-custom-stores-characters-series-Mary-Kate & Ashley for Kids & Family-All Titles;;0;True;0;True
Kids & Family;movies-tv-specialty-stores-custom-stores-dvd-custom-stores-studio-specials-20th Century Fox Home Entertainment-Kids & Family;;0;True;0;True
Disney Channel Original Movies;movies-tv-specialty-stores-custom-stores-dvd-custom-stores-walt-disney-studios-home-entertainment-Disney Channel-Disney Channel Original Movies;;0;True;0;True
Disney Channel Series;movies-tv-specialty-stores-custom-stores-dvd-custom-stores-walt-disney-studios-home-entertainment-Disney Channel-Disney Channel Series;;0;True;0;True
Adventures;movies-tv-specialty-stores-custom-stores-dvd-custom-stores-walt-disney-studios-home-entertainment-Live Action-Adventures;;0;True;0;True
All Titles;movies-tv-specialty-stores-custom-stores-dvd-custom-stores-characters-series-Mary-Kate & Ashley for Kids & Family-All Titles;;0;True;0;True
3-6 Years;movies-tv-specialty-stores-custom-stores-vhs-custom-stores-disney-home-video-By Age-3-6 Years;;0;True;0;True
Documentary;movies-tv-specialty-stores-custom-stores-vhs-custom-stores-formats-Widescreen-Documentary;;0;True;0;True
All Sony Pictures Titles;movies-tv-specialty-stores-custom-stores-dvd-custom-stores-studio-specials-Sony Pictures Home Entertainment-All Sony Pictures Titles;;0;True;0;True
Bass Drum Drumheads;musical-instruments-musical-?nstrument-accessories-drum-percussion-accessories-concert-percussion-accessories-concert-percussion-drum-accessories-Bass Drum Accessories-Bass Drum Drumheads;;0;True;0;True
Concert Snare Drum Stands;musical-instruments-musical-?nstrument-accessories-drum-percussion-accessories-concert-percussion-accessories-concert-percussion-drum-accessories-Snare Drum Accessories-Concert Snare Drum Stands;;0;True;0;True
Concert Snare Drumheads;musical-instruments-musical-?nstrument-accessories-drum-percussion-accessories-concert-percussion-accessories-concert-percussion-drum-accessories-Snare Drum Accessories-Concert Snare Drumheads;;0;True;0;True
Snare Drum Wire;musical-instruments-musical-?nstrument-accessories-drum-percussion-accessories-concert-percussion-accessories-concert-percussion-drum-accessories-Snare Drum Accessories-Snare Drum Wire;;0;True;0;True
Cymbal Boom Stands;musical-instruments-musical-?nstrument-accessories-drum-percussion-accessories-drum-set-accessories-drum-set-stands-Cymbal Stands-Cymbal Boom Stands;;0;True;0;True
Cymbal Hi-Hat Stands;musical-instruments-musical-?nstrument-accessories-drum-percussion-accessories-drum-set-accessories-drum-set-stands-Cymbal Stands-Cymbal Hi-Hat Stands;;0;True;0;True
Cymbal Straight Stands;musical-instruments-musical-?nstrument-accessories-drum-percussion-accessories-drum-set-accessories-drum-set-stands-Cymbal Stands-Cymbal Straight Stands;;0;True;0;True
Marching Bass Drum Carriers;musical-instruments-musical-?nstrument-accessories-drum-percussion-accessories-marching-percussion-accessories-marching-percussion-drum-accessories-Marching Bass Drum Accessories-Marching Bass Drum Carriers;;0;True;0;True
Lawn Mower Bearings;patio-lawn-garden-outdoor-power-lawn-equipment-outdoor-powertool-parts-accessories-mower-parts-accessories-lawn-mower-parts-Lawn Mower Bearings & Bushings-Lawn Mower Bearings;;0;True;0;True
Lawn Mower Bushings;patio-lawn-garden-outdoor-power-lawn-equipment-outdoor-powertool-parts-accessories-mower-parts-accessories-lawn-mower-parts-Lawn Mower Bearings & Bushings-Lawn Mower Bushings;;0;True;0;True
Lawn Mower Air Filters;patio-lawn-garden-outdoor-power-lawn-equipment-outdoor-powertool-parts-accessories-mower-parts-accessories-lawn-mower-parts-Lawn Mower Filters-Lawn Mower Air Filters;;0;True;0;True
Lawn Mower Oil Filters;patio-lawn-garden-outdoor-power-lawn-equipment-outdoor-powertool-parts-accessories-mower-parts-accessories-lawn-mower-parts-Lawn Mower Filters-Lawn Mower Oil Filters;;0;True;0;True
Lawn Mower Transmission Filters;patio-lawn-garden-outdoor-power-lawn-equipment-outdoor-powertool-parts-accessories-mower-parts-accessories-lawn-mower-parts-Lawn Mower Filters-Lawn Mower Transmission Filters;;0;True;0;True
Steven Raichlen Best of Barbecue;movies-tv-specialty-stores-custom-stores-patio-garden-brands-eastman-outdoors-Eastman Outdoors Lines-Steven Raichlen Best of Barbecue;;0;True;0;True
Barbecue Tools;movies-tv-specialty-stores-custom-stores-patio-garden-brands-the-companion-group-Charcoal Companion-Barbecue Tools;;0;True;0;True
Grill Brushes & Accessories;movies-tv-specialty-stores-custom-stores-patio-garden-brands-the-companion-group-Charcoal Companion-Grill Brushes & Accessories;;0;True;0;True
Boys Hiking & Outdoor Recreation Down Jackets;sports-outdoors-outdoor-recreation-camping-hiking-equipment-hiking-clothing-boys-hiking-clothing-Boys Hiking & Outdoor Recreation Jackets-Boys Hiking & Outdoor Recreation Down Jackets;;0;True;0;True
Boys Hiking & Outdoor Recreation Fleece Jackets;sports-outdoors-outdoor-recreation-camping-hiking-equipment-hiking-clothing-boys-hiking-clothing-Boys Hiking & Outdoor Recreation Jackets-Boys Hiking & Outdoor Recreation Fleece Jackets;;0;True;0;True
Boys Hiking & Outdoor Recreation Softshell Jackets;sports-outdoors-outdoor-recreation-camping-hiking-equipment-hiking-clothing-boys-hiking-clothing-Boys Hiking & Outdoor Recreation Jackets-Boys Hiking & Outdoor Recreation Softshell Jackets;;0;True;0;True
Boys Hiking & Outdoor Recreation Waterproof Jackets;sports-outdoors-outdoor-recreation-camping-hiking-equipment-hiking-clothing-boys-hiking-clothing-Boys Hiking & Outdoor Recreation Jackets-Boys Hiking & Outdoor Recreation Waterproof Jackets;;0;True;0;True
Girls Hiking & Outdoor Recreation Down Jackets;sports-outdoors-outdoor-recreation-camping-hiking-equipment-hiking-clothing-girls-hiking-clothing-Girls Hiking & Outdoor Recreation Jackets-Girls Hiking & Outdoor Recreation Down Jackets;;0;True;0;True
Girls Hiking & Outdoor Recreation Waterproof Jackets;sports-outdoors-outdoor-recreation-camping-hiking-equipment-hiking-clothing-girls-hiking-clothing-Girls Hiking & Outdoor Recreation Jackets-Girls Hiking & Outdoor Recreation Waterproof Jackets;;0;True;0;True
Mens Hiking & Outdoor Recreation Hats;sports-outdoors-outdoor-recreation-camping-hiking-equipment-hiking-clothing-mens-hiking-clothing-Mens Hiking & Outdoor Recreation Headwear-Mens Hiking & Outdoor Recreation Hats;;0;True;0;True
Mens Hiking & Outdoor Recreation Multifunctional Headwear;sports-outdoors-outdoor-recreation-camping-hiking-equipment-hiking-clothing-mens-hiking-clothing-Mens Hiking & Outdoor Recreation Headwear-Mens Hiking & Outdoor Recreation Multifunctional Headwear;;0;True;0;True
Mens Hiking & Outdoor Recreation 3-in-1 Jackets;sports-outdoors-outdoor-recreation-camping-hiking-equipment-hiking-clothing-mens-hiking-clothing-Mens Hiking & Outdoor Recreation Jackets-Mens Hiking & Outdoor Recreation 3-in-1 Jackets;;0;True;0;True
Mens Hiking & Outdoor Recreation Down Jackets;sports-outdoors-outdoor-recreation-camping-hiking-equipment-hiking-clothing-mens-hiking-clothing-Mens Hiking & Outdoor Recreation Jackets-Mens Hiking & Outdoor Recreation Down Jackets;;0;True;0;True
Mens Hiking & Outdoor Recreation Fleece Jackets;sports-outdoors-outdoor-recreation-camping-hiking-equipment-hiking-clothing-mens-hiking-clothing-Mens Hiking & Outdoor Recreation Jackets-Mens Hiking & Outdoor Recreation Fleece Jackets;;0;True;0;True
Mens Hiking & Outdoor Recreation Softshell Jackets;sports-outdoors-outdoor-recreation-camping-hiking-equipment-hiking-clothing-mens-hiking-clothing-Mens Hiking & Outdoor Recreation Jackets-Mens Hiking & Outdoor Recreation Softshell Jackets;;0;True;0;True
Mens Hiking & Outdoor Recreation Waterproof Jackets;sports-outdoors-outdoor-recreation-camping-hiking-equipment-hiking-clothing-mens-hiking-clothing-Mens Hiking & Outdoor Recreation Jackets-Mens Hiking & Outdoor Recreation Waterproof Jackets;;0;True;0;True
Womens Hiking & Outdoor Recreation Multifunctional Headwear;sports-outdoors-outdoor-recreation-camping-hiking-equipment-hiking-clothing-womens-hiking-clothing-Womens Hiking & Outdoor Recreation Headwear-Womens Hiking & Outdoor Recreation Multifunctional Headwear;;0;True;0;True
Womens Hiking & Outdoor Recreation 3-in-1 Jackets;sports-outdoors-outdoor-recreation-camping-hiking-equipment-hiking-clothing-womens-hiking-clothing-Womens Hiking & Outdoor Recreation Jackets-Womens Hiking & Outdoor Recreation 3-in-1 Jackets;;0;True;0;True
Womens Hiking & Outdoor Recreation Down Jackets;sports-outdoors-outdoor-recreation-camping-hiking-equipment-hiking-clothing-womens-hiking-clothing-Womens Hiking & Outdoor Recreation Jackets-Womens Hiking & Outdoor Recreation Down Jackets;;0;True;0;True
Womens Hiking & Outdoor Recreation Fleece Jackets;sports-outdoors-outdoor-recreation-camping-hiking-equipment-hiking-clothing-womens-hiking-clothing-Womens Hiking & Outdoor Recreation Jackets-Womens Hiking & Outdoor Recreation Fleece Jackets;;0;True;0;True
Womens Hiking & Outdoor Recreation Softshell Jackets;sports-outdoors-outdoor-recreation-camping-hiking-equipment-hiking-clothing-womens-hiking-clothing-Womens Hiking & Outdoor Recreation Jackets-Womens Hiking & Outdoor Recreation Softshell Jackets;;0;True;0;True
Womens Hiking & Outdoor Recreation Waterproof Jackets;sports-outdoors-outdoor-recreation-camping-hiking-equipment-hiking-clothing-womens-hiking-clothing-Womens Hiking & Outdoor Recreation Jackets-Womens Hiking & Outdoor Recreation Waterproof Jackets;;0;True;0;True
Bike Brake Cables & Housing;sports-outdoors-outdoor-recreation-cycling-equipment-bike-components-parts-bike-brakes-parts-Bike Brake Parts-Bike Brake Cables & Housing;;0;True;0;True
Bike Brake Calipers;sports-outdoors-outdoor-recreation-cycling-equipment-bike-components-parts-bike-brakes-parts-Bike Brake Parts-Bike Brake Calipers;;0;True;0;True
Bike Brake Hoses;sports-outdoors-outdoor-recreation-cycling-equipment-bike-components-parts-bike-brakes-parts-Bike Brake Parts-Bike Brake Hoses;;0;True;0;True
Bike Brake Levers;sports-outdoors-outdoor-recreation-cycling-equipment-bike-components-parts-bike-brakes-parts-Bike Brake Parts-Bike Brake Levers;;0;True;0;True
Bike Brake Mounts & Adapters;sports-outdoors-outdoor-recreation-cycling-equipment-bike-components-parts-bike-brakes-parts-Bike Brake Parts-Bike Brake Mounts & Adapters;;0;True;0;True
Bike Brake Pads;sports-outdoors-outdoor-recreation-cycling-equipment-bike-components-parts-bike-brakes-parts-Bike Brake Parts-Bike Brake Pads;;0;True;0;True
Bike Brake Rotors;sports-outdoors-outdoor-recreation-cycling-equipment-bike-components-parts-bike-brakes-parts-Bike Brake Parts-Bike Brake Rotors;;0;True;0;True
Bike Disc Brake Sets;sports-outdoors-outdoor-recreation-cycling-equipment-bike-components-parts-bike-brakes-parts-Bike Brakes-Bike Disc Brake Sets;;0;True;0;True
Bike Rim Brake Sets;sports-outdoors-outdoor-recreation-cycling-equipment-bike-components-parts-bike-brakes-parts-Bike Brakes-Bike Rim Brake Sets;;0;True;0;True
Front Bike Derailleurs;sports-outdoors-outdoor-recreation-cycling-equipment-bike-components-parts-bike-derailleurs-shifters-Bike Derailleurs-Front Bike Derailleurs;;0;True;0;True
Rear Bike Derailleurs;sports-outdoors-outdoor-recreation-cycling-equipment-bike-components-parts-bike-derailleurs-shifters-Bike Derailleurs-Rear Bike Derailleurs;;0;True;0;True
Bike Shift Cables & Housing;sports-outdoors-outdoor-recreation-cycling-equipment-bike-components-parts-bike-derailleurs-shifters-Bike Shifters & Parts-Bike Shift Cables & Housing;;0;True;0;True
Bike Shift Levers;sports-outdoors-outdoor-recreation-cycling-equipment-bike-components-parts-bike-derailleurs-shifters-Bike Shifters & Parts-Bike Shift Levers;;0;True;0;True
Bike Shifters;sports-outdoors-outdoor-recreation-cycling-equipment-bike-components-parts-bike-derailleurs-shifters-Bike Shifters & Parts-Bike Shifters;;0;True;0;True
Mens Cycling Bib Shorts;sports-outdoors-outdoor-recreation-cycling-equipment-cycling-clothing-mens-cycling-clothing-Mens Cycling Tights, Pants & Shorts-Mens Cycling Bib Shorts;;0;True;0;True
Mens Cycling Bib Tights;sports-outdoors-outdoor-recreation-cycling-equipment-cycling-clothing-mens-cycling-clothing-Mens Cycling Tights, Pants & Shorts-Mens Cycling Bib Tights;;0;True;0;True
Mens Cycling Shorts;sports-outdoors-outdoor-recreation-cycling-equipment-cycling-clothing-mens-cycling-clothing-Mens Cycling Tights, Pants & Shorts-Mens Cycling Shorts;;0;True;0;True
Mens Cycling Tights;sports-outdoors-outdoor-recreation-cycling-equipment-cycling-clothing-mens-cycling-clothing-Mens Cycling Tights, Pants & Shorts-Mens Cycling Tights;;0;True;0;True
Womens Cycling Capris;sports-outdoors-outdoor-recreation-cycling-equipment-cycling-clothing-womens-cycling-clothing-Womens Cycling Tights, Pants & Shorts-Womens Cycling Capris;;0;True;0;True
Womens Cycling Shorts;sports-outdoors-outdoor-recreation-cycling-equipment-cycling-clothing-womens-cycling-clothing-Womens Cycling Tights, Pants & Shorts-Womens Cycling Shorts;;0;True;0;True
Womens Cycling Tights;sports-outdoors-outdoor-recreation-cycling-equipment-cycling-clothing-womens-cycling-clothing-Womens Cycling Tights, Pants & Shorts-Womens Cycling Tights;;0;True;0;True
Full Wetsuits;books-sports-outdoors-water-sports-diving-snorkeling-equipment-diving-suits-Wetsuits-Full Wetsuits;;0;True;0;True
Shorty Wetsuits;books-sports-outdoors-water-sports-diving-snorkeling-equipment-diving-suits-Wetsuits-Shorty Wetsuits;;0;True;0;True
Sleeveless Wetsuits;books-sports-outdoors-water-sports-diving-snorkeling-equipment-diving-suits-Wetsuits-Sleeveless Wetsuits;;0;True;0;True
Wetsuit Pants;books-sports-outdoors-water-sports-diving-snorkeling-equipment-diving-suits-Wetsuits-Wetsuit Pants;;0;True;0;True
Wetsuit Tops;books-sports-outdoors-water-sports-diving-snorkeling-equipment-diving-suits-Wetsuits-Wetsuit Tops;;0;True;0;True
Mens Paddling Jackets;books-sports-outdoors-water-sports-kayaking-equipment-paddling-clothing-Mens Paddling Clothing-Mens Paddling Jackets;;0;True;0;True
Mens Paddling Pants;books-sports-outdoors-water-sports-kayaking-equipment-paddling-clothing-Mens Paddling Clothing-Mens Paddling Pants;;0;True;0;True
Womens Paddling Jackets;books-sports-outdoors-water-sports-kayaking-equipment-paddling-clothing-Womens Paddling Clothing-Womens Paddling Jackets;;0;True;0;True
Womens Paddling Pants;books-sports-outdoors-water-sports-kayaking-equipment-paddling-clothing-Womens Paddling Clothing-Womens Paddling Pants;;0;True;0;True
Girls Ice Skating Dresses;sports-outdoors-outdoor-recreation-winter-sports-equipment-?ce-skating-equipment-?ce-skating-clothing-Girls Ice Skating Clothing-Girls Ice Skating Dresses;;0;True;0;True
Girls Ice Skating Jackets;sports-outdoors-outdoor-recreation-winter-sports-equipment-?ce-skating-equipment-?ce-skating-clothing-Girls Ice Skating Clothing-Girls Ice Skating Jackets;;0;True;0;True
Girls Ice Skating Pants;sports-outdoors-outdoor-recreation-winter-sports-equipment-?ce-skating-equipment-?ce-skating-clothing-Girls Ice Skating Clothing-Girls Ice Skating Pants;;0;True;0;True
Womens Ice Skating Clothing Sets;sports-outdoors-outdoor-recreation-winter-sports-equipment-?ce-skating-equipment-?ce-skating-clothing-Womens Ice Skating Clothing-Womens Ice Skating Clothing Sets;;0;True;0;True
Womens Ice Skating Dresses;sports-outdoors-outdoor-recreation-winter-sports-equipment-?ce-skating-equipment-?ce-skating-clothing-Womens Ice Skating Clothing-Womens Ice Skating Dresses;;0;True;0;True
Womens Ice Skating Jackets;sports-outdoors-outdoor-recreation-winter-sports-equipment-?ce-skating-equipment-?ce-skating-clothing-Womens Ice Skating Clothing-Womens Ice Skating Jackets;;0;True;0;True
Womens Ice Skating Pants;sports-outdoors-outdoor-recreation-winter-sports-equipment-?ce-skating-equipment-?ce-skating-clothing-Womens Ice Skating Clothing-Womens Ice Skating Pants;;0;True;0;True
Boys Skiing & Snowboarding Gloves;sports-outdoors-outdoor-recreation-winter-sports-equipment-snow-skiing-equipment-ski-clothing-Boys Skiing Clothing-Boys Skiing & Snowboarding Gloves;;0;True;0;True
Boys Skiing & Snowboarding Socks;sports-outdoors-outdoor-recreation-winter-sports-equipment-snow-skiing-equipment-ski-clothing-Boys Skiing Clothing-Boys Skiing & Snowboarding Socks;;0;True;0;True
Boys Skiing Bibs;sports-outdoors-outdoor-recreation-winter-sports-equipment-snow-skiing-equipment-ski-clothing-Boys Skiing Clothing-Boys Skiing Bibs;;0;True;0;True
Boys Skiing Jackets;sports-outdoors-outdoor-recreation-winter-sports-equipment-snow-skiing-equipment-ski-clothing-Boys Skiing Clothing-Boys Skiing Jackets;;0;True;0;True
Boys Skiing Pants;sports-outdoors-outdoor-recreation-winter-sports-equipment-snow-skiing-equipment-ski-clothing-Boys Skiing Clothing-Boys Skiing Pants;;0;True;0;True
Girls Skiing & Snowboarding Gloves;sports-outdoors-outdoor-recreation-winter-sports-equipment-snow-skiing-equipment-ski-clothing-Girls Skiing Clothing-Girls Skiing & Snowboarding Gloves;;0;True;0;True
Girls Skiing Bibs;sports-outdoors-outdoor-recreation-winter-sports-equipment-snow-skiing-equipment-ski-clothing-Girls Skiing Clothing-Girls Skiing Bibs;;0;True;0;True
Girls Skiing Jackets;sports-outdoors-outdoor-recreation-winter-sports-equipment-snow-skiing-equipment-ski-clothing-Girls Skiing Clothing-Girls Skiing Jackets;;0;True;0;True
Girls Skiing Pants;sports-outdoors-outdoor-recreation-winter-sports-equipment-snow-skiing-equipment-ski-clothing-Girls Skiing Clothing-Girls Skiing Pants;;0;True;0;True
Mens Skiing & Snowboarding Gloves;sports-outdoors-outdoor-recreation-winter-sports-equipment-snow-skiing-equipment-ski-clothing-Mens Skiing Clothing-Mens Skiing & Snowboarding Gloves;;0;True;0;True
Mens Skiing & Snowboarding Socks;sports-outdoors-outdoor-recreation-winter-sports-equipment-snow-skiing-equipment-ski-clothing-Mens Skiing Clothing-Mens Skiing & Snowboarding Socks;;0;True;0;True
Mens Skiing Bibs;sports-outdoors-outdoor-recreation-winter-sports-equipment-snow-skiing-equipment-ski-clothing-Mens Skiing Clothing-Mens Skiing Bibs;;0;True;0;True
Mens Skiing Bibs & Pants;sports-outdoors-outdoor-recreation-winter-sports-equipment-snow-skiing-equipment-ski-clothing-Mens Skiing Clothing-Mens Skiing Bibs & Pants;;0;True;0;True
Mens Skiing Jackets;sports-outdoors-outdoor-recreation-winter-sports-equipment-snow-skiing-equipment-ski-clothing-Mens Skiing Clothing-Mens Skiing Jackets;;0;True;0;True
Mens Skiing Pants;sports-outdoors-outdoor-recreation-winter-sports-equipment-snow-skiing-equipment-ski-clothing-Mens Skiing Clothing-Mens Skiing Pants;;0;True;0;True
Womens Skiing & Snowboarding Gloves;sports-outdoors-outdoor-recreation-winter-sports-equipment-snow-skiing-equipment-ski-clothing-Womens Skiing Clothing-Womens Skiing & Snowboarding Gloves;;0;True;0;True
Womens Skiing & Snowboarding Socks;sports-outdoors-outdoor-recreation-winter-sports-equipment-snow-skiing-equipment-ski-clothing-Womens Skiing Clothing-Womens Skiing & Snowboarding Socks;;0;True;0;True
Womens Skiing Bibs;sports-outdoors-outdoor-recreation-winter-sports-equipment-snow-skiing-equipment-ski-clothing-Womens Skiing Clothing-Womens Skiing Bibs;;0;True;0;True
Womens Skiing Jackets;sports-outdoors-outdoor-recreation-winter-sports-equipment-snow-skiing-equipment-ski-clothing-Womens Skiing Clothing-Womens Skiing Jackets;;0;True;0;True
Womens Skiing Pants;sports-outdoors-outdoor-recreation-winter-sports-equipment-snow-skiing-equipment-ski-clothing-Womens Skiing Clothing-Womens Skiing Pants;;0;True;0;True
Boys Snowboarding Jackets;sports-outdoors-outdoor-recreation-winter-sports-equipment-snowboarding-equipment-snowboarding-clothing-Boys Snowboarding Clothing-Boys Snowboarding Jackets;;0;True;0;True
Boys Snowboarding Pants;sports-outdoors-outdoor-recreation-winter-sports-equipment-snowboarding-equipment-snowboarding-clothing-Boys Snowboarding Clothing-Boys Snowboarding Pants;;0;True;0;True
Mens Snowboarding Jackets;sports-outdoors-outdoor-recreation-winter-sports-equipment-snowboarding-equipment-snowboarding-clothing-Mens Snowboarding Clothing-Mens Snowboarding Jackets;;0;True;0;True
Mens Snowboarding Pants;sports-outdoors-outdoor-recreation-winter-sports-equipment-snowboarding-equipment-snowboarding-clothing-Mens Snowboarding Clothing-Mens Snowboarding Pants;;0;True;0;True
Womens Snowboarding Jackets;sports-outdoors-outdoor-recreation-winter-sports-equipment-snowboarding-equipment-snowboarding-clothing-Womens Snowboarding Clothing-Womens Snowboarding Jackets;;0;True;0;True
Womens Snowboarding Pants;sports-outdoors-outdoor-recreation-winter-sports-equipment-snowboarding-equipment-snowboarding-clothing-Womens Snowboarding Clothing-Womens Snowboarding Pants;;0;True;0;True
Boys Running Shorts;sports-outdoors-sports-fitness-exercise-fitness-equipment-running-equipment-running-clothing-Boys Running Clothing-Boys Running Shorts;;0;True;0;True
Boys Running Socks;sports-outdoors-sports-fitness-exercise-fitness-equipment-running-equipment-running-clothing-Boys Running Clothing-Boys Running Socks;;0;True;0;True
Girls Running Shorts;sports-outdoors-sports-fitness-exercise-fitness-equipment-running-equipment-running-clothing-Girls Running Clothing-Girls Running Shorts;;0;True;0;True
Mens Running Clothing Accessories;sports-outdoors-sports-fitness-exercise-fitness-equipment-running-equipment-running-clothing-Mens Running Clothing-Mens Running Clothing Accessories;;0;True;0;True
Mens Running Clothing Accessories;sports-outdoors-sports-fitness-exercise-fitness-equipment-running-equipment-running-clothing-Mens Running Clothing-Mens Running Clothing Accessories;;0;True;0;True
Mens Running Jackets;sports-outdoors-sports-fitness-exercise-fitness-equipment-running-equipment-running-clothing-Mens Running Clothing-Mens Running Jackets;;0;True;0;True
Mens Running Pants;sports-outdoors-sports-fitness-exercise-fitness-equipment-running-equipment-running-clothing-Mens Running Clothing-Mens Running Pants;;0;True;0;True
Mens Running Shirts;sports-outdoors-sports-fitness-exercise-fitness-equipment-running-equipment-running-clothing-Mens Running Clothing-Mens Running Shirts;;0;True;0;True
Mens Running Shorts;sports-outdoors-sports-fitness-exercise-fitness-equipment-running-equipment-running-clothing-Mens Running Clothing-Mens Running Shorts;;0;True;0;True
Mens Running Socks;sports-outdoors-sports-fitness-exercise-fitness-equipment-running-equipment-running-clothing-Mens Running Clothing-Mens Running Socks;;0;True;0;True
Mens Running Vests;sports-outdoors-sports-fitness-exercise-fitness-equipment-running-equipment-running-clothing-Mens Running Clothing-Mens Running Vests;;0;True;0;True
Womens Running Clothing Accessories;sports-outdoors-sports-fitness-exercise-fitness-equipment-running-equipment-running-clothing-Womens Running Clothing-Womens Running Clothing Accessories;;0;True;0;True
Womens Running Clothing Accessories;sports-outdoors-sports-fitness-exercise-fitness-equipment-running-equipment-running-clothing-Womens Running Clothing-Womens Running Clothing Accessories;;0;True;0;True
Womens Running Jackets;sports-outdoors-sports-fitness-exercise-fitness-equipment-running-equipment-running-clothing-Womens Running Clothing-Womens Running Jackets;;0;True;0;True
Womens Running Pants;sports-outdoors-sports-fitness-exercise-fitness-equipment-running-equipment-running-clothing-Womens Running Clothing-Womens Running Pants;;0;True;0;True
Womens Running Shirts;sports-outdoors-sports-fitness-exercise-fitness-equipment-running-equipment-running-clothing-Womens Running Clothing-Womens Running Shirts;;0;True;0;True
Womens Running Shorts;sports-outdoors-sports-fitness-exercise-fitness-equipment-running-equipment-running-clothing-Womens Running Clothing-Womens Running Shorts;;0;True;0;True
Womens Running Socks;sports-outdoors-sports-fitness-exercise-fitness-equipment-running-equipment-running-clothing-Womens Running Clothing-Womens Running Socks;;0;True;0;True
Mens Triathlon Skinsuits;sports-outdoors-sports-fitness-exercise-fitness-equipment-triathlon-equipment-triathlon-skinsuits-Mens Triathlon Skinsuits & Wetsuits-Mens Triathlon Skinsuits;;0;True;0;True
Mens Triathlon Wetsuits;sports-outdoors-sports-fitness-exercise-fitness-equipment-triathlon-equipment-triathlon-skinsuits-Mens Triathlon Skinsuits & Wetsuits-Mens Triathlon Wetsuits;;0;True;0;True
Womens Triathlon Skinsuits;sports-outdoors-sports-fitness-exercise-fitness-equipment-triathlon-equipment-triathlon-skinsuits-Womens Triathlon Skinsuits & Wetsuits-Womens Triathlon Skinsuits;;0;True;0;True
Womens Triathlon Wetsuits;sports-outdoors-sports-fitness-exercise-fitness-equipment-triathlon-equipment-triathlon-skinsuits-Womens Triathlon Skinsuits & Wetsuits-Womens Triathlon Wetsuits;;0;True;0;True
Girls Yoga Shirts;sports-outdoors-sports-fitness-exercise-fitness-equipment-yoga-equipment-yoga-clothing-Girls Yoga Clothing-Girls Yoga Shirts;;0;True;0;True
Girls Yoga Socks;sports-outdoors-sports-fitness-exercise-fitness-equipment-yoga-equipment-yoga-clothing-Girls Yoga Clothing-Girls Yoga Socks;;0;True;0;True
Mens Yoga Pants;sports-outdoors-sports-fitness-exercise-fitness-equipment-yoga-equipment-yoga-clothing-Mens Yoga Clothing-Mens Yoga Pants;;0;True;0;True
Mens Yoga Shirts;sports-outdoors-sports-fitness-exercise-fitness-equipment-yoga-equipment-yoga-clothing-Mens Yoga Clothing-Mens Yoga Shirts;;0;True;0;True
Mens Yoga Socks;sports-outdoors-sports-fitness-exercise-fitness-equipment-yoga-equipment-yoga-clothing-Mens Yoga Clothing-Mens Yoga Socks;;0;True;0;True
Womens Yoga Leggings;sports-outdoors-sports-fitness-exercise-fitness-equipment-yoga-equipment-yoga-clothing-Womens Yoga Clothing-Womens Yoga Leggings;;0;True;0;True
Womens Yoga Pants;sports-outdoors-sports-fitness-exercise-fitness-equipment-yoga-equipment-yoga-clothing-Womens Yoga Clothing-Womens Yoga Pants;;0;True;0;True
Womens Yoga Shirts;sports-outdoors-sports-fitness-exercise-fitness-equipment-yoga-equipment-yoga-clothing-Womens Yoga Clothing-Womens Yoga Shirts;;0;True;0;True
Womens Yoga Socks;sports-outdoors-sports-fitness-exercise-fitness-equipment-yoga-equipment-yoga-clothing-Womens Yoga Clothing-Womens Yoga Socks;;0;True;0;True
Mens Golf Belts;sports-outdoors-sports-fitness-golf-equipment-golf-clothing-mens-golf-clothing-Mens Golf Clothing Accessories-Mens Golf Belts;;0;True;0;True
Archery Finger Tabs;books-sports-outdoors-hunting-fishing-archery-equipment-archery-accessories-Archery Protective Gear-Archery Finger Tabs;;0;True;0;True
Archery Protective Arm Guards;books-sports-outdoors-hunting-fishing-archery-equipment-archery-accessories-Archery Protective Gear-Archery Protective Arm Guards;;0;True;0;True
Archery Protective Gloves;books-sports-outdoors-hunting-fishing-archery-equipment-archery-accessories-Archery Protective Gear-Archery Protective Gloves;;0;True;0;True
Archery Crossbow Bolts & Arrows;books-sports-outdoors-hunting-fishing-archery-equipment-archery-arrows-parts-Archery Arrows & Shafts-Archery Crossbow Bolts & Arrows;;0;True;0;True
Archery Hunting Arrows;books-sports-outdoors-hunting-fishing-archery-equipment-archery-arrows-parts-Archery Arrows & Shafts-Archery Hunting Arrows;;0;True;0;True
Archery Targeting Arrows;books-sports-outdoors-hunting-fishing-archery-equipment-archery-arrows-parts-Archery Arrows & Shafts-Archery Targeting Arrows;;0;True;0;True
Fishing Artificial Bait;books-sports-outdoors-hunting-fishing-fishing-equipment-fishing-lures,-baits-attractants-Fishing Baits & Scents-Fishing Artificial Bait;;0;True;0;True
Fishing Attractants;books-sports-outdoors-hunting-fishing-fishing-equipment-fishing-lures,-baits-attractants-Fishing Baits & Scents-Fishing Attractants;;0;True;0;True
Fishing Bait Eggs;books-sports-outdoors-hunting-fishing-fishing-equipment-fishing-lures,-baits-attractants-Fishing Baits & Scents-Fishing Bait Eggs;;0;True;0;True
Fishing Light Attractants;books-sports-outdoors-hunting-fishing-fishing-equipment-fishing-lures,-baits-attractants-Fishing Baits & Scents-Fishing Light Attractants;;0;True;0;True
Fishing Plugs;books-sports-outdoors-hunting-fishing-fishing-equipment-fishing-lures,-baits-attractants-Fishing Lures-Fishing Plugs;;0;True;0;True
Fishing Soft Plastic Lures;books-sports-outdoors-hunting-fishing-fishing-equipment-fishing-lures,-baits-attractants-Fishing Lures-Fishing Soft Plastic Lures;;0;True;0;True
Fishing Spinners & Spinnerbaits;books-sports-outdoors-hunting-fishing-fishing-equipment-fishing-lures,-baits-attractants-Fishing Lures-Fishing Spinners & Spinnerbaits;;0;True;0;True
Fishing Spoons;books-sports-outdoors-hunting-fishing-fishing-equipment-fishing-lures,-baits-attractants-Fishing Lures-Fishing Spoons;;0;True;0;True
Fishing Teasers;books-sports-outdoors-hunting-fishing-fishing-equipment-fishing-lures,-baits-attractants-Fishing Lures-Fishing Teasers;;0;True;0;True
Fishing Topwater Lures;books-sports-outdoors-hunting-fishing-fishing-equipment-fishing-lures,-baits-attractants-Fishing Lures-Fishing Topwater Lures;;0;True;0;True
Fishing Bait Rigs;books-sports-outdoors-hunting-fishing-fishing-equipment-fishing-lures,-baits-attractants-Fishing Rigs & Jigs-Fishing Bait Rigs;;0;True;0;True
Fishing Jigs;books-sports-outdoors-hunting-fishing-fishing-equipment-fishing-lures,-baits-attractants-Fishing Rigs & Jigs-Fishing Jigs;;0;True;0;True
Fly Fishing Dry Flies;books-sports-outdoors-hunting-fishing-fishing-equipment-fishing-lures,-baits-attractants-Fly Fishing Flies-Fly Fishing Dry Flies;;0;True;0;True
Fly Fishing Wet Flies;books-sports-outdoors-hunting-fishing-fishing-equipment-fishing-lures,-baits-attractants-Fly Fishing Flies-Fly Fishing Wet Flies;;0;True;0;True
Fishing Tackle Boxes;books-sports-outdoors-hunting-fishing-fishing-equipment-fishing-tackle-storage-Fishing Tackle Storage Boxes & Trays-Fishing Tackle Boxes;;0;True;0;True
Fishing Tackle Storage Trays;books-sports-outdoors-hunting-fishing-fishing-equipment-fishing-tackle-storage-Fishing Tackle Storage Boxes & Trays-Fishing Tackle Storage Trays;;0;True;0;True
Fishing Leader Rigging;books-sports-outdoors-hunting-fishing-fishing-equipment-fishing-tackle-Fishing Leaders & Leader Rigging-Fishing Leader Rigging;;0;True;0;True
Fishing Leaders;books-sports-outdoors-hunting-fishing-fishing-equipment-fishing-tackle-Fishing Leaders & Leader Rigging-Fishing Leaders;;0;True;0;True
Fly Boxes;books-sports-outdoors-hunting-fishing-fishing-equipment-fly-fishing-equipment-Fly Fishing Accessories-Fly Boxes;;0;True;0;True
Fly Fishing Leaders & Tippet Materials;books-sports-outdoors-hunting-fishing-fishing-equipment-fly-fishing-equipment-Fly Fishing Accessories-Fly Fishing Leaders & Tippet Materials;;0;True;0;True
Fly Fishing Tools;books-sports-outdoors-hunting-fishing-fishing-equipment-fly-fishing-equipment-Fly Fishing Accessories-Fly Fishing Tools;;0;True;0;True
Fly Fishing Tools;books-sports-outdoors-hunting-fishing-fishing-equipment-fly-fishing-equipment-Fly Fishing Accessories-Fly Fishing Tools;;0;True;0;True
Fly Fishing Tools;books-sports-outdoors-hunting-fishing-fishing-equipment-fly-fishing-equipment-Fly Fishing Accessories-Fly Fishing Tools;;0;True;0;True
Fly Fishing Tools;books-sports-outdoors-hunting-fishing-fishing-equipment-fly-fishing-equipment-Fly Fishing Accessories-Fly Fishing Tools;;0;True;0;True
Hunting Game Feed & Attractants;books-sports-outdoors-hunting-fishing-hunting-equipment-hunting-shooting-accessories-Hunting Game Feeders & Accessories-Hunting Game Feed & Attractants;;0;True;0;True
Hunting Game Feeder Parts & Accessories;books-sports-outdoors-hunting-fishing-hunting-equipment-hunting-shooting-accessories-Hunting Game Feeders & Accessories-Hunting Game Feeder Parts & Accessories;;0;True;0;True
Hunting Game Feeders;books-sports-outdoors-hunting-fishing-hunting-equipment-hunting-shooting-accessories-Hunting Game Feeders & Accessories-Hunting Game Feeders;;0;True;0;True
Fixed Blade Hunting Knives;books-sports-outdoors-hunting-fishing-hunting-equipment-hunting-tactical-knives-tools-Hunting Knives-Fixed Blade Hunting Knives;;0;True;0;True
Folding Hunting Knives;books-sports-outdoors-hunting-fishing-hunting-equipment-hunting-tactical-knives-tools-Hunting Knives-Folding Hunting Knives;;0;True;0;True
Hunting Knives, Axes & Saws;books-sports-outdoors-hunting-fishing-hunting-equipment-hunting-game-handling-Hunting Food Processing-Hunting Knives, Axes & Saws;;0;True;0;True
Air Gun Mounts;books-sports-outdoors-hunting-fishing-shooting-air-guns-accessories-Air Gun Tools & Accessories-Air Gun Mounts;;0;True;0;True
Air Gun Rails;books-sports-outdoors-hunting-fishing-shooting-air-guns-accessories-Air Gun Tools & Accessories-Air Gun Rails;;0;True;0;True
Air Gun Tools;books-sports-outdoors-hunting-fishing-shooting-air-guns-accessories-Air Gun Tools & Accessories-Air Gun Tools;;0;True;0;True
Air Pistols;books-sports-outdoors-hunting-fishing-shooting-air-guns-accessories-Air Guns-Air Pistols;;0;True;0;True
Air Rifles;books-sports-outdoors-hunting-fishing-shooting-air-guns-accessories-Air Guns-Air Rifles;;0;True;0;True
Ammunition & Magazine Boxes, Cans & Cases;books-sports-outdoors-hunting-fishing-shooting-gun-accessories,-maintenance-storage-Gun & Ammunition Storage & Safes-Ammunition & Magazine Boxes, Cans & Cases;;0;True;0;True
Ammunition & Magazine Pouches;books-sports-outdoors-hunting-fishing-shooting-gun-accessories,-maintenance-storage-Gun & Ammunition Storage & Safes-Ammunition & Magazine Pouches;;0;True;0;True
Gun Racks;books-sports-outdoors-hunting-fishing-shooting-gun-accessories,-maintenance-storage-Gun & Ammunition Storage & Safes-Gun Racks;;0;True;0;True
Gun Racks;books-sports-outdoors-hunting-fishing-shooting-gun-accessories,-maintenance-storage-Gun & Ammunition Storage & Safes-Gun Racks;;0;True;0;True
Gun Racks;books-sports-outdoors-hunting-fishing-shooting-gun-accessories,-maintenance-storage-Gun & Ammunition Storage & Safes-Gun Racks;;0;True;0;True
Gun Belts;books-sports-outdoors-hunting-fishing-shooting-gun-accessories,-maintenance-storage-Gun Holsters, Cases & Bags-Gun Belts;;0;True;0;True
Gun Holsters;books-sports-outdoors-hunting-fishing-shooting-gun-accessories,-maintenance-storage-Gun Holsters, Cases & Bags-Gun Holsters;;0;True;0;True
Gun Slings;books-sports-outdoors-hunting-fishing-shooting-gun-accessories,-maintenance-storage-Gun Holsters, Cases & Bags-Gun Slings;;0;True;0;True
Pistol Cases;books-sports-outdoors-hunting-fishing-shooting-gun-accessories,-maintenance-storage-Gun Holsters, Cases & Bags-Pistol Cases;;0;True;0;True
Pistol Cases;books-sports-outdoors-hunting-fishing-shooting-gun-accessories,-maintenance-storage-Gun Holsters, Cases & Bags-Pistol Cases;;0;True;0;True
Pistol Cases;books-sports-outdoors-hunting-fishing-shooting-gun-accessories,-maintenance-storage-Gun Holsters, Cases & Bags-Pistol Cases;;0;True;0;True
Rifle Cases;books-sports-outdoors-hunting-fishing-shooting-gun-accessories,-maintenance-storage-Gun Holsters, Cases & Bags-Rifle Cases;;0;True;0;True
Rifle Cases;books-sports-outdoors-hunting-fishing-shooting-gun-accessories,-maintenance-storage-Gun Holsters, Cases & Bags-Rifle Cases;;0;True;0;True
Rifle Cases;books-sports-outdoors-hunting-fishing-shooting-gun-accessories,-maintenance-storage-Gun Holsters, Cases & Bags-Rifle Cases;;0;True;0;True
Gun Brushes;books-sports-outdoors-hunting-fishing-shooting-gun-accessories,-maintenance-storage-Gun Maintenance-Gun Brushes;;0;True;0;True
Gun Cleaning Kits;books-sports-outdoors-hunting-fishing-shooting-gun-accessories,-maintenance-storage-Gun Maintenance-Gun Cleaning Kits;;0;True;0;True
Gun Cloths;books-sports-outdoors-hunting-fishing-shooting-gun-accessories,-maintenance-storage-Gun Maintenance-Gun Cloths;;0;True;0;True
Gun Jags;books-sports-outdoors-hunting-fishing-shooting-gun-accessories,-maintenance-storage-Gun Maintenance-Gun Jags;;0;True;0;True
Gun Lubrication;books-sports-outdoors-hunting-fishing-shooting-gun-accessories,-maintenance-storage-Gun Maintenance-Gun Lubrication;;0;True;0;True
Gun Snakes;books-sports-outdoors-hunting-fishing-shooting-gun-accessories,-maintenance-storage-Gun Maintenance-Gun Snakes;;0;True;0;True
Gun Solvents;books-sports-outdoors-hunting-fishing-shooting-gun-accessories,-maintenance-storage-Gun Maintenance-Gun Solvents;;0;True;0;True
Gunsmithing Tools;books-sports-outdoors-hunting-fishing-shooting-gun-accessories,-maintenance-storage-Gun Maintenance-Gunsmithing Tools;;0;True;0;True
Gun Locks;books-sports-outdoors-hunting-fishing-shooting-gun-accessories,-maintenance-storage-Gun Parts & Accessories-Gun Locks;;0;True;0;True
Gun Magazine Loaders;books-sports-outdoors-hunting-fishing-shooting-gun-accessories,-maintenance-storage-Gun Parts & Accessories-Gun Magazine Loaders;;0;True;0;True
Gun Sights;books-sports-outdoors-hunting-fishing-shooting-gun-accessories,-maintenance-storage-Gun Parts & Accessories-Gun Sights;;0;True;0;True
Gun Swivels;books-sports-outdoors-hunting-fishing-shooting-gun-accessories,-maintenance-storage-Gun Parts & Accessories-Gun Swivels;;0;True;0;True
Hunting & Shooting Gun Grips;books-sports-outdoors-hunting-fishing-shooting-gun-accessories,-maintenance-storage-Gun Parts & Accessories-Hunting & Shooting Gun Grips;;0;True;0;True
Hunting & Shooting Gun Holders;books-sports-outdoors-hunting-fishing-shooting-gun-accessories,-maintenance-storage-Gun Parts & Accessories-Hunting & Shooting Gun Holders;;0;True;0;True
Hunting & Shooting Gun Stock Accessories;books-sports-outdoors-hunting-fishing-shooting-gun-accessories,-maintenance-storage-Gun Parts & Accessories-Hunting & Shooting Gun Stock Accessories;;0;True;0;True
Hunting & Shooting Gun Stocks;books-sports-outdoors-hunting-fishing-shooting-gun-accessories,-maintenance-storage-Gun Parts & Accessories-Hunting & Shooting Gun Stocks;;0;True;0;True
Hunting Gun Monopods & Bipods;books-sports-outdoors-hunting-fishing-shooting-gun-accessories,-maintenance-storage-Gun Parts & Accessories-Hunting Gun Monopods & Bipods;;0;True;0;True
Recoil Pads;books-sports-outdoors-hunting-fishing-shooting-gun-accessories,-maintenance-storage-Gun Parts & Accessories-Recoil Pads;;0;True;0;True
Handgun Scopes;books-sports-outdoors-hunting-fishing-shooting-hunting-shooting-optics-Gun Scopes-Handgun Scopes;;0;True;0;True
Rifle Scopes;books-sports-outdoors-hunting-fishing-shooting-hunting-shooting-optics-Gun Scopes-Rifle Scopes;;0;True;0;True
Night Vision Binoculars & Goggles;books-sports-outdoors-hunting-fishing-shooting-hunting-shooting-optics-Hunting Night Vision-Night Vision Binoculars & Goggles;;0;True;0;True
Night Vision Monoculars;books-sports-outdoors-hunting-fishing-shooting-hunting-shooting-optics-Hunting Night Vision-Night Vision Monoculars;;0;True;0;True
Sporting Optics Mounts;books-sports-outdoors-hunting-fishing-shooting-hunting-shooting-optics-Sporting Optics Mounts & Rings-Sporting Optics Mounts;;0;True;0;True
Sporting Optics Rings;books-sports-outdoors-hunting-fishing-shooting-hunting-shooting-optics-Sporting Optics Mounts & Rings-Sporting Optics Rings;;0;True;0;True
Boys Bowling Shirts;sports-outdoors-sports-fitness-leisure-sports-games-equipment-bowling-equipment-bowling-clothing-Boys Bowling Clothing-Boys Bowling Shirts;;0;True;0;True
Mens Bowling Shirts;sports-outdoors-sports-fitness-leisure-sports-games-equipment-bowling-equipment-bowling-clothing-Mens Bowling Clothing-Mens Bowling Shirts;;0;True;0;True
Womens Bowling Shirts;sports-outdoors-sports-fitness-leisure-sports-games-equipment-bowling-equipment-bowling-clothing-Womens Bowling Clothing-Womens Bowling Shirts;;0;True;0;True
Poker Chip Cases;sports-outdoors-sports-fitness-leisure-sports-games-equipment-casino-equipment-poker-equipment-Poker Chip Cases & Trays-Poker Chip Cases;;0;True;0;True
Poker Chip Trays & Racks;sports-outdoors-sports-fitness-leisure-sports-games-equipment-casino-equipment-poker-equipment-Poker Chip Cases & Trays-Poker Chip Trays & Racks;;0;True;0;True
Disc Golf Bags;sports-outdoors-sports-fitness-leisure-sports-games-equipment-outdoor-games-activities-flying-disc-sports-equipment-Disc Golf Equipment-Disc Golf Bags;;0;True;0;True
Disc Golf Flying Discs;sports-outdoors-sports-fitness-leisure-sports-games-equipment-outdoor-games-activities-flying-disc-sports-equipment-Disc Golf Equipment-Disc Golf Flying Discs;;0;True;0;True
Disc Golf Flying Discs;sports-outdoors-sports-fitness-leisure-sports-games-equipment-outdoor-games-activities-flying-disc-sports-equipment-Disc Golf Equipment-Disc Golf Flying Discs;;0;True;0;True
Disc Golf Flying Discs;sports-outdoors-sports-fitness-leisure-sports-games-equipment-outdoor-games-activities-flying-disc-sports-equipment-Disc Golf Equipment-Disc Golf Flying Discs;;0;True;0;True
Disc Golf Flying Discs;sports-outdoors-sports-fitness-leisure-sports-games-equipment-outdoor-games-activities-flying-disc-sports-equipment-Disc Golf Equipment-Disc Golf Flying Discs;;0;True;0;True
Disc Golf Starter Kits;sports-outdoors-sports-fitness-leisure-sports-games-equipment-outdoor-games-activities-flying-disc-sports-equipment-Disc Golf Equipment-Disc Golf Starter Kits;;0;True;0;True
Disc Golf Targets;sports-outdoors-sports-fitness-leisure-sports-games-equipment-outdoor-games-activities-flying-disc-sports-equipment-Disc Golf Equipment-Disc Golf Targets;;0;True;0;True
Cornhole Bags;sports-outdoors-sports-fitness-leisure-sports-games-equipment-outdoor-games-activities-toss-games-Cornhole Games-Cornhole Bags;;0;True;0;True
Cornhole Boards;sports-outdoors-sports-fitness-leisure-sports-games-equipment-outdoor-games-activities-toss-games-Cornhole Games-Cornhole Boards;;0;True;0;True
Cornhole Sets;sports-outdoors-sports-fitness-leisure-sports-games-equipment-outdoor-games-activities-toss-games-Cornhole Games-Cornhole Sets;;0;True;0;True
Boys Dance Pants;sports-outdoors-sports-fitness-other-sports-types-ballet-dance-equipment-dance-apparel-Boys Dance Apparel-Boys Dance Pants;;0;True;0;True
Girls Dance Dresses;sports-outdoors-sports-fitness-other-sports-types-ballet-dance-equipment-dance-apparel-Girls Dance Apparel-Girls Dance Dresses;;0;True;0;True
Girls Dance Pants;sports-outdoors-sports-fitness-other-sports-types-ballet-dance-equipment-dance-apparel-Girls Dance Apparel-Girls Dance Pants;;0;True;0;True
Girls Dance Shorts;sports-outdoors-sports-fitness-other-sports-types-ballet-dance-equipment-dance-apparel-Girls Dance Apparel-Girls Dance Shorts;;0;True;0;True
Girls Dance Skirts;sports-outdoors-sports-fitness-other-sports-types-ballet-dance-equipment-dance-apparel-Girls Dance Apparel-Girls Dance Skirts;;0;True;0;True
Girls Dance Tights;sports-outdoors-sports-fitness-other-sports-types-ballet-dance-equipment-dance-apparel-Girls Dance Apparel-Girls Dance Tights;;0;True;0;True
Girls Dance Tops;sports-outdoors-sports-fitness-other-sports-types-ballet-dance-equipment-dance-apparel-Girls Dance Apparel-Girls Dance Tops;;0;True;0;True
Mens Dance Pants;sports-outdoors-sports-fitness-other-sports-types-ballet-dance-equipment-dance-apparel-Mens Dance Apparel-Mens Dance Pants;;0;True;0;True
Mens Dance Shirts;sports-outdoors-sports-fitness-other-sports-types-ballet-dance-equipment-dance-apparel-Mens Dance Apparel-Mens Dance Shirts;;0;True;0;True
Mens Dance Shorts;sports-outdoors-sports-fitness-other-sports-types-ballet-dance-equipment-dance-apparel-Mens Dance Apparel-Mens Dance Shorts;;0;True;0;True
Mens Dance Tights;sports-outdoors-sports-fitness-other-sports-types-ballet-dance-equipment-dance-apparel-Mens Dance Apparel-Mens Dance Tights;;0;True;0;True
Womens Dance Dresses;sports-outdoors-sports-fitness-other-sports-types-ballet-dance-equipment-dance-apparel-Womens Dance Clothing-Womens Dance Dresses;;0;True;0;True
Womens Dance Pants;sports-outdoors-sports-fitness-other-sports-types-ballet-dance-equipment-dance-apparel-Womens Dance Clothing-Womens Dance Pants;;0;True;0;True
Womens Dance Shorts;sports-outdoors-sports-fitness-other-sports-types-ballet-dance-equipment-dance-apparel-Womens Dance Clothing-Womens Dance Shorts;;0;True;0;True
Womens Dance Skirts;sports-outdoors-sports-fitness-other-sports-types-ballet-dance-equipment-dance-apparel-Womens Dance Clothing-Womens Dance Skirts;;0;True;0;True
Womens Dance Tights;sports-outdoors-sports-fitness-other-sports-types-ballet-dance-equipment-dance-apparel-Womens Dance Clothing-Womens Dance Tights;;0;True;0;True
Womens Dance Tops;sports-outdoors-sports-fitness-other-sports-types-ballet-dance-equipment-dance-apparel-Womens Dance Clothing-Womens Dance Tops;;0;True;0;True
Boys Boxing Trunks;sports-outdoors-sports-fitness-other-sports-types-boxing-equipment-boxing-clothing-Boys Boxing Clothing-Boys Boxing Trunks;;0;True;0;True
Mens Boxing Trunks;sports-outdoors-sports-fitness-other-sports-types-boxing-equipment-boxing-clothing-Mens Boxing Clothing-Mens Boxing Trunks;;0;True;0;True
Womens Boxing Trunks;sports-outdoors-sports-fitness-other-sports-types-boxing-equipment-boxing-clothing-Womens Boxing Clothing-Womens Boxing Trunks;;0;True;0;True
Kids Equestrian Breeches;sports-outdoors-sports-fitness-other-sports-types-equestrian-equipment-equestrian-clothing-Kids Equestrian Clothing-Kids Equestrian Breeches;;0;True;0;True
Kids Equestrian Shirts;sports-outdoors-sports-fitness-other-sports-types-equestrian-equipment-equestrian-clothing-Kids Equestrian Clothing-Kids Equestrian Shirts;;0;True;0;True
Kids Equestrian Tournament Jackets;sports-outdoors-sports-fitness-other-sports-types-equestrian-equipment-equestrian-clothing-Kids Equestrian Clothing-Kids Equestrian Tournament Jackets;;0;True;0;True
Mens  Equestrian Shirts;sports-outdoors-sports-fitness-other-sports-types-equestrian-equipment-equestrian-clothing-Mens Equestrian Clothing-Mens  Equestrian Shirts;;0;True;0;True
Mens Equestrian Breeches;sports-outdoors-sports-fitness-other-sports-types-equestrian-equipment-equestrian-clothing-Mens Equestrian Clothing-Mens Equestrian Breeches;;0;True;0;True
Womens  Equestrian Shirts;sports-outdoors-sports-fitness-other-sports-types-equestrian-equipment-equestrian-clothing-Womens Equestrian Clothing-Womens  Equestrian Shirts;;0;True;0;True
Womens Equestrian Breeches;sports-outdoors-sports-fitness-other-sports-types-equestrian-equipment-equestrian-clothing-Womens Equestrian Clothing-Womens Equestrian Breeches;;0;True;0;True
Equestrian Bridles;sports-outdoors-sports-fitness-other-sports-types-equestrian-equipment-equestrian-tack-Horse Bridles & Accessories-Equestrian Bridles;;0;True;0;True
Equestrian Headstalls;sports-outdoors-sports-fitness-other-sports-types-equestrian-equipment-equestrian-tack-Horse Bridles & Accessories-Equestrian Headstalls;;0;True;0;True
Equestrian Reins;sports-outdoors-sports-fitness-other-sports-types-equestrian-equipment-equestrian-tack-Horse Bridles & Accessories-Equestrian Reins;;0;True;0;True
Horse Halters;sports-outdoors-sports-fitness-other-sports-types-equestrian-equipment-equestrian-tack-Horse Halters & Leads-Horse Halters;;0;True;0;True
Horse Leads;sports-outdoors-sports-fitness-other-sports-types-equestrian-equipment-equestrian-tack-Horse Halters & Leads-Horse Leads;;0;True;0;True
Equestrian Breastplates, Breast Collars & Martingales;sports-outdoors-sports-fitness-other-sports-types-equestrian-equipment-equestrian-tack-Horse Saddles & Accessories-Equestrian Breastplates, Breast Collars & Martingales;;0;True;0;True
Equestrian Breastplates, Breast Collars & Martingales;sports-outdoors-sports-fitness-other-sports-types-equestrian-equipment-equestrian-tack-Horse Saddles & Accessories-Equestrian Breastplates, Breast Collars & Martingales;;0;True;0;True
Equestrian Breastplates, Breast Collars & Martingales;sports-outdoors-sports-fitness-other-sports-types-equestrian-equipment-equestrian-tack-Horse Saddles & Accessories-Equestrian Breastplates, Breast Collars & Martingales;;0;True;0;True
Equestrian Breastplates, Breast Collars & Martingales;sports-outdoors-sports-fitness-other-sports-types-equestrian-equipment-equestrian-tack-Horse Saddles & Accessories-Equestrian Breastplates, Breast Collars & Martingales;;0;True;0;True
Equestrian Girths;sports-outdoors-sports-fitness-other-sports-types-equestrian-equipment-equestrian-tack-Horse Saddles & Accessories-Equestrian Girths;;0;True;0;True
Equestrian Saddles;sports-outdoors-sports-fitness-other-sports-types-equestrian-equipment-equestrian-tack-Horse Saddles & Accessories-Equestrian Saddles;;0;True;0;True
Equestrian Stirrups;sports-outdoors-sports-fitness-other-sports-types-equestrian-equipment-equestrian-tack-Horse Saddles & Accessories-Equestrian Stirrups;;0;True;0;True
Horse Blankets & Saddle Pads;sports-outdoors-sports-fitness-other-sports-types-equestrian-equipment-equestrian-tack-Horse Saddles & Accessories-Horse Blankets & Saddle Pads;;0;True;0;True
Horse Blankets & Saddle Pads;sports-outdoors-sports-fitness-other-sports-types-equestrian-equipment-equestrian-tack-Horse Saddles & Accessories-Horse Blankets & Saddle Pads;;0;True;0;True
Horse Blankets & Saddle Pads;sports-outdoors-sports-fitness-other-sports-types-equestrian-equipment-equestrian-tack-Horse Saddles & Accessories-Horse Blankets & Saddle Pads;;0;True;0;True
Gymnastics Exercise Mats;sports-outdoors-sports-fitness-other-sports-types-gymnastics-equipment-gymnastics-mats-flooring-Gymnastics Mats-Gymnastics Exercise Mats;;0;True;0;True
Gymnastics Landing Mats;sports-outdoors-sports-fitness-other-sports-types-gymnastics-equipment-gymnastics-mats-flooring-Gymnastics Mats-Gymnastics Landing Mats;;0;True;0;True
Gymnastics Training Mats;sports-outdoors-sports-fitness-other-sports-types-gymnastics-equipment-gymnastics-mats-flooring-Gymnastics Mats-Gymnastics Training Mats;;0;True;0;True
Gymnastics Tumbling Mats;sports-outdoors-sports-fitness-other-sports-types-gymnastics-equipment-gymnastics-mats-flooring-Gymnastics Mats-Gymnastics Tumbling Mats;;0;True;0;True
Jiu-Jitsu Belts;sports-outdoors-sports-fitness-other-sports-types-martial-arts-equipment-martial-arts-clothing-Jiu-Jitsu Uniforms-Jiu-Jitsu Belts;;0;True;0;True
Jiu-Jitsu Uniform Bottoms;sports-outdoors-sports-fitness-other-sports-types-martial-arts-equipment-martial-arts-clothing-Jiu-Jitsu Uniforms-Jiu-Jitsu Uniform Bottoms;;0;True;0;True
Jiu-Jitsu Uniform Sets;sports-outdoors-sports-fitness-other-sports-types-martial-arts-equipment-martial-arts-clothing-Jiu-Jitsu Uniforms-Jiu-Jitsu Uniform Sets;;0;True;0;True
Jiu-Jitsu Uniform Tops;sports-outdoors-sports-fitness-other-sports-types-martial-arts-equipment-martial-arts-clothing-Jiu-Jitsu Uniforms-Jiu-Jitsu Uniform Tops;;0;True;0;True
Judo Suit Belts;sports-outdoors-sports-fitness-other-sports-types-martial-arts-equipment-martial-arts-clothing-Judo Uniforms-Judo Suit Belts;;0;True;0;True
Judo Suit Bottoms;sports-outdoors-sports-fitness-other-sports-types-martial-arts-equipment-martial-arts-clothing-Judo Uniforms-Judo Suit Bottoms;;0;True;0;True
Karate Belts;sports-outdoors-sports-fitness-other-sports-types-martial-arts-equipment-martial-arts-clothing-Karate Uniforms-Karate Belts;;0;True;0;True
Karate Uniform Bottoms;sports-outdoors-sports-fitness-other-sports-types-martial-arts-equipment-martial-arts-clothing-Karate Uniforms-Karate Uniform Bottoms;;0;True;0;True
Karate Uniform Sets;sports-outdoors-sports-fitness-other-sports-types-martial-arts-equipment-martial-arts-clothing-Karate Uniforms-Karate Uniform Sets;;0;True;0;True
Karate Uniform Tops;sports-outdoors-sports-fitness-other-sports-types-martial-arts-equipment-martial-arts-clothing-Karate Uniforms-Karate Uniform Tops;;0;True;0;True
Kung Fu & Tai Chi Uniform Bottoms;sports-outdoors-sports-fitness-other-sports-types-martial-arts-equipment-martial-arts-clothing-Kung Fu & Tai Chi Uniforms-Kung Fu & Tai Chi Uniform Bottoms;;0;True;0;True
Kung Fu & Tai Chi Uniform Sets;sports-outdoors-sports-fitness-other-sports-types-martial-arts-equipment-martial-arts-clothing-Kung Fu & Tai Chi Uniforms-Kung Fu & Tai Chi Uniform Sets;;0;True;0;True
Kung Fu & Tai Chi Uniform Tops;sports-outdoors-sports-fitness-other-sports-types-martial-arts-equipment-martial-arts-clothing-Kung Fu & Tai Chi Uniforms-Kung Fu & Tai Chi Uniform Tops;;0;True;0;True
Basketball Backboard Pads;sports-outdoors-sports-fitness-sports-accessories-field,-court,-gym-rink-equipment-basketball-court-equipment-Basketball Backboard Components-Basketball Backboard Pads;;0;True;0;True
Basketball Nets;sports-outdoors-sports-fitness-sports-accessories-field,-court,-gym-rink-equipment-basketball-court-equipment-Basketball Backboard Components-Basketball Nets;;0;True;0;True
Basketball Pole Pads;sports-outdoors-sports-fitness-sports-accessories-field,-court,-gym-rink-equipment-basketball-court-equipment-Basketball Backboard Components-Basketball Pole Pads;;0;True;0;True
Basketball Rims;sports-outdoors-sports-fitness-sports-accessories-field,-court,-gym-rink-equipment-basketball-court-equipment-Basketball Backboard Components-Basketball Rims;;0;True;0;True
Basketball In-Ground Hoops & Goals;sports-outdoors-sports-fitness-sports-accessories-field,-court,-gym-rink-equipment-basketball-court-equipment-Basketball Hoops & Goals-Basketball In-Ground Hoops & Goals;;0;True;0;True
Basketball Portable Hoops & Goals;sports-outdoors-sports-fitness-sports-accessories-field,-court,-gym-rink-equipment-basketball-court-equipment-Basketball Hoops & Goals-Basketball Portable Hoops & Goals;;0;True;0;True
Basketball Wall-Mount Hoops & Goals;sports-outdoors-sports-fitness-sports-accessories-field,-court,-gym-rink-equipment-basketball-court-equipment-Basketball Hoops & Goals-Basketball Wall-Mount Hoops & Goals;;0;True;0;True
Baseball & Softball Bases;sports-outdoors-sports-fitness-team-sports-baseball-equipment-baseball-softball-field-equipment-Baseball & Softball Bases & Pitching Rubbers-Baseball & Softball Bases;;0;True;0;True
Baseball & Softball Pitching Rubbers;sports-outdoors-sports-fitness-team-sports-baseball-equipment-baseball-softball-field-equipment-Baseball & Softball Bases & Pitching Rubbers-Baseball & Softball Pitching Rubbers;;0;True;0;True
Baseball & Softball Bat Grips & Grip Tape;sports-outdoors-sports-fitness-team-sports-baseball-equipment-baseball-accessories-Baseball & Softball Bat Accessories-Baseball & Softball Bat Grips & Grip Tape;;0;True;0;True
Baseball & Softball Bat Pine Tar;sports-outdoors-sports-fitness-team-sports-baseball-equipment-baseball-accessories-Baseball & Softball Bat Accessories-Baseball & Softball Bat Pine Tar;;0;True;0;True
Baseball & Softball Bat Racks;sports-outdoors-sports-fitness-team-sports-baseball-equipment-baseball-accessories-Baseball & Softball Bat Accessories-Baseball & Softball Bat Racks;;0;True;0;True
Baseball & Softball Batting Weights;sports-outdoors-sports-fitness-team-sports-baseball-equipment-baseball-accessories-Baseball & Softball Bat Accessories-Baseball & Softball Batting Weights;;0;True;0;True
Baseball & Softball Mitt Lace;sports-outdoors-sports-fitness-team-sports-baseball-equipment-baseball-accessories-Baseball & Softball Mitt Accessories-Baseball & Softball Mitt Lace;;0;True;0;True
Baseball & Softball Mitt Padding;sports-outdoors-sports-fitness-team-sports-baseball-equipment-baseball-accessories-Baseball & Softball Mitt Accessories-Baseball & Softball Mitt Padding;;0;True;0;True
Baseball & Softball Mitt Treatments;sports-outdoors-sports-fitness-team-sports-baseball-equipment-baseball-accessories-Baseball & Softball Mitt Accessories-Baseball & Softball Mitt Treatments;;0;True;0;True
Umpire Chest Protectors;sports-outdoors-sports-fitness-team-sports-baseball-equipment-baseball-accessories-Baseball & Softball Umpire Protection-Umpire Chest Protectors;;0;True;0;True
Umpire Masks;sports-outdoors-sports-fitness-team-sports-baseball-equipment-baseball-accessories-Baseball & Softball Umpire Protection-Umpire Masks;;0;True;0;True
Boys Baseball Jerseys;sports-outdoors-sports-fitness-team-sports-baseball-equipment-baseball-clothing-Boys Baseball Clothing-Boys Baseball Jerseys;;0;True;0;True
Boys Baseball Pants;sports-outdoors-sports-fitness-team-sports-baseball-equipment-baseball-clothing-Boys Baseball Clothing-Boys Baseball Pants;;0;True;0;True
Girls Baseball Jerseys;sports-outdoors-sports-fitness-team-sports-baseball-equipment-baseball-clothing-Girls Baseball Clothing-Girls Baseball Jerseys;;0;True;0;True
Baseball Stirrups;sports-outdoors-sports-fitness-team-sports-baseball-equipment-baseball-clothing-Mens Baseball Clothing-Baseball Stirrups;;0;True;0;True
Mens Baseball Jerseys;sports-outdoors-sports-fitness-team-sports-baseball-equipment-baseball-clothing-Mens Baseball Clothing-Mens Baseball Jerseys;;0;True;0;True
Mens Baseball Pants;sports-outdoors-sports-fitness-team-sports-baseball-equipment-baseball-clothing-Mens Baseball Clothing-Mens Baseball Pants;;0;True;0;True
Womens Baseball Jerseys;sports-outdoors-sports-fitness-team-sports-baseball-equipment-baseball-clothing-Womens Baseball Clothing-Womens Baseball Jerseys;;0;True;0;True
Womens Baseball Pants;sports-outdoors-sports-fitness-team-sports-baseball-equipment-baseball-clothing-Womens Baseball Clothing-Womens Baseball Pants;;0;True;0;True
Boys Basketball Jerseys;sports-outdoors-sports-fitness-team-sports-basketball-equipment-basketball-clothing-Boys Basketball Clothing-Boys Basketball Jerseys;;0;True;0;True
Girls Basketball Jerseys;sports-outdoors-sports-fitness-team-sports-basketball-equipment-basketball-clothing-Girls Basketball Clothing-Girls Basketball Jerseys;;0;True;0;True
Mens Basketball Jerseys;sports-outdoors-sports-fitness-team-sports-basketball-equipment-basketball-clothing-Mens Basketball Clothing-Mens Basketball Jerseys;;0;True;0;True
Womens Basketball Jerseys;sports-outdoors-sports-fitness-team-sports-basketball-equipment-basketball-clothing-Womens Basketball Clothing-Womens Basketball Jerseys;;0;True;0;True
Boys Football Jerseys;sports-outdoors-sports-fitness-team-sports-football-equipment-football-clothing-Boys Football Clothing-Boys Football Jerseys;;0;True;0;True
Boys Football Pants;sports-outdoors-sports-fitness-team-sports-football-equipment-football-clothing-Boys Football Clothing-Boys Football Pants;;0;True;0;True
Girls Football Pants;sports-outdoors-sports-fitness-team-sports-football-equipment-football-clothing-Girls Football Clothing-Girls Football Pants;;0;True;0;True
Mens Football Jerseys;sports-outdoors-sports-fitness-team-sports-football-equipment-football-clothing-Mens Football Clothing-Mens Football Jerseys;;0;True;0;True
Mens Football Pants;sports-outdoors-sports-fitness-team-sports-football-equipment-football-clothing-Mens Football Clothing-Mens Football Pants;;0;True;0;True
Womens Football Pants;sports-outdoors-sports-fitness-team-sports-football-equipment-football-clothing-Womens Football Clothing-Womens Football Pants;;0;True;0;True
Football Chin Straps;sports-outdoors-sports-fitness-team-sports-football-equipment-football-protective-gear-Football Helmets & Headgear-Football Chin Straps;;0;True;0;True
Football Facemasks;sports-outdoors-sports-fitness-team-sports-football-equipment-football-protective-gear-Football Helmets & Headgear-Football Facemasks;;0;True;0;True
Football Helmets;sports-outdoors-sports-fitness-team-sports-football-equipment-football-protective-gear-Football Helmets & Headgear-Football Helmets;;0;True;0;True
Football Girdles;sports-outdoors-sports-fitness-team-sports-football-equipment-football-protective-gear-Football Protective Padding-Football Girdles;;0;True;0;True
Football Hand & Arm Pads;sports-outdoors-sports-fitness-team-sports-football-equipment-football-protective-gear-Football Protective Padding-Football Hand & Arm Pads;;0;True;0;True
Football Hip & Tail Pads;sports-outdoors-sports-fitness-team-sports-football-equipment-football-protective-gear-Football Protective Padding-Football Hip & Tail Pads;;0;True;0;True
Football Neck Rolls;sports-outdoors-sports-fitness-team-sports-football-equipment-football-protective-gear-Football Protective Padding-Football Neck Rolls;;0;True;0;True
Football Rib Protectors;sports-outdoors-sports-fitness-team-sports-football-equipment-football-protective-gear-Football Protective Padding-Football Rib Protectors;;0;True;0;True
Football Shoulder Pads;sports-outdoors-sports-fitness-team-sports-football-equipment-football-protective-gear-Football Protective Padding-Football Shoulder Pads;;0;True;0;True
Football Thigh & Knee Pads;sports-outdoors-sports-fitness-team-sports-football-equipment-football-protective-gear-Football Protective Padding-Football Thigh & Knee Pads;;0;True;0;True
Boys Ice Hockey Jerseys;sports-outdoors-sports-fitness-team-sports-?ce-hockey-equipment-?ce-hockey-clothing-Boys Ice Hockey Clothing-Boys Ice Hockey Jerseys;;0;True;0;True
Mens Ice Hockey Jerseys;sports-outdoors-sports-fitness-team-sports-?ce-hockey-equipment-?ce-hockey-clothing-Mens Ice Hockey Clothing-Mens Ice Hockey Jerseys;;0;True;0;True
Mens Ice Hockey Shorts;sports-outdoors-sports-fitness-team-sports-?ce-hockey-equipment-?ce-hockey-clothing-Mens Ice Hockey Clothing-Mens Ice Hockey Shorts;;0;True;0;True
Mens Ice Hockey Socks;sports-outdoors-sports-fitness-team-sports-?ce-hockey-equipment-?ce-hockey-clothing-Mens Ice Hockey Clothing-Mens Ice Hockey Socks;;0;True;0;True
Womens Ice Hockey Shorts;sports-outdoors-sports-fitness-team-sports-?ce-hockey-equipment-?ce-hockey-clothing-Womens Ice Hockey Clothing-Womens Ice Hockey Shorts;;0;True;0;True
Ice Hockey Goalkeeper Blockers;sports-outdoors-sports-fitness-team-sports-?ce-hockey-equipment-?ce-hockey-player-equipment-Ice Hockey Goalkeeper Equipment-Ice Hockey Goalkeeper Blockers;;0;True;0;True
Ice Hockey Goalkeeper Masks;sports-outdoors-sports-fitness-team-sports-?ce-hockey-equipment-?ce-hockey-player-equipment-Ice Hockey Goalkeeper Equipment-Ice Hockey Goalkeeper Masks;;0;True;0;True
Ice Hockey Goalkeeper Sticks;sports-outdoors-sports-fitness-team-sports-?ce-hockey-equipment-?ce-hockey-player-equipment-Ice Hockey Goalkeeper Equipment-Ice Hockey Goalkeeper Sticks;;0;True;0;True
Lacrosse Field Player Gloves;sports-outdoors-sports-fitness-team-sports-lacrosse-equipment-lacrosse-player-equipment-Lacrosse Gloves-Lacrosse Field Player Gloves;;0;True;0;True
Lacrosse Goalkeeper Gloves;sports-outdoors-sports-fitness-team-sports-lacrosse-equipment-lacrosse-player-equipment-Lacrosse Gloves-Lacrosse Goalkeeper Gloves;;0;True;0;True
Strung Lacrosse Stick Heads;sports-outdoors-sports-fitness-team-sports-lacrosse-equipment-lacrosse-player-equipment-Lacrosse Heads-Strung Lacrosse Stick Heads;;0;True;0;True
Unstrung Lacrosse Stick Heads;sports-outdoors-sports-fitness-team-sports-lacrosse-equipment-lacrosse-player-equipment-Lacrosse Heads-Unstrung Lacrosse Stick Heads;;0;True;0;True
Attackers Lacrosse Shafts;sports-outdoors-sports-fitness-team-sports-lacrosse-equipment-lacrosse-player-equipment-Lacrosse Shafts-Attackers Lacrosse Shafts;;0;True;0;True
Defenses Lacrosse Shafts;sports-outdoors-sports-fitness-team-sports-lacrosse-equipment-lacrosse-player-equipment-Lacrosse Shafts-Defenses Lacrosse Shafts;;0;True;0;True
Boys Cheerleading Clothing;sports-outdoors-sports-fitness-team-sports-other-team-sports-cheerleading-equipment-Cheerleading Apparel-Boys Cheerleading Clothing;;0;True;0;True
Girls Cheerleading Apparel;sports-outdoors-sports-fitness-team-sports-other-team-sports-cheerleading-equipment-Cheerleading Apparel-Girls Cheerleading Apparel;;0;True;0;True
Girls Cheerleading Apparel;sports-outdoors-sports-fitness-team-sports-other-team-sports-cheerleading-equipment-Cheerleading Apparel-Girls Cheerleading Apparel;;0;True;0;True
Girls Cheerleading Apparel;sports-outdoors-sports-fitness-team-sports-other-team-sports-cheerleading-equipment-Cheerleading Apparel-Girls Cheerleading Apparel;;0;True;0;True
Mens Cheerleading Clothing;sports-outdoors-sports-fitness-team-sports-other-team-sports-cheerleading-equipment-Cheerleading Apparel-Mens Cheerleading Clothing;;0;True;0;True
Womens Cheerleading Apparel;sports-outdoors-sports-fitness-team-sports-other-team-sports-cheerleading-equipment-Cheerleading Apparel-Womens Cheerleading Apparel;;0;True;0;True
Womens Cheerleading Apparel;sports-outdoors-sports-fitness-team-sports-other-team-sports-cheerleading-equipment-Cheerleading Apparel-Womens Cheerleading Apparel;;0;True;0;True
Womens Cheerleading Apparel;sports-outdoors-sports-fitness-team-sports-other-team-sports-cheerleading-equipment-Cheerleading Apparel-Womens Cheerleading Apparel;;0;True;0;True
Womens Cheerleading Apparel;sports-outdoors-sports-fitness-team-sports-other-team-sports-cheerleading-equipment-Cheerleading Apparel-Womens Cheerleading Apparel;;0;True;0;True
Womens Cheerleading Apparel;sports-outdoors-sports-fitness-team-sports-other-team-sports-cheerleading-equipment-Cheerleading Apparel-Womens Cheerleading Apparel;;0;True;0;True
Boys Cricket Clothing;sports-outdoors-sports-fitness-team-sports-other-team-sports-cricket-equipment-Cricket Clothing-Boys Cricket Clothing;;0;True;0;True
Mens Cricket Clothing;sports-outdoors-sports-fitness-team-sports-other-team-sports-cricket-equipment-Cricket Clothing-Mens Cricket Clothing;;0;True;0;True
Mens Cricket Clothing;sports-outdoors-sports-fitness-team-sports-other-team-sports-cricket-equipment-Cricket Clothing-Mens Cricket Clothing;;0;True;0;True
Womens Cricket Clothing;sports-outdoors-sports-fitness-team-sports-other-team-sports-cricket-equipment-Cricket Clothing-Womens Cricket Clothing;;0;True;0;True
Womens Cricket Clothing;sports-outdoors-sports-fitness-team-sports-other-team-sports-cricket-equipment-Cricket Clothing-Womens Cricket Clothing;;0;True;0;True
Womens Cricket Clothing;sports-outdoors-sports-fitness-team-sports-other-team-sports-cricket-equipment-Cricket Clothing-Womens Cricket Clothing;;0;True;0;True
Cricket Inner Gloves;sports-outdoors-sports-fitness-team-sports-other-team-sports-cricket-equipment-Cricket Gloves-Cricket Inner Gloves;;0;True;0;True
Cricket Batting Pads;sports-outdoors-sports-fitness-team-sports-other-team-sports-cricket-equipment-Cricket Protective Gear-Cricket Batting Pads;;0;True;0;True
Field Hockey Gloves;sports-outdoors-sports-fitness-team-sports-other-team-sports-field-hockey-equipment-Field Hockey Player Equipment-Field Hockey Gloves;;0;True;0;True
Field Hockey Sticks;sports-outdoors-sports-fitness-team-sports-other-team-sports-field-hockey-equipment-Field Hockey Player Equipment-Field Hockey Sticks;;0;True;0;True
Field Hockey Goalkeeper Helmets;sports-outdoors-sports-fitness-team-sports-other-team-sports-field-hockey-equipment-Field Hockey Protective Gear-Field Hockey Goalkeeper Helmets;;0;True;0;True
Field Hockey Shin Guards;sports-outdoors-sports-fitness-team-sports-other-team-sports-field-hockey-equipment-Field Hockey Protective Gear-Field Hockey Shin Guards;;0;True;0;True
Mens Rugby Clothing;sports-outdoors-sports-fitness-team-sports-other-team-sports-rugby-equipment-Rugby Clothing-Mens Rugby Clothing;;0;True;0;True
Mens Rugby Clothing;sports-outdoors-sports-fitness-team-sports-other-team-sports-rugby-equipment-Rugby Clothing-Mens Rugby Clothing;;0;True;0;True
Womens Rugby Clothing;sports-outdoors-sports-fitness-team-sports-other-team-sports-rugby-equipment-Rugby Clothing-Womens Rugby Clothing;;0;True;0;True
Womens Rugby Clothing;sports-outdoors-sports-fitness-team-sports-other-team-sports-rugby-equipment-Rugby Clothing-Womens Rugby Clothing;;0;True;0;True
Rugby Headguards;sports-outdoors-sports-fitness-team-sports-other-team-sports-rugby-equipment-Rugby Protective Gear-Rugby Headguards;;0;True;0;True
Rugby Shoulder Protectors;sports-outdoors-sports-fitness-team-sports-other-team-sports-rugby-equipment-Rugby Protective Gear-Rugby Shoulder Protectors;;0;True;0;True
Track & Field Equipment Carts;sports-outdoors-sports-fitness-team-sports-other-team-sports-track-field-equipment-Track & Field Equipment Accessories-Track & Field Equipment Carts;;0;True;0;True
Track & Field Lap Counters;sports-outdoors-sports-fitness-team-sports-other-team-sports-track-field-equipment-Track & Field Equipment Accessories-Track & Field Lap Counters;;0;True;0;True
Track & Field High Jump Standards;sports-outdoors-sports-fitness-team-sports-other-team-sports-track-field-equipment-Track & Field Jumping Equipment-Track & Field High Jump Standards;;0;True;0;True
Track & Field Jumping Landing Pads;sports-outdoors-sports-fitness-team-sports-other-team-sports-track-field-equipment-Track & Field Jumping Equipment-Track & Field Jumping Landing Pads;;0;True;0;True
Track & Field Pole Vault Poles;sports-outdoors-sports-fitness-team-sports-other-team-sports-track-field-equipment-Track & Field Jumping Equipment-Track & Field Pole Vault Poles;;0;True;0;True
Track & Field Competitor Numbers;sports-outdoors-sports-fitness-team-sports-other-team-sports-track-field-equipment-Track & Field Meet Equipment-Track & Field Competitor Numbers;;0;True;0;True
Track & Field Markers;sports-outdoors-sports-fitness-team-sports-other-team-sports-track-field-equipment-Track & Field Meet Equipment-Track & Field Markers;;0;True;0;True
Track & Field Discuses;sports-outdoors-sports-fitness-team-sports-other-team-sports-track-field-equipment-Track & Field Throwing Equipment-Track & Field Discuses;;0;True;0;True
Track & Field Hammer & Weight Throws;sports-outdoors-sports-fitness-team-sports-other-team-sports-track-field-equipment-Track & Field Throwing Equipment-Track & Field Hammer & Weight Throws;;0;True;0;True
Track & Field Javelins;sports-outdoors-sports-fitness-team-sports-other-team-sports-track-field-equipment-Track & Field Throwing Equipment-Track & Field Javelins;;0;True;0;True
Track & Field Shots;sports-outdoors-sports-fitness-team-sports-other-team-sports-track-field-equipment-Track & Field Throwing Equipment-Track & Field Shots;;0;True;0;True
Track & Field Batons;sports-outdoors-sports-fitness-team-sports-other-team-sports-track-field-equipment-Track Equipment-Track & Field Batons;;0;True;0;True
Track & Field Hurdles;sports-outdoors-sports-fitness-team-sports-other-team-sports-track-field-equipment-Track Equipment-Track & Field Hurdles;;0;True;0;True
Track & Field Starter Pistols;sports-outdoors-sports-fitness-team-sports-other-team-sports-track-field-equipment-Track Equipment-Track & Field Starter Pistols;;0;True;0;True
Track & Field Starting Blocks;sports-outdoors-sports-fitness-team-sports-other-team-sports-track-field-equipment-Track Equipment-Track & Field Starting Blocks;;0;True;0;True
Wrestling Knee Pads;sports-outdoors-sports-fitness-team-sports-other-team-sports-wrestling-equipment-Wrestling Protective Gear-Wrestling Knee Pads;;0;True;0;True
Wrestling Protective Headgear;sports-outdoors-sports-fitness-team-sports-other-team-sports-wrestling-equipment-Wrestling Protective Gear-Wrestling Protective Headgear;;0;True;0;True
Boys Soccer Jerseys;sports-outdoors-sports-fitness-team-sports-soccer-equipment-soccer-clothing-Boys Soccer Clothing-Boys Soccer Jerseys;;0;True;0;True
Girls Soccer Jerseys;sports-outdoors-sports-fitness-team-sports-soccer-equipment-soccer-clothing-Girls Soccer Clothing-Girls Soccer Jerseys;;0;True;0;True
Mens Soccer Jerseys;sports-outdoors-sports-fitness-team-sports-soccer-equipment-soccer-clothing-Mens Soccer Clothing-Mens Soccer Jerseys;;0;True;0;True
Mens Soccer Tracksuits, Jackets & Pants;sports-outdoors-sports-fitness-team-sports-soccer-equipment-soccer-clothing-Mens Soccer Clothing-Mens Soccer Tracksuits, Jackets & Pants;;0;True;0;True
Womens Soccer Jerseys;sports-outdoors-sports-fitness-team-sports-soccer-equipment-soccer-clothing-Womens Soccer Clothing-Womens Soccer Jerseys;;0;True;0;True
Boys Softball Jerseys;sports-outdoors-sports-fitness-team-sports-softball-equipment-softball-clothing-Boys Softball Clothing-Boys Softball Jerseys;;0;True;0;True
Girls Softball Jerseys;sports-outdoors-sports-fitness-team-sports-softball-equipment-softball-clothing-Girls Softball Clothing-Girls Softball Jerseys;;0;True;0;True
Girls Softball Pants;sports-outdoors-sports-fitness-team-sports-softball-equipment-softball-clothing-Girls Softball Clothing-Girls Softball Pants;;0;True;0;True
Mens Softball Jerseys;sports-outdoors-sports-fitness-team-sports-softball-equipment-softball-clothing-Mens Softball Clothing-Mens Softball Jerseys;;0;True;0;True
Mens Softball Pants;sports-outdoors-sports-fitness-team-sports-softball-equipment-softball-clothing-Mens Softball Clothing-Mens Softball Pants;;0;True;0;True
Womens Softball Jerseys;sports-outdoors-sports-fitness-team-sports-softball-equipment-softball-clothing-Womens Softball Clothing-Womens Softball Jerseys;;0;True;0;True
Womens Softball Pants;sports-outdoors-sports-fitness-team-sports-softball-equipment-softball-clothing-Womens Softball Clothing-Womens Softball Pants;;0;True;0;True
Girls Volleyball Jerseys;sports-outdoors-sports-fitness-team-sports-volleyball-equipment-volleyball-clothing-Girls Volleyball Clothing-Girls Volleyball Jerseys;;0;True;0;True
Mens Volleyball Jerseys;sports-outdoors-sports-fitness-team-sports-volleyball-equipment-volleyball-clothing-Mens Volleyball Clothing-Mens Volleyball Jerseys;;0;True;0;True
Womens Volleyball Jerseys;sports-outdoors-sports-fitness-team-sports-volleyball-equipment-volleyball-clothing-Womens Volleyball Clothing-Womens Volleyball Jerseys;;0;True;0;True
Girls Tennis Dresses;sports-outdoors-sports-fitness-tennis-racquet-sport-equipment-tennis-equipment-tennis-clothing-Girls Tennis Clothing-Girls Tennis Dresses;;0;True;0;True
Girls Tennis Shirts;sports-outdoors-sports-fitness-tennis-racquet-sport-equipment-tennis-equipment-tennis-clothing-Girls Tennis Clothing-Girls Tennis Shirts;;0;True;0;True
Mens Tennis Shirts;sports-outdoors-sports-fitness-tennis-racquet-sport-equipment-tennis-equipment-tennis-clothing-Mens Tennis Clothing-Mens Tennis Shirts;;0;True;0;True
Mens Tennis Shorts;sports-outdoors-sports-fitness-tennis-racquet-sport-equipment-tennis-equipment-tennis-clothing-Mens Tennis Clothing-Mens Tennis Shorts;;0;True;0;True
Womens Tennis Dresses;sports-outdoors-sports-fitness-tennis-racquet-sport-equipment-tennis-equipment-tennis-clothing-Womens Tennis Clothing-Womens Tennis Dresses;;0;True;0;True
Womens Tennis Shirts;sports-outdoors-sports-fitness-tennis-racquet-sport-equipment-tennis-equipment-tennis-clothing-Womens Tennis Clothing-Womens Tennis Shirts;;0;True;0;True
Womens Tennis Shorts;sports-outdoors-sports-fitness-tennis-racquet-sport-equipment-tennis-equipment-tennis-clothing-Womens Tennis Clothing-Womens Tennis Shorts;;0;True;0;True
Womens Tennis Skirts;sports-outdoors-sports-fitness-tennis-racquet-sport-equipment-tennis-equipment-tennis-clothing-Womens Tennis Clothing-Womens Tennis Skirts;;0;True;0;True
Womens Tennis Skirts & Skorts;sports-outdoors-sports-fitness-tennis-racquet-sport-equipment-tennis-equipment-tennis-clothing-Womens Tennis Clothing-Womens Tennis Skirts & Skorts;;0;True;0;True
Womens Tennis Skorts;sports-outdoors-sports-fitness-tennis-racquet-sport-equipment-tennis-equipment-tennis-clothing-Womens Tennis Clothing-Womens Tennis Skorts;;0;True;0;True
Racket String;sports-outdoors-sports-fitness-tennis-racquet-sport-equipment-tennis-equipment-tennis-equipment-accessories-Tennis Racquet Accessories-Racket String;;0;True;0;True
Tennis Racket Covers;sports-outdoors-sports-fitness-tennis-racquet-sport-equipment-tennis-equipment-tennis-equipment-accessories-Tennis Racquet Accessories-Tennis Racket Covers;;0;True;0;True
Tennis Racket Grips;sports-outdoors-sports-fitness-tennis-racquet-sport-equipment-tennis-equipment-tennis-equipment-accessories-Tennis Racquet Accessories-Tennis Racket Grips;;0;True;0;True
Tennis Vibration Dampeners;sports-outdoors-sports-fitness-tennis-racquet-sport-equipment-tennis-equipment-tennis-equipment-accessories-Tennis Racquet Accessories-Tennis Vibration Dampeners;;0;True;0;True
Decking Caps;tools-home-improvement-building-supplies-building-materials-decking-fencing-fencing-railings-pickets-Decking Posts & Accessories-Decking Caps;;0;True;0;True
Decking Posts;tools-home-improvement-building-supplies-building-materials-decking-fencing-fencing-railings-pickets-Decking Posts & Accessories-Decking Posts;;0;True;0;True
Decking Sleeves, Wraps & Trim;tools-home-improvement-building-supplies-building-materials-decking-fencing-fencing-railings-pickets-Decking Posts & Accessories-Decking Sleeves, Wraps & Trim;;0;True;0;True
Garage Door Gears;tools-home-improvement-building-supplies-building-materials-household-doors-garage-doors,-openers-parts-Garage Door Hardware-Garage Door Gears;;0;True;0;True
Garage Door Locks;tools-home-improvement-building-supplies-building-materials-household-doors-garage-doors,-openers-parts-Garage Door Hardware-Garage Door Locks;;0;True;0;True
Garage Door Rollers;tools-home-improvement-building-supplies-building-materials-household-doors-garage-doors,-openers-parts-Garage Door Hardware-Garage Door Rollers;;0;True;0;True
Garage Door Sensors;tools-home-improvement-building-supplies-building-materials-household-doors-garage-doors,-openers-parts-Garage Door Hardware-Garage Door Sensors;;0;True;0;True
Garage Door Springs & Wires;tools-home-improvement-building-supplies-building-materials-household-doors-garage-doors,-openers-parts-Garage Door Hardware-Garage Door Springs & Wires;;0;True;0;True
Garage Opener Circuit Boards;tools-home-improvement-building-supplies-building-materials-household-doors-garage-doors,-openers-parts-Garage Door Hardware-Garage Opener Circuit Boards;;0;True;0;True
Masonry Drill Bit Sets;tools-home-improvement-power-tools-hand-tools-power-tool-parts-accessories-power-drill-parts-accessories-drill-bits-Masonry Drill Bits-Masonry Drill Bit Sets;;0;True;0;True
Rotary Hammer Drill Bits;tools-home-improvement-power-tools-hand-tools-power-tool-parts-accessories-power-drill-parts-accessories-drill-bits-Masonry Drill Bits-Rotary Hammer Drill Bits;;0;True;0;True
Extra Long Drill Bits;tools-home-improvement-power-tools-hand-tools-power-tool-parts-accessories-power-drill-parts-accessories-drill-bits-Twist Drill Bits-Extra Long Drill Bits;;0;True;0;True
Hex-Shank Drill Bits;tools-home-improvement-power-tools-hand-tools-power-tool-parts-accessories-power-drill-parts-accessories-drill-bits-Twist Drill Bits-Hex-Shank Drill Bits;;0;True;0;True
Jobber Drill Bits;tools-home-improvement-power-tools-hand-tools-power-tool-parts-accessories-power-drill-parts-accessories-drill-bits-Twist Drill Bits-Jobber Drill Bits;;0;True;0;True
Long Length Drill Bits;tools-home-improvement-power-tools-hand-tools-power-tool-parts-accessories-power-drill-parts-accessories-drill-bits-Twist Drill Bits-Long Length Drill Bits;;0;True;0;True
Mechanics Length Drill Bits;tools-home-improvement-power-tools-hand-tools-power-tool-parts-accessories-power-drill-parts-accessories-drill-bits-Twist Drill Bits-Mechanics Length Drill Bits;;0;True;0;True
Short Length  Drill Bits;tools-home-improvement-power-tools-hand-tools-power-tool-parts-accessories-power-drill-parts-accessories-drill-bits-Twist Drill Bits-Short Length  Drill Bits;;0;True;0;True
Power Sander Fiber Backed Abrasive Discs;tools-home-improvement-power-tools-hand-tools-power-tool-parts-accessories-power-finishing-tool-parts-accessories-power-sander-parts-accessories-Power Sanding Discs-Power Sander Fiber Backed Abrasive Discs;;0;True;0;True
Power Sander Hook & Loop Discs;tools-home-improvement-power-tools-hand-tools-power-tool-parts-accessories-power-finishing-tool-parts-accessories-power-sander-parts-accessories-Power Sanding Discs-Power Sander Hook & Loop Discs;;0;True;0;True
Power Sander PSA Discs;tools-home-improvement-power-tools-hand-tools-power-tool-parts-accessories-power-finishing-tool-parts-accessories-power-sander-parts-accessories-Power Sanding Discs-Power Sander PSA Discs;;0;True;0;True
Power Sander Quick Change Discs;tools-home-improvement-power-tools-hand-tools-power-tool-parts-accessories-power-finishing-tool-parts-accessories-power-sander-parts-accessories-Power Sanding Discs-Power Sander Quick Change Discs;;0;True;0;True
Spiral Router Bits;tools-home-improvement-power-tools-hand-tools-power-tool-parts-accessories-router-parts-accessories-router-bits-Straight, Spiral & Trim Bits-Spiral Router Bits;;0;True;0;True
Straight Router Bits;tools-home-improvement-power-tools-hand-tools-power-tool-parts-accessories-router-parts-accessories-router-bits-Straight, Spiral & Trim Bits-Straight Router Bits;;0;True;0;True
Trim Router Bits;tools-home-improvement-power-tools-hand-tools-power-tool-parts-accessories-router-parts-accessories-router-bits-Straight, Spiral & Trim Bits-Trim Router Bits;;0;True;0;True
Non-Sterile Disposable Safety Gloves;tools-home-improvement-safety-security-personal-protective-equipment-safety-gear-hand-arm-protection-lab,-safety-work-gloves-Disposable Safety Gloves-Non-Sterile Disposable Safety Gloves;;0;True;0;True
Sterile Disposable Safety Gloves;tools-home-improvement-safety-security-personal-protective-equipment-safety-gear-hand-arm-protection-lab,-safety-work-gloves-Disposable Safety Gloves-Sterile Disposable Safety Gloves;;0;True;0;True
Oxyacetylene Torches;tools-home-improvement-welding-soldering-welding-equipment-welding-equipment-accessories-gas-welding-equipment-Gas Welding Torches-Oxyacetylene Torches;;0;True;0;True
Propane Torches;tools-home-improvement-welding-soldering-welding-equipment-welding-equipment-accessories-gas-welding-equipment-Gas Welding Torches-Propane Torches;;0;True;0;True
RC Electric Motor Cooling Fans;toys-games-hobbies-hobby-remote-app-controlled-vehicles-parts-hobby-remote-app-controlled-vehicle-parts-rc-power-plant-driveline-systems-RC Electric Motors & Parts-RC Electric Motor Cooling Fans;;0;True;0;True
RC Electric Motor Heat Sinks;toys-games-hobbies-hobby-remote-app-controlled-vehicles-parts-hobby-remote-app-controlled-vehicle-parts-rc-power-plant-driveline-systems-RC Electric Motors & Parts-RC Electric Motor Heat Sinks;;0;True;0;True
RC Electric Motor Mounts;toys-games-hobbies-hobby-remote-app-controlled-vehicles-parts-hobby-remote-app-controlled-vehicle-parts-rc-power-plant-driveline-systems-RC Electric Motors & Parts-RC Electric Motor Mounts;;0;True;0;True
RC Electric Motors;toys-games-hobbies-hobby-remote-app-controlled-vehicles-parts-hobby-remote-app-controlled-vehicle-parts-rc-power-plant-driveline-systems-RC Electric Motors & Parts-RC Electric Motors;;0;True;0;True
RC Combustion Engines;toys-games-hobbies-hobby-remote-app-controlled-vehicles-parts-hobby-remote-app-controlled-vehicle-parts-rc-power-plant-driveline-systems-RC Engines & Parts-RC Combustion Engines;;0;True;0;True
RC Engine Air Filters;toys-games-hobbies-hobby-remote-app-controlled-vehicles-parts-hobby-remote-app-controlled-vehicle-parts-rc-power-plant-driveline-systems-RC Engines & Parts-RC Engine Air Filters;;0;True;0;True
RC Engine Bearings;toys-games-hobbies-hobby-remote-app-controlled-vehicles-parts-hobby-remote-app-controlled-vehicle-parts-rc-power-plant-driveline-systems-RC Engines & Parts-RC Engine Bearings;;0;True;0;True
RC Engine Carburetors & Parts;toys-games-hobbies-hobby-remote-app-controlled-vehicles-parts-hobby-remote-app-controlled-vehicle-parts-rc-power-plant-driveline-systems-RC Engines & Parts-RC Engine Carburetors & Parts;;0;True;0;True
RC Engine Clutch Bells;toys-games-hobbies-hobby-remote-app-controlled-vehicles-parts-hobby-remote-app-controlled-vehicle-parts-rc-power-plant-driveline-systems-RC Engines & Parts-RC Engine Clutch Bells;;0;True;0;True
RC Engine Connecting Rods & Parts;toys-games-hobbies-hobby-remote-app-controlled-vehicles-parts-hobby-remote-app-controlled-vehicle-parts-rc-power-plant-driveline-systems-RC Engines & Parts-RC Engine Connecting Rods & Parts;;0;True;0;True
RC Engine Exhaust Systems & Parts;toys-games-hobbies-hobby-remote-app-controlled-vehicles-parts-hobby-remote-app-controlled-vehicle-parts-rc-power-plant-driveline-systems-RC Engines & Parts-RC Engine Exhaust Systems & Parts;;0;True;0;True
RC Engine Fuel System Parts;toys-games-hobbies-hobby-remote-app-controlled-vehicles-parts-hobby-remote-app-controlled-vehicle-parts-rc-power-plant-driveline-systems-RC Engines & Parts-RC Engine Fuel System Parts;;0;True;0;True
RC Engine Gaskets & O-Rings;toys-games-hobbies-hobby-remote-app-controlled-vehicles-parts-hobby-remote-app-controlled-vehicle-parts-rc-power-plant-driveline-systems-RC Engines & Parts-RC Engine Gaskets & O-Rings;;0;True;0;True
RC Engine Glow Plugs & Spark Plugs;toys-games-hobbies-hobby-remote-app-controlled-vehicles-parts-hobby-remote-app-controlled-vehicle-parts-rc-power-plant-driveline-systems-RC Engines & Parts-RC Engine Glow Plugs & Spark Plugs;;0;True;0;True
RC Engine Heat Sinks;toys-games-hobbies-hobby-remote-app-controlled-vehicles-parts-hobby-remote-app-controlled-vehicle-parts-rc-power-plant-driveline-systems-RC Engines & Parts-RC Engine Heat Sinks;;0;True;0;True
RC Engine Mounts;toys-games-hobbies-hobby-remote-app-controlled-vehicles-parts-hobby-remote-app-controlled-vehicle-parts-rc-power-plant-driveline-systems-RC Engines & Parts-RC Engine Mounts;;0;True;0;True
RC Engine Pistons & Parts;toys-games-hobbies-hobby-remote-app-controlled-vehicles-parts-hobby-remote-app-controlled-vehicle-parts-rc-power-plant-driveline-systems-RC Engines & Parts-RC Engine Pistons & Parts;;0;True;0;True
RC Starters & Parts;toys-games-hobbies-hobby-remote-app-controlled-vehicles-parts-hobby-remote-app-controlled-vehicle-parts-rc-power-plant-driveline-systems-RC Engines & Parts-RC Starters & Parts;;0;True;0;True
RC Vehicle Shock Caps;toys-games-hobbies-hobby-remote-app-controlled-vehicles-parts-hobby-remote-app-controlled-vehicle-parts-rc-power-plant-driveline-systems-RC Vehicle Suspension Systems & Parts-RC Vehicle Shock Caps;;0;True;0;True
RC Vehicle Shock Kits;toys-games-hobbies-hobby-remote-app-controlled-vehicles-parts-hobby-remote-app-controlled-vehicle-parts-rc-power-plant-driveline-systems-RC Vehicle Suspension Systems & Parts-RC Vehicle Shock Kits;;0;True;0;True
RC Vehicle Shock Pistons;toys-games-hobbies-hobby-remote-app-controlled-vehicles-parts-hobby-remote-app-controlled-vehicle-parts-rc-power-plant-driveline-systems-RC Vehicle Suspension Systems & Parts-RC Vehicle Shock Pistons;;0;True;0;True
RC Vehicle Shock Shafts;toys-games-hobbies-hobby-remote-app-controlled-vehicles-parts-hobby-remote-app-controlled-vehicle-parts-rc-power-plant-driveline-systems-RC Vehicle Suspension Systems & Parts-RC Vehicle Shock Shafts;;0;True;0;True
RC Vehicle Shock Springs;toys-games-hobbies-hobby-remote-app-controlled-vehicles-parts-hobby-remote-app-controlled-vehicle-parts-rc-power-plant-driveline-systems-RC Vehicle Suspension Systems & Parts-RC Vehicle Shock Springs;;0;True;0;True
RC Vehicle Suspension A-Arms;toys-games-hobbies-hobby-remote-app-controlled-vehicles-parts-hobby-remote-app-controlled-vehicle-parts-rc-power-plant-driveline-systems-RC Vehicle Suspension Systems & Parts-RC Vehicle Suspension A-Arms;;0;True;0;True
RC Vehicle Suspension Sway Parts;toys-games-hobbies-hobby-remote-app-controlled-vehicles-parts-hobby-remote-app-controlled-vehicle-parts-rc-power-plant-driveline-systems-RC Vehicle Suspension Systems & Parts-RC Vehicle Suspension Sway Parts;;0;True;0;True
RC Vehicle Differentials;toys-games-hobbies-hobby-remote-app-controlled-vehicles-parts-hobby-remote-app-controlled-vehicle-parts-rc-power-plant-driveline-systems-RC Vehicle Transmissions & Differentials-RC Vehicle Differentials;;0;True;0;True
RC Vehicle Transmission Gearboxes;toys-games-hobbies-hobby-remote-app-controlled-vehicles-parts-hobby-remote-app-controlled-vehicle-parts-rc-power-plant-driveline-systems-RC Vehicle Transmissions & Differentials-RC Vehicle Transmission Gearboxes;;0;True;0;True
RC Vehicle Transmission Gears;toys-games-hobbies-hobby-remote-app-controlled-vehicles-parts-hobby-remote-app-controlled-vehicle-parts-rc-power-plant-driveline-systems-RC Vehicle Transmissions & Differentials-RC Vehicle Transmission Gears;;0;True;0;True
RC Vehicle Transmissions;toys-games-hobbies-hobby-remote-app-controlled-vehicles-parts-hobby-remote-app-controlled-vehicle-parts-rc-power-plant-driveline-systems-RC Vehicle Transmissions & Differentials-RC Vehicle Transmissions;;0;True;0;True
PlayStation 3 Game Drums;video-games-legacy-systems-playstation-3-games-consoles-accessories-playstation-3-accessories-playstation-3-controllers-PlayStation 3 Game Music Controllers-PlayStation 3 Game Drums;;0;True;0;True
PlayStation 3 Game Guitars;video-games-legacy-systems-playstation-3-games-consoles-accessories-playstation-3-accessories-playstation-3-controllers-PlayStation 3 Game Music Controllers-PlayStation 3 Game Guitars;;0;True;0;True
PlayStation 3 Game Microphones;video-games-legacy-systems-playstation-3-games-consoles-accessories-playstation-3-accessories-playstation-3-controllers-PlayStation 3 Game Music Controllers-PlayStation 3 Game Microphones;;0;True;0;True
Wii Game Drums;video-games-legacy-systems-wii-games-consoles-accessories-wii-accessories-wii-controllers-Wii Game Music Controllers-Wii Game Drums;;0;True;0;True
Wii Game Guitars;video-games-legacy-systems-wii-games-consoles-accessories-wii-accessories-wii-controllers-Wii Game Music Controllers-Wii Game Guitars;;0;True;0;True
Wii Game Microphones;video-games-legacy-systems-wii-games-consoles-accessories-wii-accessories-wii-controllers-Wii Game Music Controllers-Wii Game Microphones;;0;True;0;True
Wii Game Music Keyboards;video-games-legacy-systems-wii-games-consoles-accessories-wii-accessories-wii-controllers-Wii Game Music Controllers-Wii Game Music Keyboards;;0;True;0;True
Xbox 360 Game Drums;video-games-legacy-systems-xbox-360-games-consoles-accessories-xbox-360-accessories-xbox-360-controllers-Xbox 360 Game Music Controllers-Xbox 360 Game Drums;;0;True;0;True
Xbox 360 Game Guitars;video-games-legacy-systems-xbox-360-games-consoles-accessories-xbox-360-accessories-xbox-360-controllers-Xbox 360 Game Music Controllers-Xbox 360 Game Guitars;;0;True;0;True
Xbox 360 Game Microphones;video-games-legacy-systems-xbox-360-games-consoles-accessories-xbox-360-accessories-xbox-360-controllers-Xbox 360 Game Music Controllers-Xbox 360 Game Microphones;;0;True;0;True
Xbox 360 Game Music Keyboards;video-games-legacy-systems-xbox-360-games-consoles-accessories-xbox-360-accessories-xbox-360-controllers-Xbox 360 Game Music Controllers-Xbox 360 Game Music Keyboards;;0;True;0;True
