name;slug;description;parent_id;active;sort_order;is_visible
Adhesive Sheets;arts-crafts-sewing-craft-supplies-materials-craft-supplies-craft-adhesives-craft-adhesive-sheets-sprays-Adhesive Sheets;;32f58967-314f-499f-8e98-56a3a5f4e7e7;True;0;True
Adhesive Sprays;arts-crafts-sewing-craft-supplies-materials-craft-supplies-craft-adhesives-craft-adhesive-sheets-sprays-Adhesive Sprays;;32f58967-314f-499f-8e98-56a3a5f4e7e7;True;0;True
Craft Glue Gun Sticks;arts-crafts-sewing-craft-supplies-materials-craft-supplies-craft-adhesives-craft-glue-guns-sticks-Craft Glue Gun Sticks;;613bc71d-0fe5-479e-9b16-d104d3223027;True;0;True
Craft Glue Guns;arts-crafts-sewing-craft-supplies-materials-craft-supplies-craft-adhesives-craft-glue-guns-sticks-Craft Glue Guns;;613bc71d-0fe5-479e-9b16-d104d3223027;True;0;True
Art Blades;arts-crafts-sewing-craft-supplies-materials-craft-supplies-craft-cutting-tools-art-knives-blades-Art Blades;;93e96f86-b194-4027-a363-603ef183807f;True;0;True
Mat Cutter Blades;arts-crafts-sewing-craft-supplies-materials-craft-supplies-craft-cutting-tools-art-mat-cutters-blades-Mat Cutter Blades;;84710f32-1643-4c5e-acc0-20d9f0e86b0e;True;0;True
Art Tissue;arts-crafts-sewing-craft-supplies-materials-paper-craft-supplies-craft-paper-art-tissue-crepe-paper-Art Tissue;;7a9db609-78bc-4579-9d5d-edc1946871cf;True;0;True
Crepe Paper;arts-crafts-sewing-craft-supplies-materials-paper-craft-supplies-craft-paper-art-tissue-crepe-paper-Crepe Paper;;7a9db609-78bc-4579-9d5d-edc1946871cf;True;0;True
Quilting Pins;arts-crafts-sewing-sewing-products-sewing-notions-supplies-sewing-pins-pincushions-sewing-pins-Quilting Pins;;e23eea54-eca5-406c-8e3a-fa52e0bcdbfe;True;0;True
Safety Pins;arts-crafts-sewing-sewing-products-sewing-notions-supplies-sewing-pins-pincushions-sewing-pins-Safety Pins;;e23eea54-eca5-406c-8e3a-fa52e0bcdbfe;True;0;True
Straight Pins;arts-crafts-sewing-sewing-products-sewing-notions-supplies-sewing-pins-pincushions-sewing-pins-Straight Pins;;e23eea54-eca5-406c-8e3a-fa52e0bcdbfe;True;0;True
Sewing Rulers;arts-crafts-sewing-sewing-products-sewing-notions-supplies-sewing-tools-sewing-tape-measures-rulers-Sewing Rulers;;3884e0fb-0eac-4026-86d4-772ef6468732;True;0;True
Sewing Tape Measures;arts-crafts-sewing-sewing-products-sewing-notions-supplies-sewing-tools-sewing-tape-measures-rulers-Sewing Tape Measures;;3884e0fb-0eac-4026-86d4-772ef6468732;True;0;True
Beaded Applique Patches;arts-crafts-sewing-sewing-products-sewing-trim-embellishments-appliques-decorative-patches-applique-patches-Beaded Applique Patches;;8993fe77-d4f5-457e-8a15-c46c11c0ffc1;True;0;True
Embroidered Applique Patches;arts-crafts-sewing-sewing-products-sewing-trim-embellishments-appliques-decorative-patches-applique-patches-Embroidered Applique Patches;;8993fe77-d4f5-457e-8a15-c46c11c0ffc1;True;0;True
Lace Applique Patches;arts-crafts-sewing-sewing-products-sewing-trim-embellishments-appliques-decorative-patches-applique-patches-Lace Applique Patches;;8993fe77-d4f5-457e-8a15-c46c11c0ffc1;True;0;True
Automotive Performance Engine Intake Manifold Bolts;automotive-automotive-performance-parts-accessories-automotive-performance-engines-engine-parts-automotive-performance-engine-parts-automotive-performance-?ntake-manifolds-parts-Automotive Performance Engine Intake Manifold Bolts;;d7e8b2d8-8a83-4220-8ed0-e3d52f2e466f;True;0;True
Automotive Performance Oil Pumps;automotive-automotive-performance-parts-accessories-automotive-performance-engines-engine-parts-automotive-performance-engine-parts-automotive-performance-oil-pumps-parts-Automotive Performance Oil Pumps;;e9ed3c76-a6c5-4ec8-894b-8b256bc9ac95;True;0;True
Automotive Performance Timing Part Sets & Kits;automotive-automotive-performance-parts-accessories-automotive-performance-engines-engine-parts-automotive-performance-engine-parts-automotive-performance-timing-parts-Automotive Performance Timing Part Sets & Kits;;2d7cd544-26f3-429d-ab72-81bb5f3c3bd1;True;0;True
Automotive Performance Turbocharger Intercooler Parts;automotive-automotive-performance-parts-accessories-automotive-performance-engines-engine-parts-automotive-performance-engine-parts-automotive-performance-turbocharger-supercharger-parts-Automotive Performance Turbocharger Intercooler Parts;;28e42e25-5b8e-4b78-9f59-ffcddac638d1;True;0;True
Automotive Performance Turbocharger Intercooler Parts;automotive-automotive-performance-parts-accessories-automotive-performance-engines-engine-parts-automotive-performance-engine-parts-automotive-performance-turbocharger-supercharger-parts-Automotive Performance Turbocharger Intercooler Parts;;28e42e25-5b8e-4b78-9f59-ffcddac638d1;True;0;True
Automotive Performance Turbocharger Intercooler Parts;automotive-automotive-performance-parts-accessories-automotive-performance-engines-engine-parts-automotive-performance-engine-parts-automotive-performance-turbocharger-supercharger-parts-Automotive Performance Turbocharger Intercooler Parts;;28e42e25-5b8e-4b78-9f59-ffcddac638d1;True;0;True
Automotive Performance Spark Plug Looms & Accessories;automotive-automotive-performance-parts-accessories-automotive-performance-ignition-electrical-systems-automotive-performance-spark-plugs-wires-automotive-performance-spark-plug-wires-Automotive Performance Spark Plug Looms & Accessories;;bbf418e4-75ff-4a4c-b7de-6701838febe6;True;0;True
Automotive Performance Spark Plug Wire Sets;automotive-automotive-performance-parts-accessories-automotive-performance-ignition-electrical-systems-automotive-performance-spark-plugs-wires-automotive-performance-spark-plug-wires-Automotive Performance Spark Plug Wire Sets;;bbf418e4-75ff-4a4c-b7de-6701838febe6;True;0;True
Automotive Exterior Mirror Replacement Glass;automotive-automotive-replacement-parts-automotive-body-parts-trim-automotive-body-parts-automotive-exterior-mirrors-parts-Automotive Exterior Mirror Replacement Glass;;35691b5d-03a9-484f-bbe6-c49ff526f1f7;True;0;True
Automotive Exterior Mirrors;automotive-automotive-replacement-parts-automotive-body-parts-trim-automotive-body-parts-automotive-exterior-mirrors-parts-Automotive Exterior Mirrors;;35691b5d-03a9-484f-bbe6-c49ff526f1f7;True;0;True
Blind Spot Mirrors;automotive-automotive-replacement-parts-automotive-body-parts-trim-automotive-body-parts-automotive-exterior-mirrors-parts-Blind Spot Mirrors;;35691b5d-03a9-484f-bbe6-c49ff526f1f7;True;0;True
Automotive Fenders;automotive-automotive-replacement-parts-automotive-body-parts-trim-automotive-body-parts-automotive-fenders-quarter-panels-Automotive Fenders;;c4ea7cfc-ec1c-41ac-9d16-cd5e1167050e;True;0;True
Automotive Quarter Panels;automotive-automotive-replacement-parts-automotive-body-parts-trim-automotive-body-parts-automotive-fenders-quarter-panels-Automotive Quarter Panels;;c4ea7cfc-ec1c-41ac-9d16-cd5e1167050e;True;0;True
Automotive Windows;automotive-automotive-replacement-parts-automotive-body-parts-trim-automotive-body-parts-automotive-glass-Automotive Windows;;e81eb5da-7ea0-496f-b007-45cb9463b640;True;0;True
Automotive Windshields;automotive-automotive-replacement-parts-automotive-body-parts-trim-automotive-body-parts-automotive-glass-Automotive Windshields;;e81eb5da-7ea0-496f-b007-45cb9463b640;True;0;True
Automotive Bumper Moldings;automotive-automotive-replacement-parts-automotive-body-parts-trim-automotive-body-parts-automotive-moldings-Automotive Bumper Moldings;;78bc4194-e342-4a37-a070-dadea6e51bba;True;0;True
Automotive Door Moldings;automotive-automotive-replacement-parts-automotive-body-parts-trim-automotive-body-parts-automotive-moldings-Automotive Door Moldings;;78bc4194-e342-4a37-a070-dadea6e51bba;True;0;True
Automotive Side Moldings;automotive-automotive-replacement-parts-automotive-body-parts-trim-automotive-body-parts-automotive-moldings-Automotive Side Moldings;;78bc4194-e342-4a37-a070-dadea6e51bba;True;0;True
Automotive Sunroof Moldings;automotive-automotive-replacement-parts-automotive-body-parts-trim-automotive-body-parts-automotive-moldings-Automotive Sunroof Moldings;;78bc4194-e342-4a37-a070-dadea6e51bba;True;0;True
Automotive Window Moldings;automotive-automotive-replacement-parts-automotive-body-parts-trim-automotive-body-parts-automotive-moldings-Automotive Window Moldings;;78bc4194-e342-4a37-a070-dadea6e51bba;True;0;True
Automotive Armrests;automotive-automotive-replacement-parts-automotive-body-parts-trim-automotive-trim-automotive-?nterior-trim-products-Automotive Armrests;;6f565bb1-e0da-4768-93ed-5c226bc40a70;True;0;True
Automotive Armrests & Accessories;automotive-automotive-replacement-parts-automotive-body-parts-trim-automotive-trim-automotive-?nterior-trim-products-Automotive Armrests & Accessories;;6f565bb1-e0da-4768-93ed-5c226bc40a70;True;0;True
Automotive Armrests & Accessories;automotive-automotive-replacement-parts-automotive-body-parts-trim-automotive-trim-automotive-?nterior-trim-products-Automotive Armrests & Accessories;;6f565bb1-e0da-4768-93ed-5c226bc40a70;True;0;True
Automotive Armrests & Accessories;automotive-automotive-replacement-parts-automotive-body-parts-trim-automotive-trim-automotive-?nterior-trim-products-Automotive Armrests & Accessories;;6f565bb1-e0da-4768-93ed-5c226bc40a70;True;0;True
Automotive Center Consoles;automotive-automotive-replacement-parts-automotive-body-parts-trim-automotive-trim-automotive-?nterior-trim-products-Automotive Center Consoles;;6f565bb1-e0da-4768-93ed-5c226bc40a70;True;0;True
Automotive Door Panels;automotive-automotive-replacement-parts-automotive-body-parts-trim-automotive-trim-automotive-?nterior-trim-products-Automotive Door Panels;;6f565bb1-e0da-4768-93ed-5c226bc40a70;True;0;True
Automotive Flooring & Carpeting;automotive-automotive-replacement-parts-automotive-body-parts-trim-automotive-trim-automotive-?nterior-trim-products-Automotive Flooring & Carpeting;;6f565bb1-e0da-4768-93ed-5c226bc40a70;True;0;True
Automotive Headliners;automotive-automotive-replacement-parts-automotive-body-parts-trim-automotive-trim-automotive-?nterior-trim-products-Automotive Headliners;;6f565bb1-e0da-4768-93ed-5c226bc40a70;True;0;True
Automotive Interior Door Handles;automotive-automotive-replacement-parts-automotive-body-parts-trim-automotive-trim-automotive-?nterior-trim-products-Automotive Interior Door Handles;;6f565bb1-e0da-4768-93ed-5c226bc40a70;True;0;True
Automotive Interior Mirrors;automotive-automotive-replacement-parts-automotive-body-parts-trim-automotive-trim-automotive-?nterior-trim-products-Automotive Interior Mirrors;;6f565bb1-e0da-4768-93ed-5c226bc40a70;True;0;True
Automotive Interior Rearview Mirrors;automotive-automotive-replacement-parts-automotive-body-parts-trim-automotive-trim-automotive-?nterior-trim-products-Automotive Interior Rearview Mirrors;;6f565bb1-e0da-4768-93ed-5c226bc40a70;True;0;True
Automotive Interior Switches;automotive-automotive-replacement-parts-automotive-body-parts-trim-automotive-trim-automotive-?nterior-trim-products-Automotive Interior Switches;;6f565bb1-e0da-4768-93ed-5c226bc40a70;True;0;True
Automotive Interior Switches;automotive-automotive-replacement-parts-automotive-body-parts-trim-automotive-trim-automotive-?nterior-trim-products-Automotive Interior Switches;;6f565bb1-e0da-4768-93ed-5c226bc40a70;True;0;True
Automotive Interior Switches;automotive-automotive-replacement-parts-automotive-body-parts-trim-automotive-trim-automotive-?nterior-trim-products-Automotive Interior Switches;;6f565bb1-e0da-4768-93ed-5c226bc40a70;True;0;True
Automotive Interior Switches;automotive-automotive-replacement-parts-automotive-body-parts-trim-automotive-trim-automotive-?nterior-trim-products-Automotive Interior Switches;;6f565bb1-e0da-4768-93ed-5c226bc40a70;True;0;True
Automotive Interior Switches;automotive-automotive-replacement-parts-automotive-body-parts-trim-automotive-trim-automotive-?nterior-trim-products-Automotive Interior Switches;;6f565bb1-e0da-4768-93ed-5c226bc40a70;True;0;True
Automotive Interior Switches;automotive-automotive-replacement-parts-automotive-body-parts-trim-automotive-trim-automotive-?nterior-trim-products-Automotive Interior Switches;;6f565bb1-e0da-4768-93ed-5c226bc40a70;True;0;True
Automotive Interior Switches;automotive-automotive-replacement-parts-automotive-body-parts-trim-automotive-trim-automotive-?nterior-trim-products-Automotive Interior Switches;;6f565bb1-e0da-4768-93ed-5c226bc40a70;True;0;True
Automotive Interior Switches;automotive-automotive-replacement-parts-automotive-body-parts-trim-automotive-trim-automotive-?nterior-trim-products-Automotive Interior Switches;;6f565bb1-e0da-4768-93ed-5c226bc40a70;True;0;True
Automotive Interior Switches;automotive-automotive-replacement-parts-automotive-body-parts-trim-automotive-trim-automotive-?nterior-trim-products-Automotive Interior Switches;;6f565bb1-e0da-4768-93ed-5c226bc40a70;True;0;True
Automotive Interior Switches;automotive-automotive-replacement-parts-automotive-body-parts-trim-automotive-trim-automotive-?nterior-trim-products-Automotive Interior Switches;;6f565bb1-e0da-4768-93ed-5c226bc40a70;True;0;True
Automotive Interior Switches;automotive-automotive-replacement-parts-automotive-body-parts-trim-automotive-trim-automotive-?nterior-trim-products-Automotive Interior Switches;;6f565bb1-e0da-4768-93ed-5c226bc40a70;True;0;True
Automotive Interior Switches;automotive-automotive-replacement-parts-automotive-body-parts-trim-automotive-trim-automotive-?nterior-trim-products-Automotive Interior Switches;;6f565bb1-e0da-4768-93ed-5c226bc40a70;True;0;True
Automotive Interior Switches;automotive-automotive-replacement-parts-automotive-body-parts-trim-automotive-trim-automotive-?nterior-trim-products-Automotive Interior Switches;;6f565bb1-e0da-4768-93ed-5c226bc40a70;True;0;True
Automotive Kick Panels;automotive-automotive-replacement-parts-automotive-body-parts-trim-automotive-trim-automotive-?nterior-trim-products-Automotive Kick Panels;;6f565bb1-e0da-4768-93ed-5c226bc40a70;True;0;True
Automotive Seat Belt Pads;automotive-automotive-replacement-parts-automotive-body-parts-trim-automotive-trim-automotive-?nterior-trim-products-Automotive Seat Belt Pads;;6f565bb1-e0da-4768-93ed-5c226bc40a70;True;0;True
Automotive Seat Belts;automotive-automotive-replacement-parts-automotive-body-parts-trim-automotive-trim-automotive-?nterior-trim-products-Automotive Seat Belts;;6f565bb1-e0da-4768-93ed-5c226bc40a70;True;0;True
Automotive Seating Mechanicals;automotive-automotive-replacement-parts-automotive-body-parts-trim-automotive-trim-automotive-?nterior-trim-products-Automotive Seating Mechanicals;;6f565bb1-e0da-4768-93ed-5c226bc40a70;True;0;True
Automotive Seats;automotive-automotive-replacement-parts-automotive-body-parts-trim-automotive-trim-automotive-?nterior-trim-products-Automotive Seats;;6f565bb1-e0da-4768-93ed-5c226bc40a70;True;0;True
Automotive Steering Columns;automotive-automotive-replacement-parts-automotive-body-parts-trim-automotive-trim-automotive-?nterior-trim-products-Automotive Steering Columns;;6f565bb1-e0da-4768-93ed-5c226bc40a70;True;0;True
Automotive Steering Wheels;automotive-automotive-replacement-parts-automotive-body-parts-trim-automotive-trim-automotive-?nterior-trim-products-Automotive Steering Wheels;;6f565bb1-e0da-4768-93ed-5c226bc40a70;True;0;True
Automotive Replacement Negative Battery Cables;automotive-automotive-replacement-parts-automotive-replacement-batteries-accessories-automotive-replacement-battery-accessories-automotive-replacement-battery-cables-Automotive Replacement Negative Battery Cables;;3b84a392-6c54-424c-916f-252aafea8cc0;True;0;True
Automotive Replacement Positive Battery Cables;automotive-automotive-replacement-parts-automotive-replacement-batteries-accessories-automotive-replacement-battery-accessories-automotive-replacement-battery-cables-Automotive Replacement Positive Battery Cables;;3b84a392-6c54-424c-916f-252aafea8cc0;True;0;True
Automotive Replacement Switch to Starter Battery Cables;automotive-automotive-replacement-parts-automotive-replacement-batteries-accessories-automotive-replacement-battery-accessories-automotive-replacement-battery-cables-Automotive Replacement Switch to Starter Battery Cables;;3b84a392-6c54-424c-916f-252aafea8cc0;True;0;True
Automotive Replacement Automatic Drive Gear Bearings;automotive-automotive-replacement-parts-automotive-replacement-bearings-seals-automotive-replacement-bearings-automotive-replacement-automatic-transmission-bearings-Automotive Replacement Automatic Drive Gear Bearings;;8fed4f8e-f0aa-4b25-9588-a65b5b570aab;True;0;True
Automotive Replacement Automatic Input Shaft Bearings;automotive-automotive-replacement-parts-automotive-replacement-bearings-seals-automotive-replacement-bearings-automotive-replacement-automatic-transmission-bearings-Automotive Replacement Automatic Input Shaft Bearings;;8fed4f8e-f0aa-4b25-9588-a65b5b570aab;True;0;True
Automotive Replacement Automatic Transmission Bearing Kits;automotive-automotive-replacement-parts-automotive-replacement-bearings-seals-automotive-replacement-bearings-automotive-replacement-automatic-transmission-bearings-Automotive Replacement Automatic Transmission Bearing Kits;;8fed4f8e-f0aa-4b25-9588-a65b5b570aab;True;0;True
Automotive Replacement Manual Transaxle Output Shaft Bearings;automotive-automotive-replacement-parts-automotive-replacement-bearings-seals-automotive-replacement-bearings-automotive-replacement-manual-transaxle-bearings-Automotive Replacement Manual Transaxle Output Shaft Bearings;;29c91dfd-4fd8-4e88-86ad-cd7e44bd8f83;True;0;True
Automotive Replacement Manual Mainshaft Pilot Bearings;automotive-automotive-replacement-parts-automotive-replacement-bearings-seals-automotive-replacement-bearings-automotive-replacement-manual-transmission-bearings-Automotive Replacement Manual Mainshaft Pilot Bearings;;d39a2e73-6f45-4f4d-9321-29e3762243de;True;0;True
Automotive Replacement Axle Shaft Bearings;automotive-automotive-replacement-parts-automotive-replacement-bearings-seals-automotive-replacement-bearings-automotive-replacement-wheel-bearings-Automotive Replacement Axle Shaft Bearings;;72261a93-f90e-4c68-9ca2-ab41a9ab3047;True;0;True
Automotive Replacement Hub Assemblies Bearings;automotive-automotive-replacement-parts-automotive-replacement-bearings-seals-automotive-replacement-bearings-automotive-replacement-wheel-bearings-Automotive Replacement Hub Assemblies Bearings;;72261a93-f90e-4c68-9ca2-ab41a9ab3047;True;0;True
Automotive Replacement Automatic Transaxle Main Shaft Seals;automotive-automotive-replacement-parts-automotive-replacement-bearings-seals-automotive-replacement-seals-automotive-replacement-automatic-transaxle-seals-Automotive Replacement Automatic Transaxle Main Shaft Seals;;e39340c2-884e-4558-988b-86f617610949;True;0;True
Automotive Replacement Automatic Transaxle Output Shaft Seals;automotive-automotive-replacement-parts-automotive-replacement-bearings-seals-automotive-replacement-seals-automotive-replacement-automatic-transaxle-seals-Automotive Replacement Automatic Transaxle Output Shaft Seals;;e39340c2-884e-4558-988b-86f617610949;True;0;True
Automotive Replacement Automatic Transaxle Shift Shaft Seals;automotive-automotive-replacement-parts-automotive-replacement-bearings-seals-automotive-replacement-seals-automotive-replacement-automatic-transaxle-seals-Automotive Replacement Automatic Transaxle Shift Shaft Seals;;e39340c2-884e-4558-988b-86f617610949;True;0;True
Automotive Replacement Automatic Transaxle Side Cover Seals;automotive-automotive-replacement-parts-automotive-replacement-bearings-seals-automotive-replacement-seals-automotive-replacement-automatic-transaxle-seals-Automotive Replacement Automatic Transaxle Side Cover Seals;;e39340c2-884e-4558-988b-86f617610949;True;0;True
Automotive Replacement Automatic Extension Housing Seals;automotive-automotive-replacement-parts-automotive-replacement-bearings-seals-automotive-replacement-seals-automotive-replacement-automatic-transmission-seals-Automotive Replacement Automatic Extension Housing Seals;;eb0e7058-01cf-47b8-ae7c-672f50b300e0;True;0;True
Automotive Replacement Automatic Torque Converter Seals;automotive-automotive-replacement-parts-automotive-replacement-bearings-seals-automotive-replacement-seals-automotive-replacement-automatic-transmission-seals-Automotive Replacement Automatic Torque Converter Seals;;eb0e7058-01cf-47b8-ae7c-672f50b300e0;True;0;True
Automotive Replacement Automatic Transmission Input Shaft Seals;automotive-automotive-replacement-parts-automotive-replacement-bearings-seals-automotive-replacement-seals-automotive-replacement-automatic-transmission-seals-Automotive Replacement Automatic Transmission Input Shaft Seals;;eb0e7058-01cf-47b8-ae7c-672f50b300e0;True;0;True
Automotive Replacement Automatic Transmission Pump Seals Seals;automotive-automotive-replacement-parts-automotive-replacement-bearings-seals-automotive-replacement-seals-automotive-replacement-automatic-transmission-seals-Automotive Replacement Automatic Transmission Pump Seals Seals;;eb0e7058-01cf-47b8-ae7c-672f50b300e0;True;0;True
Automotive Replacement Output Shaft Manual Transaxle Seals;automotive-automotive-replacement-parts-automotive-replacement-bearings-seals-automotive-replacement-seals-automotive-replacement-manual-transaxle-seals-Automotive Replacement Output Shaft Manual Transaxle Seals;;535c243d-7092-4489-8b00-15d3dce25010;True;0;True
Automotive Replacement Manual Bearing Retainer Seals;automotive-automotive-replacement-parts-automotive-replacement-bearings-seals-automotive-replacement-seals-automotive-replacement-manual-transmission-seals-Automotive Replacement Manual Bearing Retainer Seals;;3fc98e0d-08fe-47b0-966d-55089f1a50cb;True;0;True
Automotive Replacement Manual Transmission Drive Shaft Seals;automotive-automotive-replacement-parts-automotive-replacement-bearings-seals-automotive-replacement-seals-automotive-replacement-manual-transmission-seals-Automotive Replacement Manual Transmission Drive Shaft Seals;;3fc98e0d-08fe-47b0-966d-55089f1a50cb;True;0;True
Automotive Replacement Steering Column Shaft Seals;automotive-automotive-replacement-parts-automotive-replacement-bearings-seals-automotive-replacement-seals-automotive-replacement-steering-seals-Automotive Replacement Steering Column Shaft Seals;;359d5840-a0cb-4842-baf1-31b6af6e2a90;True;0;True
Automotive Replacement Steering Pump Shaft Seals;automotive-automotive-replacement-parts-automotive-replacement-bearings-seals-automotive-replacement-seals-automotive-replacement-steering-seals-Automotive Replacement Steering Pump Shaft Seals;;359d5840-a0cb-4842-baf1-31b6af6e2a90;True;0;True
Automotive Replacement Brake Caliper Pairs;automotive-automotive-replacement-parts-automotive-replacement-brake-system-parts-automotive-replacement-brake-calipers-parts-automotive-replacement-brake-calipers-Automotive Replacement Brake Caliper Pairs;;03c22949-2562-470f-b03f-155ac6a7533d;True;0;True
Automotive Replacement Brake Calipers With Pads;automotive-automotive-replacement-parts-automotive-replacement-brake-system-parts-automotive-replacement-brake-calipers-parts-automotive-replacement-brake-calipers-Automotive Replacement Brake Calipers With Pads;;03c22949-2562-470f-b03f-155ac6a7533d;True;0;True
Automotive Replacement Brake Calipers Without Pads;automotive-automotive-replacement-parts-automotive-replacement-brake-system-parts-automotive-replacement-brake-calipers-parts-automotive-replacement-brake-calipers-Automotive Replacement Brake Calipers Without Pads;;03c22949-2562-470f-b03f-155ac6a7533d;True;0;True
Automotive Replacement Kick-Down Solenoids;automotive-automotive-replacement-parts-automotive-replacement-drive-train-parts-automotive-replacement-transmissions-parts-automotive-replacement-transmission-solenoids-Automotive Replacement Kick-Down Solenoids;;47314564-5270-4988-8b4b-4bf5ea188c07;True;0;True
Automotive Replacement Torque Converter Lock-Up Solenoids;automotive-automotive-replacement-parts-automotive-replacement-drive-train-parts-automotive-replacement-transmissions-parts-automotive-replacement-transmission-solenoids-Automotive Replacement Torque Converter Lock-Up Solenoids;;47314564-5270-4988-8b4b-4bf5ea188c07;True;0;True
Automotive Replacement Air Conditioning Assemblies;automotive-automotive-replacement-parts-automotive-replacement-engine-cooling-climate-control-automotive-replacement-air-conditioning-products-automotive-replacement-air-conditioning-accumulators-parts-Automotive Replacement Air Conditioning Assemblies;;d4848359-cb8c-4d16-9cd1-85b94f5d9caa;True;0;True
Automotive Replacement Air Conditioning Tanks;automotive-automotive-replacement-parts-automotive-replacement-engine-cooling-climate-control-automotive-replacement-air-conditioning-products-automotive-replacement-air-conditioning-accumulators-parts-Automotive Replacement Air Conditioning Tanks;;d4848359-cb8c-4d16-9cd1-85b94f5d9caa;True;0;True
Automotive Replacement Air Conditioning Tubes;automotive-automotive-replacement-parts-automotive-replacement-engine-cooling-climate-control-automotive-replacement-air-conditioning-products-automotive-replacement-air-conditioning-accumulators-parts-Automotive Replacement Air Conditioning Tubes;;d4848359-cb8c-4d16-9cd1-85b94f5d9caa;True;0;True
Automotive Replacement Air Conditioning Clutches;automotive-automotive-replacement-parts-automotive-replacement-engine-cooling-climate-control-automotive-replacement-air-conditioning-products-automotive-replacement-air-conditioning-clutches-parts-Automotive Replacement Air Conditioning Clutches;;bb6e5fe5-f117-4d75-a176-833de340383e;True;0;True
Automotive Replacement Air Conditioning Hub Spacers;automotive-automotive-replacement-parts-automotive-replacement-engine-cooling-climate-control-automotive-replacement-air-conditioning-products-automotive-replacement-air-conditioning-clutches-parts-Automotive Replacement Air Conditioning Hub Spacers;;bb6e5fe5-f117-4d75-a176-833de340383e;True;0;True
Automotive Replacement Air Conditioning Hubs;automotive-automotive-replacement-parts-automotive-replacement-engine-cooling-climate-control-automotive-replacement-air-conditioning-products-automotive-replacement-air-conditioning-clutches-parts-Automotive Replacement Air Conditioning Hubs;;bb6e5fe5-f117-4d75-a176-833de340383e;True;0;True
Automotive Replacement Air Conditioning Installation Kits;automotive-automotive-replacement-parts-automotive-replacement-engine-cooling-climate-control-automotive-replacement-air-conditioning-products-automotive-replacement-air-conditioning-clutches-parts-Automotive Replacement Air Conditioning Installation Kits;;bb6e5fe5-f117-4d75-a176-833de340383e;True;0;True
Automotive Replacement Air Conditioning Pulleys;automotive-automotive-replacement-parts-automotive-replacement-engine-cooling-climate-control-automotive-replacement-air-conditioning-products-automotive-replacement-air-conditioning-clutches-parts-Automotive Replacement Air Conditioning Pulleys;;bb6e5fe5-f117-4d75-a176-833de340383e;True;0;True
Automotive Replacement Air Conditioning Shaft Nuts;automotive-automotive-replacement-parts-automotive-replacement-engine-cooling-climate-control-automotive-replacement-air-conditioning-products-automotive-replacement-air-conditioning-clutches-parts-Automotive Replacement Air Conditioning Shaft Nuts;;bb6e5fe5-f117-4d75-a176-833de340383e;True;0;True
Automotive Replacement Air Conditioning Compressor Bearings;automotive-automotive-replacement-parts-automotive-replacement-engine-cooling-climate-control-automotive-replacement-air-conditioning-products-automotive-replacement-air-conditioning-compressors-parts-Automotive Replacement Air Conditioning Compressor Bearings;;da2a2b4b-3110-4573-a123-f544e9fc1f33;True;0;True
Automotive Replacement Air Conditioning Compressor Clutches;automotive-automotive-replacement-parts-automotive-replacement-engine-cooling-climate-control-automotive-replacement-air-conditioning-products-automotive-replacement-air-conditioning-compressors-parts-Automotive Replacement Air Conditioning Compressor Clutches;;da2a2b4b-3110-4573-a123-f544e9fc1f33;True;0;True
Automotive Replacement Air Conditioning Compressor Seals;automotive-automotive-replacement-parts-automotive-replacement-engine-cooling-climate-control-automotive-replacement-air-conditioning-products-automotive-replacement-air-conditioning-compressors-parts-Automotive Replacement Air Conditioning Compressor Seals;;da2a2b4b-3110-4573-a123-f544e9fc1f33;True;0;True
Automotive Replacement Air Conditioning Compressors;automotive-automotive-replacement-parts-automotive-replacement-engine-cooling-climate-control-automotive-replacement-air-conditioning-products-automotive-replacement-air-conditioning-compressors-parts-Automotive Replacement Air Conditioning Compressors;;da2a2b4b-3110-4573-a123-f544e9fc1f33;True;0;True
Automotive Replacement Air Conditioning Control Valves;automotive-automotive-replacement-parts-automotive-replacement-engine-cooling-climate-control-automotive-replacement-air-conditioning-products-automotive-replacement-air-conditioning-compressors-parts-Automotive Replacement Air Conditioning Control Valves;;da2a2b4b-3110-4573-a123-f544e9fc1f33;True;0;True
Automotive Replacement Air Conditioning Manifold Parts;automotive-automotive-replacement-parts-automotive-replacement-engine-cooling-climate-control-automotive-replacement-air-conditioning-products-automotive-replacement-air-conditioning-compressors-parts-Automotive Replacement Air Conditioning Manifold Parts;;da2a2b4b-3110-4573-a123-f544e9fc1f33;True;0;True
Automotive Replacement Air Conditioning Core Assemblies;automotive-automotive-replacement-parts-automotive-replacement-engine-cooling-climate-control-automotive-replacement-air-conditioning-products-automotive-replacement-air-conditioning-evaporators-parts-Automotive Replacement Air Conditioning Core Assemblies;;780617aa-c389-421c-8ffb-8b73b174a407;True;0;True
Automotive Replacement Air Conditioning Core Cases;automotive-automotive-replacement-parts-automotive-replacement-engine-cooling-climate-control-automotive-replacement-air-conditioning-products-automotive-replacement-air-conditioning-evaporators-parts-Automotive Replacement Air Conditioning Core Cases;;780617aa-c389-421c-8ffb-8b73b174a407;True;0;True
Automotive Replacement Air Conditioning Core Repair Kits;automotive-automotive-replacement-parts-automotive-replacement-engine-cooling-climate-control-automotive-replacement-air-conditioning-products-automotive-replacement-air-conditioning-evaporators-parts-Automotive Replacement Air Conditioning Core Repair Kits;;780617aa-c389-421c-8ffb-8b73b174a407;True;0;True
Automotive Replacement Air Conditioning Core Tube Kits;automotive-automotive-replacement-parts-automotive-replacement-engine-cooling-climate-control-automotive-replacement-air-conditioning-products-automotive-replacement-air-conditioning-evaporators-parts-Automotive Replacement Air Conditioning Core Tube Kits;;780617aa-c389-421c-8ffb-8b73b174a407;True;0;True
Automotive Replacement Air Conditioning Block Valve Seal Kits;automotive-automotive-replacement-parts-automotive-replacement-engine-cooling-climate-control-automotive-replacement-air-conditioning-products-automotive-replacement-expansion-valves-parts-Automotive Replacement Air Conditioning Block Valve Seal Kits;;23457369-0221-4363-a446-013d254063ac;True;0;True
Automotive Replacement Air Conditioning Expansion Valves;automotive-automotive-replacement-parts-automotive-replacement-engine-cooling-climate-control-automotive-replacement-air-conditioning-products-automotive-replacement-expansion-valves-parts-Automotive Replacement Air Conditioning Expansion Valves;;23457369-0221-4363-a446-013d254063ac;True;0;True
Automotive Replacement Air Conditioning Screens;automotive-automotive-replacement-parts-automotive-replacement-engine-cooling-climate-control-automotive-replacement-air-conditioning-products-automotive-replacement-expansion-valves-parts-Automotive Replacement Air Conditioning Screens;;23457369-0221-4363-a446-013d254063ac;True;0;True
Automotive Replacement Freeze Plug Type Engine Heaters;automotive-automotive-replacement-parts-automotive-replacement-engines-engine-parts-automotive-replacement-engine-heaters-accessories-automotive-replacement-engine-heaters-Automotive Replacement Freeze Plug Type Engine Heaters;;5e2fdf4c-42cd-46a1-96a2-d94fa99c78f6;True;0;True
Automotive Replacement Hose Type Engine Heaters;automotive-automotive-replacement-parts-automotive-replacement-engines-engine-parts-automotive-replacement-engine-heaters-accessories-automotive-replacement-engine-heaters-Automotive Replacement Hose Type Engine Heaters;;5e2fdf4c-42cd-46a1-96a2-d94fa99c78f6;True;0;True
Automotive Replacement Tank Type Engine Heaters;automotive-automotive-replacement-parts-automotive-replacement-engines-engine-parts-automotive-replacement-engine-heaters-accessories-automotive-replacement-engine-heaters-Automotive Replacement Tank Type Engine Heaters;;5e2fdf4c-42cd-46a1-96a2-d94fa99c78f6;True;0;True
Automotive Replacement Engine Camshaft Buttons;automotive-automotive-replacement-parts-automotive-replacement-engines-engine-parts-automotive-replacement-engine-parts-automotive-replacement-engine-camshafts-parts-Automotive Replacement Engine Camshaft Buttons;;2262e5ae-64d9-4677-95c8-a0fb58a23017;True;0;True
Automotive Replacement Engine Camshaft Followers;automotive-automotive-replacement-parts-automotive-replacement-engines-engine-parts-automotive-replacement-engine-parts-automotive-replacement-engine-camshafts-parts-Automotive Replacement Engine Camshaft Followers;;2262e5ae-64d9-4677-95c8-a0fb58a23017;True;0;True
Automotive Replacement Engine Camshaft Plugs;automotive-automotive-replacement-parts-automotive-replacement-engines-engine-parts-automotive-replacement-engine-parts-automotive-replacement-engine-camshafts-parts-Automotive Replacement Engine Camshaft Plugs;;2262e5ae-64d9-4677-95c8-a0fb58a23017;True;0;True
Automotive Replacement Engine Camshafts;automotive-automotive-replacement-parts-automotive-replacement-engines-engine-parts-automotive-replacement-engine-parts-automotive-replacement-engine-camshafts-parts-Automotive Replacement Engine Camshafts;;2262e5ae-64d9-4677-95c8-a0fb58a23017;True;0;True
Automotive Replacement Bolts;automotive-automotive-replacement-parts-automotive-replacement-engines-engine-parts-automotive-replacement-engine-parts-automotive-replacement-engine-connecting-rods-parts-Automotive Replacement Bolts;;e076a2fc-b245-448b-81da-2e230a4ac151;True;0;True
Automotive Replacement Engine Connecting Rod Bearings;automotive-automotive-replacement-parts-automotive-replacement-engines-engine-parts-automotive-replacement-engine-parts-automotive-replacement-engine-connecting-rods-parts-Automotive Replacement Engine Connecting Rod Bearings;;e076a2fc-b245-448b-81da-2e230a4ac151;True;0;True
Automotive Replacement Engine Connecting Rod Connecting Rods;automotive-automotive-replacement-parts-automotive-replacement-engines-engine-parts-automotive-replacement-engine-parts-automotive-replacement-engine-connecting-rods-parts-Automotive Replacement Engine Connecting Rod Connecting Rods;;e076a2fc-b245-448b-81da-2e230a4ac151;True;0;True
Automotive Replacement Engine Connecting Rod Parts;automotive-automotive-replacement-parts-automotive-replacement-engines-engine-parts-automotive-replacement-engine-parts-automotive-replacement-engine-connecting-rods-parts-Automotive Replacement Engine Connecting Rod Parts;;e076a2fc-b245-448b-81da-2e230a4ac151;True;0;True
Automotive Replacement Nuts;automotive-automotive-replacement-parts-automotive-replacement-engines-engine-parts-automotive-replacement-engine-parts-automotive-replacement-engine-connecting-rods-parts-Automotive Replacement Nuts;;e076a2fc-b245-448b-81da-2e230a4ac151;True;0;True
Automotive Replacement Engine Intake Manifold Spacers;automotive-automotive-replacement-parts-automotive-replacement-engines-engine-parts-automotive-replacement-engine-parts-automotive-replacement-engine-?ntake-manifolds-parts-Automotive Replacement Engine Intake Manifold Spacers;;1d2d9d28-e587-48cd-81b2-4aec8dedf373;True;0;True
Automotive Replacement Engine Intake Manifolds;automotive-automotive-replacement-parts-automotive-replacement-engines-engine-parts-automotive-replacement-engine-parts-automotive-replacement-engine-?ntake-manifolds-parts-Automotive Replacement Engine Intake Manifolds;;1d2d9d28-e587-48cd-81b2-4aec8dedf373;True;0;True
Automotive Replacement Engine Oil Pump Pick-Up Tubes & Screens;automotive-automotive-replacement-parts-automotive-replacement-engines-engine-parts-automotive-replacement-engine-parts-automotive-replacement-engine-oil-pumps-parts-Automotive Replacement Engine Oil Pump Pick-Up Tubes & Screens;;95a1c6b5-c504-4e37-af97-621f31b4b76f;True;0;True
Automotive Replacement Engine Oil Pump Primers & Drives;automotive-automotive-replacement-parts-automotive-replacement-engines-engine-parts-automotive-replacement-engine-parts-automotive-replacement-engine-oil-pumps-parts-Automotive Replacement Engine Oil Pump Primers & Drives;;95a1c6b5-c504-4e37-af97-621f31b4b76f;True;0;True
Automotive Replacement Engine Oil Pump Repair Kits;automotive-automotive-replacement-parts-automotive-replacement-engines-engine-parts-automotive-replacement-engine-parts-automotive-replacement-engine-oil-pumps-parts-Automotive Replacement Engine Oil Pump Repair Kits;;95a1c6b5-c504-4e37-af97-621f31b4b76f;True;0;True
Automotive Replacement Engine Oil Pumps;automotive-automotive-replacement-parts-automotive-replacement-engines-engine-parts-automotive-replacement-engine-parts-automotive-replacement-engine-oil-pumps-parts-Automotive Replacement Engine Oil Pumps;;95a1c6b5-c504-4e37-af97-621f31b4b76f;True;0;True
Automotive Replacement Engine Piston Liners;automotive-automotive-replacement-parts-automotive-replacement-engines-engine-parts-automotive-replacement-engine-parts-automotive-replacement-engine-pistons-parts-Automotive Replacement Engine Piston Liners;;c22e9a0d-3b2e-4193-8a4d-0d90be28c3c9;True;0;True
Automotive Replacement Engine Piston Pins;automotive-automotive-replacement-parts-automotive-replacement-engines-engine-parts-automotive-replacement-engine-parts-automotive-replacement-engine-pistons-parts-Automotive Replacement Engine Piston Pins;;c22e9a0d-3b2e-4193-8a4d-0d90be28c3c9;True;0;True
Automotive Replacement Engine Piston Rings;automotive-automotive-replacement-parts-automotive-replacement-engines-engine-parts-automotive-replacement-engine-parts-automotive-replacement-engine-pistons-parts-Automotive Replacement Engine Piston Rings;;c22e9a0d-3b2e-4193-8a4d-0d90be28c3c9;True;0;True
Automotive Replacement Engine Pistons;automotive-automotive-replacement-parts-automotive-replacement-engines-engine-parts-automotive-replacement-engine-parts-automotive-replacement-engine-pistons-parts-Automotive Replacement Engine Pistons;;c22e9a0d-3b2e-4193-8a4d-0d90be28c3c9;True;0;True
Automotive Replacement Engine Pistons;automotive-automotive-replacement-parts-automotive-replacement-engines-engine-parts-automotive-replacement-engine-parts-automotive-replacement-engine-pistons-parts-Automotive Replacement Engine Pistons;;c22e9a0d-3b2e-4193-8a4d-0d90be28c3c9;True;0;True
Automotive Replacement Engine Rocker Arm Assemblies;automotive-automotive-replacement-parts-automotive-replacement-engines-engine-parts-automotive-replacement-engine-parts-automotive-replacement-engine-rocker-arms-parts-Automotive Replacement Engine Rocker Arm Assemblies;;278cd646-3631-4df6-a00b-812ef92ec6bb;True;0;True
Automotive Replacement Engine Rocker Arm Nuts & Bolts;automotive-automotive-replacement-parts-automotive-replacement-engines-engine-parts-automotive-replacement-engine-parts-automotive-replacement-engine-rocker-arms-parts-Automotive Replacement Engine Rocker Arm Nuts & Bolts;;278cd646-3631-4df6-a00b-812ef92ec6bb;True;0;True
Automotive Replacement Engine Rocker Arm Pivots;automotive-automotive-replacement-parts-automotive-replacement-engines-engine-parts-automotive-replacement-engine-parts-automotive-replacement-engine-rocker-arms-parts-Automotive Replacement Engine Rocker Arm Pivots;;278cd646-3631-4df6-a00b-812ef92ec6bb;True;0;True
Automotive Replacement Engine Rocker Arms;automotive-automotive-replacement-parts-automotive-replacement-engines-engine-parts-automotive-replacement-engine-parts-automotive-replacement-engine-rocker-arms-parts-Automotive Replacement Engine Rocker Arms;;278cd646-3631-4df6-a00b-812ef92ec6bb;True;0;True
Automotive Replacement Engine Timing Part Chains;automotive-automotive-replacement-parts-automotive-replacement-engines-engine-parts-automotive-replacement-engine-parts-automotive-replacement-engine-timing-parts-Automotive Replacement Engine Timing Part Chains;;fe006d6c-9052-4d25-9681-4fe376db38ec;True;0;True
Automotive Replacement Engine Timing Part Covers;automotive-automotive-replacement-parts-automotive-replacement-engines-engine-parts-automotive-replacement-engine-parts-automotive-replacement-engine-timing-parts-Automotive Replacement Engine Timing Part Covers;;fe006d6c-9052-4d25-9681-4fe376db38ec;True;0;True
Automotive Replacement Engine Timing Part Dampers;automotive-automotive-replacement-parts-automotive-replacement-engines-engine-parts-automotive-replacement-engine-parts-automotive-replacement-engine-timing-parts-Automotive Replacement Engine Timing Part Dampers;;fe006d6c-9052-4d25-9681-4fe376db38ec;True;0;True
Automotive Replacement Engine Timing Part Gears;automotive-automotive-replacement-parts-automotive-replacement-engines-engine-parts-automotive-replacement-engine-parts-automotive-replacement-engine-timing-parts-Automotive Replacement Engine Timing Part Gears;;fe006d6c-9052-4d25-9681-4fe376db38ec;True;0;True
Automotive Replacement Engine Timing Part Sets & Kits;automotive-automotive-replacement-parts-automotive-replacement-engines-engine-parts-automotive-replacement-engine-parts-automotive-replacement-engine-timing-parts-Automotive Replacement Engine Timing Part Sets & Kits;;fe006d6c-9052-4d25-9681-4fe376db38ec;True;0;True
Automotive Replacement Engine Turbocharger Blow Off Valves;automotive-automotive-replacement-parts-automotive-replacement-engines-engine-parts-automotive-replacement-engine-parts-automotive-replacement-engine-turbocharger-supercharger-parts-Automotive Replacement Engine Turbocharger Blow Off Valves;;c1c13ddb-b814-4e58-b68e-3aa6a56d18cd;True;0;True
Automotive Replacement Engine Turbocharger Boost Controllers;automotive-automotive-replacement-parts-automotive-replacement-engines-engine-parts-automotive-replacement-engine-parts-automotive-replacement-engine-turbocharger-supercharger-parts-Automotive Replacement Engine Turbocharger Boost Controllers;;c1c13ddb-b814-4e58-b68e-3aa6a56d18cd;True;0;True
Automotive Replacement Engine Turbocharger Boost Gauges;automotive-automotive-replacement-parts-automotive-replacement-engines-engine-parts-automotive-replacement-engine-parts-automotive-replacement-engine-turbocharger-supercharger-parts-Automotive Replacement Engine Turbocharger Boost Gauges;;c1c13ddb-b814-4e58-b68e-3aa6a56d18cd;True;0;True
Automotive Replacement Engine Turbocharger Intercooler Parts;automotive-automotive-replacement-parts-automotive-replacement-engines-engine-parts-automotive-replacement-engine-parts-automotive-replacement-engine-turbocharger-supercharger-parts-Automotive Replacement Engine Turbocharger Intercooler Parts;;c1c13ddb-b814-4e58-b68e-3aa6a56d18cd;True;0;True
Automotive Replacement Engine Turbocharger Intercooler Parts;automotive-automotive-replacement-parts-automotive-replacement-engines-engine-parts-automotive-replacement-engine-parts-automotive-replacement-engine-turbocharger-supercharger-parts-Automotive Replacement Engine Turbocharger Intercooler Parts;;c1c13ddb-b814-4e58-b68e-3aa6a56d18cd;True;0;True
Automotive Replacement Engine Turbocharger Intercooler Parts;automotive-automotive-replacement-parts-automotive-replacement-engines-engine-parts-automotive-replacement-engine-parts-automotive-replacement-engine-turbocharger-supercharger-parts-Automotive Replacement Engine Turbocharger Intercooler Parts;;c1c13ddb-b814-4e58-b68e-3aa6a56d18cd;True;0;True
Automotive Replacement Engine Turbocharger Intercooler Parts;automotive-automotive-replacement-parts-automotive-replacement-engines-engine-parts-automotive-replacement-engine-parts-automotive-replacement-engine-turbocharger-supercharger-parts-Automotive Replacement Engine Turbocharger Intercooler Parts;;c1c13ddb-b814-4e58-b68e-3aa6a56d18cd;True;0;True
Automotive Replacement Engine Turbocharger Intercooler Parts;automotive-automotive-replacement-parts-automotive-replacement-engines-engine-parts-automotive-replacement-engine-parts-automotive-replacement-engine-turbocharger-supercharger-parts-Automotive Replacement Engine Turbocharger Intercooler Parts;;c1c13ddb-b814-4e58-b68e-3aa6a56d18cd;True;0;True
Automotive Replacement Engine Turbocharger Intercooler Parts;automotive-automotive-replacement-parts-automotive-replacement-engines-engine-parts-automotive-replacement-engine-parts-automotive-replacement-engine-turbocharger-supercharger-parts-Automotive Replacement Engine Turbocharger Intercooler Parts;;c1c13ddb-b814-4e58-b68e-3aa6a56d18cd;True;0;True
Automotive Replacement Engine Turbocharger Intercoolers;automotive-automotive-replacement-parts-automotive-replacement-engines-engine-parts-automotive-replacement-engine-parts-automotive-replacement-engine-turbocharger-supercharger-parts-Automotive Replacement Engine Turbocharger Intercoolers;;c1c13ddb-b814-4e58-b68e-3aa6a56d18cd;True;0;True
Automotive Replacement Engine Valve Adjusters;automotive-automotive-replacement-parts-automotive-replacement-engines-engine-parts-automotive-replacement-engine-parts-automotive-replacement-engine-valves-parts-Automotive Replacement Engine Valve Adjusters;;3b675150-e708-4b72-b773-1487d02e2f80;True;0;True
Automotive Replacement Engine Valve Cover Bolts;automotive-automotive-replacement-parts-automotive-replacement-engines-engine-parts-automotive-replacement-engine-parts-automotive-replacement-engine-valves-parts-Automotive Replacement Engine Valve Cover Bolts;;3b675150-e708-4b72-b773-1487d02e2f80;True;0;True
Automotive Replacement Engine Valve Locks;automotive-automotive-replacement-parts-automotive-replacement-engines-engine-parts-automotive-replacement-engine-parts-automotive-replacement-engine-valves-parts-Automotive Replacement Engine Valve Locks;;3b675150-e708-4b72-b773-1487d02e2f80;True;0;True
Automotive Replacement Engine Valve Seals;automotive-automotive-replacement-parts-automotive-replacement-engines-engine-parts-automotive-replacement-engine-parts-automotive-replacement-engine-valves-parts-Automotive Replacement Engine Valve Seals;;3b675150-e708-4b72-b773-1487d02e2f80;True;0;True
Automotive Replacement Engine Valve Shims;automotive-automotive-replacement-parts-automotive-replacement-engines-engine-parts-automotive-replacement-engine-parts-automotive-replacement-engine-valves-parts-Automotive Replacement Engine Valve Shims;;3b675150-e708-4b72-b773-1487d02e2f80;True;0;True
Automotive Replacement Engine Valve Springs;automotive-automotive-replacement-parts-automotive-replacement-engines-engine-parts-automotive-replacement-engine-parts-automotive-replacement-engine-valves-parts-Automotive Replacement Engine Valve Springs;;3b675150-e708-4b72-b773-1487d02e2f80;True;0;True
Automotive Replacement Engine Valves;automotive-automotive-replacement-parts-automotive-replacement-engines-engine-parts-automotive-replacement-engine-parts-automotive-replacement-engine-valves-parts-Automotive Replacement Engine Valves;;3b675150-e708-4b72-b773-1487d02e2f80;True;0;True
Automotive Replacement Engine Valves;automotive-automotive-replacement-parts-automotive-replacement-engines-engine-parts-automotive-replacement-engine-parts-automotive-replacement-engine-valves-parts-Automotive Replacement Engine Valves;;3b675150-e708-4b72-b773-1487d02e2f80;True;0;True
Automotive Replacement Engine Valves;automotive-automotive-replacement-parts-automotive-replacement-engines-engine-parts-automotive-replacement-engine-parts-automotive-replacement-engine-valves-parts-Automotive Replacement Engine Valves;;3b675150-e708-4b72-b773-1487d02e2f80;True;0;True
Automotive Air Filter Accessories;automotive-automotive-replacement-parts-automotive-replacement-filters-automotive-replacement-air-filters-accessories-air-filter-accessories-cleaning-products-Automotive Air Filter Accessories;;e293dea1-3843-4010-8fed-8df00e3195a7;True;0;True
Automotive Air Filter Cleaning Products;automotive-automotive-replacement-parts-automotive-replacement-filters-automotive-replacement-air-filters-accessories-air-filter-accessories-cleaning-products-Automotive Air Filter Cleaning Products;;e293dea1-3843-4010-8fed-8df00e3195a7;True;0;True
Automotive Replacement Auxiliary Fuel Injection Valves;automotive-automotive-replacement-parts-automotive-replacement-fuel-system-equipment-automotive-replacement-fuel-?njection-products-automotive-replacement-fuel-?njection-valves-Automotive Replacement Auxiliary Fuel Injection Valves;;5cb61714-64ca-484f-a77b-fd8467bdef02;True;0;True
Automotive Replacement Fuel Injection Throttle Valves;automotive-automotive-replacement-parts-automotive-replacement-fuel-system-equipment-automotive-replacement-fuel-?njection-products-automotive-replacement-fuel-?njection-valves-Automotive Replacement Fuel Injection Throttle Valves;;5cb61714-64ca-484f-a77b-fd8467bdef02;True;0;True
Automotive Replacement Fuel Injection Valve Packages;automotive-automotive-replacement-parts-automotive-replacement-fuel-system-equipment-automotive-replacement-fuel-?njection-products-automotive-replacement-fuel-?njection-valves-Automotive Replacement Fuel Injection Valve Packages;;5cb61714-64ca-484f-a77b-fd8467bdef02;True;0;True
Automotive Replacement Fuel Injection Valve Seals;automotive-automotive-replacement-parts-automotive-replacement-fuel-system-equipment-automotive-replacement-fuel-?njection-products-automotive-replacement-fuel-?njection-valves-Automotive Replacement Fuel Injection Valve Seals;;5cb61714-64ca-484f-a77b-fd8467bdef02;True;0;True
Automotive Replacement Fuel Injector Filters;automotive-automotive-replacement-parts-automotive-replacement-fuel-system-equipment-automotive-replacement-fuel-?njection-products-automotive-replacement-fuel-?njectors-parts-Automotive Replacement Fuel Injector Filters;;aaed7698-3a81-4a95-b80a-5146800a4c66;True;0;True
Automotive Replacement Fuel Injector Kits;automotive-automotive-replacement-parts-automotive-replacement-fuel-system-equipment-automotive-replacement-fuel-?njection-products-automotive-replacement-fuel-?njectors-parts-Automotive Replacement Fuel Injector Kits;;aaed7698-3a81-4a95-b80a-5146800a4c66;True;0;True
Automotive Replacement Fuel Injector Seal Kits;automotive-automotive-replacement-parts-automotive-replacement-fuel-system-equipment-automotive-replacement-fuel-?njection-products-automotive-replacement-fuel-?njectors-parts-Automotive Replacement Fuel Injector Seal Kits;;aaed7698-3a81-4a95-b80a-5146800a4c66;True;0;True
Automotive Replacement Fuel Injectors;automotive-automotive-replacement-parts-automotive-replacement-fuel-system-equipment-automotive-replacement-fuel-?njection-products-automotive-replacement-fuel-?njectors-parts-Automotive Replacement Fuel Injectors;;aaed7698-3a81-4a95-b80a-5146800a4c66;True;0;True
Automotive Replacement Fuel Injection Pressure Regulators;automotive-automotive-replacement-parts-automotive-replacement-fuel-system-equipment-automotive-replacement-fuel-?njection-products-automotive-replacement-fuel-pressure-regulators-accessories-Automotive Replacement Fuel Injection Pressure Regulators;;b698d84f-4f4b-4166-85be-f15d2b2df7e0;True;0;True
Automotive Replacement Fuel Injection Pressure Regulators Kits;automotive-automotive-replacement-parts-automotive-replacement-fuel-system-equipment-automotive-replacement-fuel-?njection-products-automotive-replacement-fuel-pressure-regulators-accessories-Automotive Replacement Fuel Injection Pressure Regulators Kits;;b698d84f-4f4b-4166-85be-f15d2b2df7e0;True;0;True
Automotive Replacement Fuel Injection Pressure Regulators Seals;automotive-automotive-replacement-parts-automotive-replacement-fuel-system-equipment-automotive-replacement-fuel-?njection-products-automotive-replacement-fuel-pressure-regulators-accessories-Automotive Replacement Fuel Injection Pressure Regulators Seals;;b698d84f-4f4b-4166-85be-f15d2b2df7e0;True;0;True
Automotive Replacement Single Lead Spark Plug Wires;automotive-automotive-replacement-parts-automotive-replacement-ignition-parts-automotive-replacement-spark-plugs-wires-automotive-replacement-spark-plug-wires-Automotive Replacement Single Lead Spark Plug Wires;;8424aab2-2f6a-424a-89f3-215ccdca9448;True;0;True
Automotive Replacement Spark Plug Looms & Accessories;automotive-automotive-replacement-parts-automotive-replacement-ignition-parts-automotive-replacement-spark-plugs-wires-automotive-replacement-spark-plug-wires-Automotive Replacement Spark Plug Looms & Accessories;;8424aab2-2f6a-424a-89f3-215ccdca9448;True;0;True
Automotive Replacement Spark Plug Wire Sets;automotive-automotive-replacement-parts-automotive-replacement-ignition-parts-automotive-replacement-spark-plugs-wires-automotive-replacement-spark-plug-wires-Automotive Replacement Spark Plug Wire Sets;;8424aab2-2f6a-424a-89f3-215ccdca9448;True;0;True
Automotive Replacement Fuse Assortments;automotive-automotive-replacement-parts-automotive-replacement-lighting-electrical-equipment-automotive-replacement-electrical-equipment-automotive-fuses-fuse-accessories-Automotive Replacement Fuse Assortments;;29f34497-3ae8-4b3a-9fea-dc2d3a13c0b3;True;0;True
Automotive Replacement Fuse Boxes;automotive-automotive-replacement-parts-automotive-replacement-lighting-electrical-equipment-automotive-replacement-electrical-equipment-automotive-fuses-fuse-accessories-Automotive Replacement Fuse Boxes;;29f34497-3ae8-4b3a-9fea-dc2d3a13c0b3;True;0;True
Automotive Replacement Fuse Holders;automotive-automotive-replacement-parts-automotive-replacement-lighting-electrical-equipment-automotive-replacement-electrical-equipment-automotive-fuses-fuse-accessories-Automotive Replacement Fuse Holders;;29f34497-3ae8-4b3a-9fea-dc2d3a13c0b3;True;0;True
Automotive Replacement Fuses;automotive-automotive-replacement-parts-automotive-replacement-lighting-electrical-equipment-automotive-replacement-electrical-equipment-automotive-fuses-fuse-accessories-Automotive Replacement Fuses;;29f34497-3ae8-4b3a-9fea-dc2d3a13c0b3;True;0;True
Automotive Replacement Air & Fuel Ratio Gauges;automotive-automotive-replacement-parts-automotive-replacement-lighting-electrical-equipment-automotive-replacement-electrical-equipment-automotive-replacement-?nstrument-panel-gauges-Automotive Replacement Air & Fuel Ratio Gauges;;bcc62b31-0725-4273-bae1-b3d3af0b4946;True;0;True
Automotive Replacement Amp Meter Gauges;automotive-automotive-replacement-parts-automotive-replacement-lighting-electrical-equipment-automotive-replacement-electrical-equipment-automotive-replacement-?nstrument-panel-gauges-Automotive Replacement Amp Meter Gauges;;bcc62b31-0725-4273-bae1-b3d3af0b4946;True;0;True
Automotive Replacement Boost Gauges;automotive-automotive-replacement-parts-automotive-replacement-lighting-electrical-equipment-automotive-replacement-electrical-equipment-automotive-replacement-?nstrument-panel-gauges-Automotive Replacement Boost Gauges;;bcc62b31-0725-4273-bae1-b3d3af0b4946;True;0;True
Automotive Replacement Clock Gauges;automotive-automotive-replacement-parts-automotive-replacement-lighting-electrical-equipment-automotive-replacement-electrical-equipment-automotive-replacement-?nstrument-panel-gauges-Automotive Replacement Clock Gauges;;bcc62b31-0725-4273-bae1-b3d3af0b4946;True;0;True
Automotive Replacement Dash Gauge Accents;automotive-automotive-replacement-parts-automotive-replacement-lighting-electrical-equipment-automotive-replacement-electrical-equipment-automotive-replacement-?nstrument-panel-gauges-Automotive Replacement Dash Gauge Accents;;bcc62b31-0725-4273-bae1-b3d3af0b4946;True;0;True
Automotive Replacement Fuel Gauges;automotive-automotive-replacement-parts-automotive-replacement-lighting-electrical-equipment-automotive-replacement-electrical-equipment-automotive-replacement-?nstrument-panel-gauges-Automotive Replacement Fuel Gauges;;bcc62b31-0725-4273-bae1-b3d3af0b4946;True;0;True
Automotive Replacement Fuel Pressure Gauges;automotive-automotive-replacement-parts-automotive-replacement-lighting-electrical-equipment-automotive-replacement-electrical-equipment-automotive-replacement-?nstrument-panel-gauges-Automotive Replacement Fuel Pressure Gauges;;bcc62b31-0725-4273-bae1-b3d3af0b4946;True;0;True
Automotive Replacement Gauge Sending Units & Cables;automotive-automotive-replacement-parts-automotive-replacement-lighting-electrical-equipment-automotive-replacement-electrical-equipment-automotive-replacement-?nstrument-panel-gauges-Automotive Replacement Gauge Sending Units & Cables;;bcc62b31-0725-4273-bae1-b3d3af0b4946;True;0;True
Automotive Replacement Gauge Sets;automotive-automotive-replacement-parts-automotive-replacement-lighting-electrical-equipment-automotive-replacement-electrical-equipment-automotive-replacement-?nstrument-panel-gauges-Automotive Replacement Gauge Sets;;bcc62b31-0725-4273-bae1-b3d3af0b4946;True;0;True
Automotive Replacement Hour Meter Gauges;automotive-automotive-replacement-parts-automotive-replacement-lighting-electrical-equipment-automotive-replacement-electrical-equipment-automotive-replacement-?nstrument-panel-gauges-Automotive Replacement Hour Meter Gauges;;bcc62b31-0725-4273-bae1-b3d3af0b4946;True;0;True
Automotive Replacement Housing Pods;automotive-automotive-replacement-parts-automotive-replacement-lighting-electrical-equipment-automotive-replacement-electrical-equipment-automotive-replacement-?nstrument-panel-gauges-Automotive Replacement Housing Pods;;bcc62b31-0725-4273-bae1-b3d3af0b4946;True;0;True
Automotive Replacement Light Kit Gauges;automotive-automotive-replacement-parts-automotive-replacement-lighting-electrical-equipment-automotive-replacement-electrical-equipment-automotive-replacement-?nstrument-panel-gauges-Automotive Replacement Light Kit Gauges;;bcc62b31-0725-4273-bae1-b3d3af0b4946;True;0;True
Automotive Replacement Multi Gauges;automotive-automotive-replacement-parts-automotive-replacement-lighting-electrical-equipment-automotive-replacement-electrical-equipment-automotive-replacement-?nstrument-panel-gauges-Automotive Replacement Multi Gauges;;bcc62b31-0725-4273-bae1-b3d3af0b4946;True;0;True
Automotive Replacement Oil Pressure Gauges;automotive-automotive-replacement-parts-automotive-replacement-lighting-electrical-equipment-automotive-replacement-electrical-equipment-automotive-replacement-?nstrument-panel-gauges-Automotive Replacement Oil Pressure Gauges;;bcc62b31-0725-4273-bae1-b3d3af0b4946;True;0;True
Automotive Replacement Oil Temperature Gauges;automotive-automotive-replacement-parts-automotive-replacement-lighting-electrical-equipment-automotive-replacement-electrical-equipment-automotive-replacement-?nstrument-panel-gauges-Automotive Replacement Oil Temperature Gauges;;bcc62b31-0725-4273-bae1-b3d3af0b4946;True;0;True
Automotive Replacement Shift Light Gauges;automotive-automotive-replacement-parts-automotive-replacement-lighting-electrical-equipment-automotive-replacement-electrical-equipment-automotive-replacement-?nstrument-panel-gauges-Automotive Replacement Shift Light Gauges;;bcc62b31-0725-4273-bae1-b3d3af0b4946;True;0;True
Automotive Replacement Specialty Gauges;automotive-automotive-replacement-parts-automotive-replacement-lighting-electrical-equipment-automotive-replacement-electrical-equipment-automotive-replacement-?nstrument-panel-gauges-Automotive Replacement Specialty Gauges;;bcc62b31-0725-4273-bae1-b3d3af0b4946;True;0;True
Automotive Replacement Speedometers;automotive-automotive-replacement-parts-automotive-replacement-lighting-electrical-equipment-automotive-replacement-electrical-equipment-automotive-replacement-?nstrument-panel-gauges-Automotive Replacement Speedometers;;bcc62b31-0725-4273-bae1-b3d3af0b4946;True;0;True
Automotive Replacement Tachometers;automotive-automotive-replacement-parts-automotive-replacement-lighting-electrical-equipment-automotive-replacement-electrical-equipment-automotive-replacement-?nstrument-panel-gauges-Automotive Replacement Tachometers;;bcc62b31-0725-4273-bae1-b3d3af0b4946;True;0;True
Automotive Replacement Transmission Temperature Gauges;automotive-automotive-replacement-parts-automotive-replacement-lighting-electrical-equipment-automotive-replacement-electrical-equipment-automotive-replacement-?nstrument-panel-gauges-Automotive Replacement Transmission Temperature Gauges;;bcc62b31-0725-4273-bae1-b3d3af0b4946;True;0;True
Automotive Replacement Vacuum Gauges;automotive-automotive-replacement-parts-automotive-replacement-lighting-electrical-equipment-automotive-replacement-electrical-equipment-automotive-replacement-?nstrument-panel-gauges-Automotive Replacement Vacuum Gauges;;bcc62b31-0725-4273-bae1-b3d3af0b4946;True;0;True
Automotive Replacement Voltmeter Gauges;automotive-automotive-replacement-parts-automotive-replacement-lighting-electrical-equipment-automotive-replacement-electrical-equipment-automotive-replacement-?nstrument-panel-gauges-Automotive Replacement Voltmeter Gauges;;bcc62b31-0725-4273-bae1-b3d3af0b4946;True;0;True
Automotive Replacement Water & Oil Temperature Gauges;automotive-automotive-replacement-parts-automotive-replacement-lighting-electrical-equipment-automotive-replacement-electrical-equipment-automotive-replacement-?nstrument-panel-gauges-Automotive Replacement Water & Oil Temperature Gauges;;bcc62b31-0725-4273-bae1-b3d3af0b4946;True;0;True
Automotive Replacement Water Temperature Gauges;automotive-automotive-replacement-parts-automotive-replacement-lighting-electrical-equipment-automotive-replacement-electrical-equipment-automotive-replacement-?nstrument-panel-gauges-Automotive Replacement Water Temperature Gauges;;bcc62b31-0725-4273-bae1-b3d3af0b4946;True;0;True
Automotive Replacement Air Conditioning Compressor Relays;automotive-automotive-replacement-parts-automotive-replacement-switches-relays-automotive-replacement-electrical-system-relays-automotive-replacement-air-conditioning-relays-Automotive Replacement Air Conditioning Compressor Relays;;5bf660f6-c3da-4df5-8d9e-32c9e2d84ee4;True;0;True
Automotive Replacement Air Conditioning Fan Relays;automotive-automotive-replacement-parts-automotive-replacement-switches-relays-automotive-replacement-electrical-system-relays-automotive-replacement-air-conditioning-relays-Automotive Replacement Air Conditioning Fan Relays;;5bf660f6-c3da-4df5-8d9e-32c9e2d84ee4;True;0;True
Automotive Replacement Fuel Injection Combination Relays;automotive-automotive-replacement-parts-automotive-replacement-switches-relays-automotive-replacement-electrical-system-relays-automotive-replacement-fuel-?njection-relays-Automotive Replacement Fuel Injection Combination Relays;;f724f48e-9e33-49ee-9c0c-f9740d9b5841;True;0;True
Automotive Replacement Fuel Injection Main Relays;automotive-automotive-replacement-parts-automotive-replacement-switches-relays-automotive-replacement-electrical-system-relays-automotive-replacement-fuel-?njection-relays-Automotive Replacement Fuel Injection Main Relays;;f724f48e-9e33-49ee-9c0c-f9740d9b5841;True;0;True
Automotive Replacement Air Conditioning Blower Motor Switches;automotive-automotive-replacement-parts-automotive-replacement-switches-relays-automotive-replacement-electrical-system-switches-automotive-replacement-air-conditioning-switches-Automotive Replacement Air Conditioning Blower Motor Switches;;ce733435-32bd-4bcc-a578-c455bd75dde1;True;0;True
Automotive Replacement Air Conditioning Clutch Cycle Switches;automotive-automotive-replacement-parts-automotive-replacement-switches-relays-automotive-replacement-electrical-system-switches-automotive-replacement-air-conditioning-switches-Automotive Replacement Air Conditioning Clutch Cycle Switches;;ce733435-32bd-4bcc-a578-c455bd75dde1;True;0;True
Automotive Replacement Air Conditioning Dash Blower Switches;automotive-automotive-replacement-parts-automotive-replacement-switches-relays-automotive-replacement-electrical-system-switches-automotive-replacement-air-conditioning-switches-Automotive Replacement Air Conditioning Dash Blower Switches;;ce733435-32bd-4bcc-a578-c455bd75dde1;True;0;True
Automotive Replacement Air Conditioning Safety Switches;automotive-automotive-replacement-parts-automotive-replacement-switches-relays-automotive-replacement-electrical-system-switches-automotive-replacement-air-conditioning-switches-Automotive Replacement Air Conditioning Safety Switches;;ce733435-32bd-4bcc-a578-c455bd75dde1;True;0;True
Automotive Replacement Air Conditioning Spark Advance Switches;automotive-automotive-replacement-parts-automotive-replacement-switches-relays-automotive-replacement-electrical-system-switches-automotive-replacement-air-conditioning-switches-Automotive Replacement Air Conditioning Spark Advance Switches;;ce733435-32bd-4bcc-a578-c455bd75dde1;True;0;True
Automotive Replacement Air Conditioning Thermostatic Switches;automotive-automotive-replacement-parts-automotive-replacement-switches-relays-automotive-replacement-electrical-system-switches-automotive-replacement-air-conditioning-switches-Automotive Replacement Air Conditioning Thermostatic Switches;;ce733435-32bd-4bcc-a578-c455bd75dde1;True;0;True
Automotive Replacement Air Conditioning Trinary Switches;automotive-automotive-replacement-parts-automotive-replacement-switches-relays-automotive-replacement-electrical-system-switches-automotive-replacement-air-conditioning-switches-Automotive Replacement Air Conditioning Trinary Switches;;ce733435-32bd-4bcc-a578-c455bd75dde1;True;0;True
Automotive Replacement Ambient Temperature Switches;automotive-automotive-replacement-parts-automotive-replacement-switches-relays-automotive-replacement-electrical-system-switches-automotive-replacement-air-conditioning-switches-Automotive Replacement Ambient Temperature Switches;;ce733435-32bd-4bcc-a578-c455bd75dde1;True;0;True
Automotive Replacement Auto Temp Control Sensor Switches;automotive-automotive-replacement-parts-automotive-replacement-switches-relays-automotive-replacement-electrical-system-switches-automotive-replacement-air-conditioning-switches-Automotive Replacement Auto Temp Control Sensor Switches;;ce733435-32bd-4bcc-a578-c455bd75dde1;True;0;True
Automotive Replacement Compressor Cut-Off Switches;automotive-automotive-replacement-parts-automotive-replacement-switches-relays-automotive-replacement-electrical-system-switches-automotive-replacement-air-conditioning-switches-Automotive Replacement Compressor Cut-Off Switches;;ce733435-32bd-4bcc-a578-c455bd75dde1;True;0;True
Automotive Replacement Compressor Refrigerant Pressure Switches;automotive-automotive-replacement-parts-automotive-replacement-switches-relays-automotive-replacement-electrical-system-switches-automotive-replacement-air-conditioning-switches-Automotive Replacement Compressor Refrigerant Pressure Switches;;ce733435-32bd-4bcc-a578-c455bd75dde1;True;0;True
Automotive Replacement Heater Control Switches;automotive-automotive-replacement-parts-automotive-replacement-switches-relays-automotive-replacement-electrical-system-switches-automotive-replacement-air-conditioning-switches-Automotive Replacement Heater Control Switches;;ce733435-32bd-4bcc-a578-c455bd75dde1;True;0;True
Automotive Replacement Low Pressure Cut-Off Switches;automotive-automotive-replacement-parts-automotive-replacement-switches-relays-automotive-replacement-electrical-system-switches-automotive-replacement-air-conditioning-switches-Automotive Replacement Low Pressure Cut-Off Switches;;ce733435-32bd-4bcc-a578-c455bd75dde1;True;0;True
Automotive Replacement Pressure in Compressor Switches;automotive-automotive-replacement-parts-automotive-replacement-switches-relays-automotive-replacement-electrical-system-switches-automotive-replacement-air-conditioning-switches-Automotive Replacement Pressure in Compressor Switches;;ce733435-32bd-4bcc-a578-c455bd75dde1;True;0;True
Automotive Replacement Pressure in Cycle Switches;automotive-automotive-replacement-parts-automotive-replacement-switches-relays-automotive-replacement-electrical-system-switches-automotive-replacement-air-conditioning-switches-Automotive Replacement Pressure in Cycle Switches;;ce733435-32bd-4bcc-a578-c455bd75dde1;True;0;True
Automotive Replacement Push-Button Vacuum Control Switches;automotive-automotive-replacement-parts-automotive-replacement-switches-relays-automotive-replacement-electrical-system-switches-automotive-replacement-air-conditioning-switches-Automotive Replacement Push-Button Vacuum Control Switches;;ce733435-32bd-4bcc-a578-c455bd75dde1;True;0;True
Automotive Replacement Thermal Limiter Switches;automotive-automotive-replacement-parts-automotive-replacement-switches-relays-automotive-replacement-electrical-system-switches-automotive-replacement-air-conditioning-switches-Automotive Replacement Thermal Limiter Switches;;ce733435-32bd-4bcc-a578-c455bd75dde1;True;0;True
Floor Jacks;automotive-automotive-tools-equipment-garage-shop-products-vehicle-lifts,-hoists-jacks-jacks-Floor Jacks;;a68ede4b-3f95-40a6-bf5c-76f7b5a3d575;True;0;True
Scissor Lift Jacks;automotive-automotive-tools-equipment-garage-shop-products-vehicle-lifts,-hoists-jacks-jacks-Scissor Lift Jacks;;a68ede4b-3f95-40a6-bf5c-76f7b5a3d575;True;0;True
Stabilizer Jacks;automotive-automotive-tools-equipment-garage-shop-products-vehicle-lifts,-hoists-jacks-jacks-Stabilizer Jacks;;a68ede4b-3f95-40a6-bf5c-76f7b5a3d575;True;0;True
Transmission Jacks;automotive-automotive-tools-equipment-garage-shop-products-vehicle-lifts,-hoists-jacks-jacks-Transmission Jacks;;a68ede4b-3f95-40a6-bf5c-76f7b5a3d575;True;0;True
Automobile Headlight Lenses;automotive-lights-bulbs-?ndicators-automotive-lighting-assemblies-automobile-headlight-assemblies,-parts-accessories-automotive-headlight-parts-accessories-Automobile Headlight Lenses;;f3d28769-8084-4a58-8278-66291790c62c;True;0;True
Automotive Headlight Adjusting Screws;automotive-lights-bulbs-?ndicators-automotive-lighting-assemblies-automobile-headlight-assemblies,-parts-accessories-automotive-headlight-parts-accessories-Automotive Headlight Adjusting Screws;;f3d28769-8084-4a58-8278-66291790c62c;True;0;True
Automotive Headlight Bezels;automotive-lights-bulbs-?ndicators-automotive-lighting-assemblies-automobile-headlight-assemblies,-parts-accessories-automotive-headlight-parts-accessories-Automotive Headlight Bezels;;f3d28769-8084-4a58-8278-66291790c62c;True;0;True
Automotive Headlight Brackets;automotive-lights-bulbs-?ndicators-automotive-lighting-assemblies-automobile-headlight-assemblies,-parts-accessories-automotive-headlight-parts-accessories-Automotive Headlight Brackets;;f3d28769-8084-4a58-8278-66291790c62c;True;0;True
Automotive Headlight Bulb Retainers;automotive-lights-bulbs-?ndicators-automotive-lighting-assemblies-automobile-headlight-assemblies,-parts-accessories-automotive-headlight-parts-accessories-Automotive Headlight Bulb Retainers;;f3d28769-8084-4a58-8278-66291790c62c;True;0;True
Automotive Headlight Covers;automotive-lights-bulbs-?ndicators-automotive-lighting-assemblies-automobile-headlight-assemblies,-parts-accessories-automotive-headlight-parts-accessories-Automotive Headlight Covers;;f3d28769-8084-4a58-8278-66291790c62c;True;0;True
Automotive Headlight High & Low Wiring Kits;automotive-lights-bulbs-?ndicators-automotive-lighting-assemblies-automobile-headlight-assemblies,-parts-accessories-automotive-headlight-parts-accessories-Automotive Headlight High & Low Wiring Kits;;f3d28769-8084-4a58-8278-66291790c62c;True;0;True
Automotive Headlight Housings;automotive-lights-bulbs-?ndicators-automotive-lighting-assemblies-automobile-headlight-assemblies,-parts-accessories-automotive-headlight-parts-accessories-Automotive Headlight Housings;;f3d28769-8084-4a58-8278-66291790c62c;True;0;True
Automotive Headlight Restoration Kits;automotive-lights-bulbs-?ndicators-automotive-lighting-assemblies-automobile-headlight-assemblies,-parts-accessories-automotive-headlight-parts-accessories-Automotive Headlight Restoration Kits;;f3d28769-8084-4a58-8278-66291790c62c;True;0;True
Automotive Combo Cornering & Side Marker Light Assemblies;automotive-lights-bulbs-?ndicators-automotive-lighting-assemblies-automotive-signal-light-assemblies-automotive-marker-light-assemblies-Automotive Combo Cornering & Side Marker Light Assemblies;;6a55130b-059a-4323-8471-a1faad1aa7f5;True;0;True
Automotive Combo Parking & Side Marker Light Assemblies;automotive-lights-bulbs-?ndicators-automotive-lighting-assemblies-automotive-signal-light-assemblies-automotive-marker-light-assemblies-Automotive Combo Parking & Side Marker Light Assemblies;;6a55130b-059a-4323-8471-a1faad1aa7f5;True;0;True
Automotive Combo Turn Signal & Side Marker Light Assemblies;automotive-lights-bulbs-?ndicators-automotive-lighting-assemblies-automotive-signal-light-assemblies-automotive-marker-light-assemblies-Automotive Combo Turn Signal & Side Marker Light Assemblies;;6a55130b-059a-4323-8471-a1faad1aa7f5;True;0;True
Automotive Side Marker Light Assemblies;automotive-lights-bulbs-?ndicators-automotive-lighting-assemblies-automotive-signal-light-assemblies-automotive-marker-light-assemblies-Automotive Side Marker Light Assemblies;;6a55130b-059a-4323-8471-a1faad1aa7f5;True;0;True
Automotive Vehicle Top Clearance Light Assemblies;automotive-lights-bulbs-?ndicators-automotive-lighting-assemblies-automotive-signal-light-assemblies-automotive-marker-light-assemblies-Automotive Vehicle Top Clearance Light Assemblies;;6a55130b-059a-4323-8471-a1faad1aa7f5;True;0;True
Powersports Caliper Guards;automotive-motorcycle-powersports-powersports-parts-powersports-body-parts-powersports-body-guards-covers-Powersports Caliper Guards;;ae489d55-fdcd-4a4d-8c39-0f601cd011ea;True;0;True
Powersports Case Savers;automotive-motorcycle-powersports-powersports-parts-powersports-body-parts-powersports-body-guards-covers-Powersports Case Savers;;ae489d55-fdcd-4a4d-8c39-0f601cd011ea;True;0;True
Powersports Disc Guards;automotive-motorcycle-powersports-powersports-parts-powersports-body-parts-powersports-body-guards-covers-Powersports Disc Guards;;ae489d55-fdcd-4a4d-8c39-0f601cd011ea;True;0;True
Powersports Engine Guards;automotive-motorcycle-powersports-powersports-parts-powersports-body-parts-powersports-body-guards-covers-Powersports Engine Guards;;ae489d55-fdcd-4a4d-8c39-0f601cd011ea;True;0;True
Powersports Fork Guards;automotive-motorcycle-powersports-powersports-parts-powersports-body-parts-powersports-body-guards-covers-Powersports Fork Guards;;ae489d55-fdcd-4a4d-8c39-0f601cd011ea;True;0;True
Powersports Frame Guards;automotive-motorcycle-powersports-powersports-parts-powersports-body-parts-powersports-body-guards-covers-Powersports Frame Guards;;ae489d55-fdcd-4a4d-8c39-0f601cd011ea;True;0;True
Powersports Horn Covers;automotive-motorcycle-powersports-powersports-parts-powersports-body-parts-powersports-body-guards-covers-Powersports Horn Covers;;ae489d55-fdcd-4a4d-8c39-0f601cd011ea;True;0;True
Powersports Mud Guards;automotive-motorcycle-powersports-powersports-parts-powersports-body-parts-powersports-body-guards-covers-Powersports Mud Guards;;ae489d55-fdcd-4a4d-8c39-0f601cd011ea;True;0;True
Powersports Skid Plates;automotive-motorcycle-powersports-powersports-parts-powersports-body-parts-powersports-body-guards-covers-Powersports Skid Plates;;ae489d55-fdcd-4a4d-8c39-0f601cd011ea;True;0;True
ATV Floor Boards;automotive-motorcycle-powersports-powersports-parts-powersports-body-parts-powersports-footing-accessories-ATV Floor Boards;;e81a3622-4107-4aa3-ab75-03e007430fe0;True;0;True
Powersports Foot Pegs;automotive-motorcycle-powersports-powersports-parts-powersports-body-parts-powersports-footing-accessories-Powersports Foot Pegs;;e81a3622-4107-4aa3-ab75-03e007430fe0;True;0;True
Powersports Frame Sliders;automotive-motorcycle-powersports-powersports-parts-powersports-body-parts-powersports-frames-accessories-Powersports Frame Sliders;;ff40e1b7-9961-4a26-873b-fa82364bf4ad;True;0;True
Powersports Frames;automotive-motorcycle-powersports-powersports-parts-powersports-body-parts-powersports-frames-accessories-Powersports Frames;;ff40e1b7-9961-4a26-873b-fa82364bf4ad;True;0;True
Powersports Grab Bars;automotive-motorcycle-powersports-powersports-parts-powersports-body-parts-powersports-frames-accessories-Powersports Grab Bars;;ff40e1b7-9961-4a26-873b-fa82364bf4ad;True;0;True
Powersports Highway Bars;automotive-motorcycle-powersports-powersports-parts-powersports-body-parts-powersports-frames-accessories-Powersports Highway Bars;;ff40e1b7-9961-4a26-873b-fa82364bf4ad;True;0;True
Powersports Luggage Racks;automotive-motorcycle-powersports-powersports-parts-powersports-body-parts-powersports-frames-accessories-Powersports Luggage Racks;;ff40e1b7-9961-4a26-873b-fa82364bf4ad;True;0;True
Powersports Nerf Bars;automotive-motorcycle-powersports-powersports-parts-powersports-body-parts-powersports-frames-accessories-Powersports Nerf Bars;;ff40e1b7-9961-4a26-873b-fa82364bf4ad;True;0;True
Powersports Gas Tank Protectors;automotive-motorcycle-powersports-powersports-parts-powersports-body-parts-powersports-gas-tanks-accessories-Powersports Gas Tank Protectors;;35ae379d-0476-4956-b22a-a457a64c8134;True;0;True
Powersports Blind Spot Mirrors;automotive-motorcycle-powersports-powersports-parts-powersports-body-parts-powersports-mirrors-accessories-Powersports Blind Spot Mirrors;;b93733e2-5c14-4ea9-9601-9d29b55572dd;True;0;True
Powersports Mirror Brackes;automotive-motorcycle-powersports-powersports-parts-powersports-body-parts-powersports-mirrors-accessories-Powersports Mirror Brackes;;b93733e2-5c14-4ea9-9601-9d29b55572dd;True;0;True
Powersports Side Mirrors;automotive-motorcycle-powersports-powersports-parts-powersports-body-parts-powersports-mirrors-accessories-Powersports Side Mirrors;;b93733e2-5c14-4ea9-9601-9d29b55572dd;True;0;True
Powersports Body Kits;automotive-motorcycle-powersports-powersports-parts-powersports-body-parts-powersports-plastics-Powersports Body Kits;;b94a9f43-8429-413e-9351-5712790dfa96;True;0;True
Powersports Bumpers & Fenders;automotive-motorcycle-powersports-powersports-parts-powersports-body-parts-powersports-plastics-Powersports Bumpers & Fenders;;b94a9f43-8429-413e-9351-5712790dfa96;True;0;True
Powersports Bumpers & Fenders;automotive-motorcycle-powersports-powersports-parts-powersports-body-parts-powersports-plastics-Powersports Bumpers & Fenders;;b94a9f43-8429-413e-9351-5712790dfa96;True;0;True
Powersports Bumpers & Fenders;automotive-motorcycle-powersports-powersports-parts-powersports-body-parts-powersports-plastics-Powersports Bumpers & Fenders;;b94a9f43-8429-413e-9351-5712790dfa96;True;0;True
Powersports Bumpers & Fenders;automotive-motorcycle-powersports-powersports-parts-powersports-body-parts-powersports-plastics-Powersports Bumpers & Fenders;;b94a9f43-8429-413e-9351-5712790dfa96;True;0;True
Powersports Bumpers & Fenders;automotive-motorcycle-powersports-powersports-parts-powersports-body-parts-powersports-plastics-Powersports Bumpers & Fenders;;b94a9f43-8429-413e-9351-5712790dfa96;True;0;True
Powersports Fairing Kits;automotive-motorcycle-powersports-powersports-parts-powersports-body-parts-powersports-plastics-Powersports Fairing Kits;;b94a9f43-8429-413e-9351-5712790dfa96;True;0;True
Powersports Radiator Shrouds;automotive-motorcycle-powersports-powersports-parts-powersports-body-parts-powersports-plastics-Powersports Radiator Shrouds;;b94a9f43-8429-413e-9351-5712790dfa96;True;0;True
Powersports Side Panels;automotive-motorcycle-powersports-powersports-parts-powersports-body-parts-powersports-plastics-Powersports Side Panels;;b94a9f43-8429-413e-9351-5712790dfa96;True;0;True
Powersports Seat Cowls;automotive-motorcycle-powersports-powersports-parts-powersports-body-parts-powersports-seats-sissy-bars-Powersports Seat Cowls;;4f500291-6105-4036-8880-ab9abc71a64e;True;0;True
Powersports Seats;automotive-motorcycle-powersports-powersports-parts-powersports-body-parts-powersports-seats-sissy-bars-Powersports Seats;;4f500291-6105-4036-8880-ab9abc71a64e;True;0;True
Powersports Sissy Bars;automotive-motorcycle-powersports-powersports-parts-powersports-body-parts-powersports-seats-sissy-bars-Powersports Sissy Bars;;4f500291-6105-4036-8880-ab9abc71a64e;True;0;True
Powersports Windscreen Trim;automotive-motorcycle-powersports-powersports-parts-powersports-body-parts-powersports-windshields-accessories-Powersports Windscreen Trim;;2408c5ca-04e2-436c-abf1-aee163d03acc;True;0;True
Powersports Windshield Hardware;automotive-motorcycle-powersports-powersports-parts-powersports-body-parts-powersports-windshields-accessories-Powersports Windshield Hardware;;2408c5ca-04e2-436c-abf1-aee163d03acc;True;0;True
Powersports Windshield Lowers & Deflectors;automotive-motorcycle-powersports-powersports-parts-powersports-body-parts-powersports-windshields-accessories-Powersports Windshield Lowers & Deflectors;;2408c5ca-04e2-436c-abf1-aee163d03acc;True;0;True
Powersports Windshield Lowers & Deflectors;automotive-motorcycle-powersports-powersports-parts-powersports-body-parts-powersports-windshields-accessories-Powersports Windshield Lowers & Deflectors;;2408c5ca-04e2-436c-abf1-aee163d03acc;True;0;True
Powersports Windshields;automotive-motorcycle-powersports-powersports-parts-powersports-body-parts-powersports-windshields-accessories-Powersports Windshields;;2408c5ca-04e2-436c-abf1-aee163d03acc;True;0;True
Powersports Brake Cables & Lines;automotive-motorcycle-powersports-powersports-parts-powersports-controls-powersports-control-cables-Powersports Brake Cables & Lines;;7aa8265d-f5c4-4d12-9244-0e82cfb22e36;True;0;True
Powersports Clutch Cables & Lines;automotive-motorcycle-powersports-powersports-parts-powersports-controls-powersports-control-cables-Powersports Clutch Cables & Lines;;7aa8265d-f5c4-4d12-9244-0e82cfb22e36;True;0;True
Powersports Brake Pedals;automotive-motorcycle-powersports-powersports-parts-powersports-controls-powersports-foot-controls-Powersports Brake Pedals;;205a3c19-56df-4902-93d4-da649232cc9a;True;0;True
Powersports Forward Controls;automotive-motorcycle-powersports-powersports-parts-powersports-controls-powersports-foot-controls-Powersports Forward Controls;;205a3c19-56df-4902-93d4-da649232cc9a;True;0;True
Powersports Kick Starters;automotive-motorcycle-powersports-powersports-parts-powersports-controls-powersports-foot-controls-Powersports Kick Starters;;205a3c19-56df-4902-93d4-da649232cc9a;True;0;True
Powersports Rearsets;automotive-motorcycle-powersports-powersports-parts-powersports-controls-powersports-foot-controls-Powersports Rearsets;;205a3c19-56df-4902-93d4-da649232cc9a;True;0;True
Powersports Bar Ends;automotive-motorcycle-powersports-powersports-parts-powersports-controls-powersports-handlebars-parts-Powersports Bar Ends;;3151bc3d-470d-4f4a-9f01-a2d9002f8ca1;True;0;True
Powersports Grips;automotive-motorcycle-powersports-powersports-parts-powersports-controls-powersports-handlebars-parts-Powersports Grips;;3151bc3d-470d-4f4a-9f01-a2d9002f8ca1;True;0;True
Powersports Handguards;automotive-motorcycle-powersports-powersports-parts-powersports-controls-powersports-handlebars-parts-Powersports Handguards;;3151bc3d-470d-4f4a-9f01-a2d9002f8ca1;True;0;True
Powersports Handlebar Pads;automotive-motorcycle-powersports-powersports-parts-powersports-controls-powersports-handlebars-parts-Powersports Handlebar Pads;;3151bc3d-470d-4f4a-9f01-a2d9002f8ca1;True;0;True
Powersports Handlebar Risers;automotive-motorcycle-powersports-powersports-parts-powersports-controls-powersports-handlebars-parts-Powersports Handlebar Risers;;3151bc3d-470d-4f4a-9f01-a2d9002f8ca1;True;0;True
Powersports Handlebars;automotive-motorcycle-powersports-powersports-parts-powersports-controls-powersports-handlebars-parts-Powersports Handlebars;;3151bc3d-470d-4f4a-9f01-a2d9002f8ca1;True;0;True
Powersports Stabilizers;automotive-motorcycle-powersports-powersports-parts-powersports-controls-powersports-handlebars-parts-Powersports Stabilizers;;3151bc3d-470d-4f4a-9f01-a2d9002f8ca1;True;0;True
Powersports Steering Wheels;automotive-motorcycle-powersports-powersports-parts-powersports-controls-powersports-handlebars-parts-Powersports Steering Wheels;;3151bc3d-470d-4f4a-9f01-a2d9002f8ca1;True;0;True
Powersports Brake Levers;automotive-motorcycle-powersports-powersports-parts-powersports-controls-powersports-levers-Powersports Brake Levers;;4e085190-3508-40a6-a13e-e2de24b88962;True;0;True
Powersports Clutch Levers;automotive-motorcycle-powersports-powersports-parts-powersports-controls-powersports-levers-Powersports Clutch Levers;;4e085190-3508-40a6-a13e-e2de24b88962;True;0;True
Powersports Shift Levers;automotive-motorcycle-powersports-powersports-parts-powersports-controls-powersports-levers-Powersports Shift Levers;;4e085190-3508-40a6-a13e-e2de24b88962;True;0;True
Powersports Throttles;automotive-motorcycle-powersports-powersports-parts-powersports-controls-powersports-levers-Powersports Throttles;;4e085190-3508-40a6-a13e-e2de24b88962;True;0;True
Powersports Chain & Sprocket Kits;automotive-motorcycle-powersports-powersports-parts-powersports-drive-train-parts-powersports-chains-accessories-Powersports Chain & Sprocket Kits;;a19cc0a1-2eaf-4272-b628-029ea2d7cfcb;True;0;True
Powersports Chain Adjusters;automotive-motorcycle-powersports-powersports-parts-powersports-drive-train-parts-powersports-chains-accessories-Powersports Chain Adjusters;;a19cc0a1-2eaf-4272-b628-029ea2d7cfcb;True;0;True
Powersports Chain Guards;automotive-motorcycle-powersports-powersports-parts-powersports-drive-train-parts-powersports-chains-accessories-Powersports Chain Guards;;a19cc0a1-2eaf-4272-b628-029ea2d7cfcb;True;0;True
Powersports Drive Chains;automotive-motorcycle-powersports-powersports-parts-powersports-drive-train-parts-powersports-chains-accessories-Powersports Drive Chains;;a19cc0a1-2eaf-4272-b628-029ea2d7cfcb;True;0;True
Powersports Master Links;automotive-motorcycle-powersports-powersports-parts-powersports-drive-train-parts-powersports-chains-accessories-Powersports Master Links;;a19cc0a1-2eaf-4272-b628-029ea2d7cfcb;True;0;True
Powersports Sprockets;automotive-motorcycle-powersports-powersports-parts-powersports-drive-train-parts-powersports-chains-accessories-Powersports Sprockets;;a19cc0a1-2eaf-4272-b628-029ea2d7cfcb;True;0;True
Powersports Piston Rings;automotive-motorcycle-powersports-powersports-parts-powersports-engine-parts-powersports-pistons-parts-Powersports Piston Rings;;b351ebd0-6864-42bc-ad90-33c4dd037d61;True;0;True
Powersports Pistons;automotive-motorcycle-powersports-powersports-parts-powersports-engine-parts-powersports-pistons-parts-Powersports Pistons;;b351ebd0-6864-42bc-ad90-33c4dd037d61;True;0;True
Powersports Exhaust Baffles;automotive-motorcycle-powersports-powersports-parts-powersports-exhaust-parts-powersports-mufflers-baffles-Powersports Exhaust Baffles;;653c4124-e28b-40db-bd4a-2aab9de70746;True;0;True
Powersports Silencers & Mufflers;automotive-motorcycle-powersports-powersports-parts-powersports-exhaust-parts-powersports-mufflers-baffles-Powersports Silencers & Mufflers;;653c4124-e28b-40db-bd4a-2aab9de70746;True;0;True
Powersports Accessory Light Kits;automotive-motorcycle-powersports-powersports-parts-powersports-external-lights-powersports-accessory-lighting-Powersports Accessory Light Kits;;07bed778-551e-49b1-93ff-3898dfe54b80;True;0;True
Powersports Accessory Lights;automotive-motorcycle-powersports-powersports-parts-powersports-external-lights-powersports-accessory-lighting-Powersports Accessory Lights;;07bed778-551e-49b1-93ff-3898dfe54b80;True;0;True
Powersports Spark Plug Wires;automotive-motorcycle-powersports-powersports-parts-powersports-?gnition-parts-powersports-spark-plugs-accessories-Powersports Spark Plug Wires;;3dacac62-9477-46c0-becd-d97fc3928e97;True;0;True
Powersports Spark Plugs;automotive-motorcycle-powersports-powersports-parts-powersports-?gnition-parts-powersports-spark-plugs-accessories-Powersports Spark Plugs;;3dacac62-9477-46c0-becd-d97fc3928e97;True;0;True
Powersports Axles;automotive-motorcycle-powersports-powersports-parts-powersports-suspension-chassis-powersports-chassis-Powersports Axles;;d2880677-2bcc-4f37-8fcd-d6bd544845dd;True;0;True
Powersports Shocks;automotive-motorcycle-powersports-powersports-parts-powersports-suspension-chassis-powersports-chassis-Powersports Shocks;;d2880677-2bcc-4f37-8fcd-d6bd544845dd;True;0;True
Powersports Springer Front Ends;automotive-motorcycle-powersports-powersports-parts-powersports-suspension-chassis-powersports-chassis-Powersports Springer Front Ends;;d2880677-2bcc-4f37-8fcd-d6bd544845dd;True;0;True
Powersports Springs;automotive-motorcycle-powersports-powersports-parts-powersports-suspension-chassis-powersports-chassis-Powersports Springs;;d2880677-2bcc-4f37-8fcd-d6bd544845dd;True;0;True
Powersports Fork Brackets;automotive-motorcycle-powersports-powersports-parts-powersports-suspension-chassis-powersports-forks-accessories-Powersports Fork Brackets;;a2ad2260-9894-408f-9b1f-135a74090b7b;True;0;True
Powersports Fork Sliders;automotive-motorcycle-powersports-powersports-parts-powersports-suspension-chassis-powersports-forks-accessories-Powersports Fork Sliders;;a2ad2260-9894-408f-9b1f-135a74090b7b;True;0;True
Powersports Fork Tubes;automotive-motorcycle-powersports-powersports-parts-powersports-suspension-chassis-powersports-forks-accessories-Powersports Fork Tubes;;a2ad2260-9894-408f-9b1f-135a74090b7b;True;0;True
Powersports Front Forks;automotive-motorcycle-powersports-powersports-parts-powersports-suspension-chassis-powersports-forks-accessories-Powersports Front Forks;;a2ad2260-9894-408f-9b1f-135a74090b7b;True;0;True
Powersports Tires & Inner Tubes;automotive-motorcycle-powersports-powersports-parts-powersports-wheels-tires-powersports-tires-accessories-Powersports Tires & Inner Tubes;;0e0c3a05-5611-4e34-969e-f0f0a61292cb;True;0;True
Powersports Tires & Inner Tubes;automotive-motorcycle-powersports-powersports-parts-powersports-wheels-tires-powersports-tires-accessories-Powersports Tires & Inner Tubes;;0e0c3a05-5611-4e34-969e-f0f0a61292cb;True;0;True
Powersports Tires & Inner Tubes;automotive-motorcycle-powersports-powersports-parts-powersports-wheels-tires-powersports-tires-accessories-Powersports Tires & Inner Tubes;;0e0c3a05-5611-4e34-969e-f0f0a61292cb;True;0;True
Powersports Tires & Inner Tubes;automotive-motorcycle-powersports-powersports-parts-powersports-wheels-tires-powersports-tires-accessories-Powersports Tires & Inner Tubes;;0e0c3a05-5611-4e34-969e-f0f0a61292cb;True;0;True
Powersports Tires & Inner Tubes;automotive-motorcycle-powersports-powersports-parts-powersports-wheels-tires-powersports-tires-accessories-Powersports Tires & Inner Tubes;;0e0c3a05-5611-4e34-969e-f0f0a61292cb;True;0;True
Powersports Tires & Inner Tubes;automotive-motorcycle-powersports-powersports-parts-powersports-wheels-tires-powersports-tires-accessories-Powersports Tires & Inner Tubes;;0e0c3a05-5611-4e34-969e-f0f0a61292cb;True;0;True
Powersports Tires & Inner Tubes;automotive-motorcycle-powersports-powersports-parts-powersports-wheels-tires-powersports-tires-accessories-Powersports Tires & Inner Tubes;;0e0c3a05-5611-4e34-969e-f0f0a61292cb;True;0;True
Powersports Tires & Inner Tubes;automotive-motorcycle-powersports-powersports-parts-powersports-wheels-tires-powersports-tires-accessories-Powersports Tires & Inner Tubes;;0e0c3a05-5611-4e34-969e-f0f0a61292cb;True;0;True
Powersports Tires & Inner Tubes;automotive-motorcycle-powersports-powersports-parts-powersports-wheels-tires-powersports-tires-accessories-Powersports Tires & Inner Tubes;;0e0c3a05-5611-4e34-969e-f0f0a61292cb;True;0;True
Powersports Tires & Inner Tubes;automotive-motorcycle-powersports-powersports-parts-powersports-wheels-tires-powersports-tires-accessories-Powersports Tires & Inner Tubes;;0e0c3a05-5611-4e34-969e-f0f0a61292cb;True;0;True
Powersports Tires & Inner Tubes;automotive-motorcycle-powersports-powersports-parts-powersports-wheels-tires-powersports-tires-accessories-Powersports Tires & Inner Tubes;;0e0c3a05-5611-4e34-969e-f0f0a61292cb;True;0;True
Powersports Tires & Inner Tubes;automotive-motorcycle-powersports-powersports-parts-powersports-wheels-tires-powersports-tires-accessories-Powersports Tires & Inner Tubes;;0e0c3a05-5611-4e34-969e-f0f0a61292cb;True;0;True
Powersports Tires & Inner Tubes;automotive-motorcycle-powersports-powersports-parts-powersports-wheels-tires-powersports-tires-accessories-Powersports Tires & Inner Tubes;;0e0c3a05-5611-4e34-969e-f0f0a61292cb;True;0;True
Powersports Tires & Inner Tubes;automotive-motorcycle-powersports-powersports-parts-powersports-wheels-tires-powersports-tires-accessories-Powersports Tires & Inner Tubes;;0e0c3a05-5611-4e34-969e-f0f0a61292cb;True;0;True
Powersports Tires & Inner Tubes;automotive-motorcycle-powersports-powersports-parts-powersports-wheels-tires-powersports-tires-accessories-Powersports Tires & Inner Tubes;;0e0c3a05-5611-4e34-969e-f0f0a61292cb;True;0;True
Powersports Tires & Inner Tubes;automotive-motorcycle-powersports-powersports-parts-powersports-wheels-tires-powersports-tires-accessories-Powersports Tires & Inner Tubes;;0e0c3a05-5611-4e34-969e-f0f0a61292cb;True;0;True
Powersports Tires & Inner Tubes;automotive-motorcycle-powersports-powersports-parts-powersports-wheels-tires-powersports-tires-accessories-Powersports Tires & Inner Tubes;;0e0c3a05-5611-4e34-969e-f0f0a61292cb;True;0;True
Powersports Wheel Chains;automotive-motorcycle-powersports-powersports-parts-powersports-wheels-tires-powersports-tires-accessories-Powersports Wheel Chains;;0e0c3a05-5611-4e34-969e-f0f0a61292cb;True;0;True
ATV & UTV Wheels;automotive-motorcycle-powersports-powersports-parts-powersports-wheels-tires-powersports-wheels-accessories-ATV & UTV Wheels;;179ef509-7edd-49e7-9cde-1e39615f8fa3;True;0;True
Powersports Rims;automotive-motorcycle-powersports-powersports-parts-powersports-wheels-tires-powersports-wheels-accessories-Powersports Rims;;179ef509-7edd-49e7-9cde-1e39615f8fa3;True;0;True
Powersports Spokes;automotive-motorcycle-powersports-powersports-parts-powersports-wheels-tires-powersports-wheels-accessories-Powersports Spokes;;179ef509-7edd-49e7-9cde-1e39615f8fa3;True;0;True
Powersports Wheel Hubs;automotive-motorcycle-powersports-powersports-parts-powersports-wheels-tires-powersports-wheels-accessories-Powersports Wheel Hubs;;179ef509-7edd-49e7-9cde-1e39615f8fa3;True;0;True
Powersports Wheel Repair Kits;automotive-motorcycle-powersports-powersports-parts-powersports-wheels-tires-powersports-wheels-accessories-Powersports Wheel Repair Kits;;179ef509-7edd-49e7-9cde-1e39615f8fa3;True;0;True
Powersports Wheel Spacers;automotive-motorcycle-powersports-powersports-parts-powersports-wheels-tires-powersports-wheels-accessories-Powersports Wheel Spacers;;179ef509-7edd-49e7-9cde-1e39615f8fa3;True;0;True
Powersports Wheel Studs;automotive-motorcycle-powersports-powersports-parts-powersports-wheels-tires-powersports-wheels-accessories-Powersports Wheel Studs;;179ef509-7edd-49e7-9cde-1e39615f8fa3;True;0;True
Powersports Wheels;automotive-motorcycle-powersports-powersports-parts-powersports-wheels-tires-powersports-wheels-accessories-Powersports Wheels;;179ef509-7edd-49e7-9cde-1e39615f8fa3;True;0;True
Powersports Wheels;automotive-motorcycle-powersports-powersports-parts-powersports-wheels-tires-powersports-wheels-accessories-Powersports Wheels;;179ef509-7edd-49e7-9cde-1e39615f8fa3;True;0;True
Powersports Wheels;automotive-motorcycle-powersports-powersports-parts-powersports-wheels-tires-powersports-wheels-accessories-Powersports Wheels;;179ef509-7edd-49e7-9cde-1e39615f8fa3;True;0;True
Powersports Goggle Lenses;automotive-motorcycle-powersports-powersports-protective-gear-powersports-eyewear-powersports-goggle-accessories-Powersports Goggle Lenses;;2bad098f-824f-4eb8-86a4-14fa1e8f3fb1;True;0;True
Powersports Goggle Straps;automotive-motorcycle-powersports-powersports-protective-gear-powersports-eyewear-powersports-goggle-accessories-Powersports Goggle Straps;;2bad098f-824f-4eb8-86a4-14fa1e8f3fb1;True;0;True
Childrens Motorcycle Protective Boots;automotive-motorcycle-powersports-powersports-protective-gear-powersports-footwear-kids-motorcycle-protective-footwear-Childrens Motorcycle Protective Boots;;0b853596-d28f-4913-9392-70ad5373dff4;True;0;True
Mens Motorcycle Protective Boots;automotive-motorcycle-powersports-powersports-protective-gear-powersports-footwear-mens-motorcycle-protective-footwear-Mens Motorcycle Protective Boots;;364771d0-a93e-4c9a-9b72-13c10bbaaf05;True;0;True
Mens Motorcycle Protective Shoes;automotive-motorcycle-powersports-powersports-protective-gear-powersports-footwear-mens-motorcycle-protective-footwear-Mens Motorcycle Protective Shoes;;364771d0-a93e-4c9a-9b72-13c10bbaaf05;True;0;True
Womens Motorcycle Protective Boots;automotive-motorcycle-powersports-powersports-protective-gear-powersports-footwear-womens-motorcycle-protective-footwear-Womens Motorcycle Protective Boots;;d411d7d1-297a-464f-b297-d2f7d35efa68;True;0;True
Womens Motorcycle Protective Shoes;automotive-motorcycle-powersports-powersports-protective-gear-powersports-footwear-womens-motorcycle-protective-footwear-Womens Motorcycle Protective Shoes;;d411d7d1-297a-464f-b297-d2f7d35efa68;True;0;True
RV Toilet Spare Parts;automotive-rv-parts-accessories-rv-interior-parts-accessories-rv-bath-accessories-rv-toilets-parts-RV Toilet Spare Parts;;ba89f382-225f-45c6-8765-5a882803cf24;True;0;True
RV Toilets;automotive-rv-parts-accessories-rv-interior-parts-accessories-rv-bath-accessories-rv-toilets-parts-RV Toilets;;ba89f382-225f-45c6-8765-5a882803cf24;True;0;True
RV Bed Mattresses;automotive-rv-parts-accessories-rv-interior-parts-accessories-rv-bedroom-furnishings-accessories-rv-bed-pads-mattresses-RV Bed Mattresses;;7cee2263-743a-4048-8991-5f44b0f4d3ad;True;0;True
RV Bed Pads;automotive-rv-parts-accessories-rv-interior-parts-accessories-rv-bedroom-furnishings-accessories-rv-bed-pads-mattresses-RV Bed Pads;;7cee2263-743a-4048-8991-5f44b0f4d3ad;True;0;True
RV Cooktop & Ranges;automotive-rv-parts-accessories-rv-interior-parts-accessories-rv-kitchen-furnishings-accessories-rv-kitchen-appliances-RV Cooktop & Ranges;;a98b525c-3ff3-4e15-adbf-23375bb7f281;True;0;True
RV Refrigerators & Parts;automotive-rv-parts-accessories-rv-interior-parts-accessories-rv-kitchen-furnishings-accessories-rv-kitchen-appliances-RV Refrigerators & Parts;;a98b525c-3ff3-4e15-adbf-23375bb7f281;True;0;True
RV Refrigerators & Parts;automotive-rv-parts-accessories-rv-interior-parts-accessories-rv-kitchen-furnishings-accessories-rv-kitchen-appliances-RV Refrigerators & Parts;;a98b525c-3ff3-4e15-adbf-23375bb7f281;True;0;True
RV Refrigerators & Parts;automotive-rv-parts-accessories-rv-interior-parts-accessories-rv-kitchen-furnishings-accessories-rv-kitchen-appliances-RV Refrigerators & Parts;;a98b525c-3ff3-4e15-adbf-23375bb7f281;True;0;True
RV Water Heater Thermostats, Elements & Parts;automotive-rv-parts-accessories-rv-plumbing-rv-freshwater-systems-rv-water-heaters,-parts-accessories-RV Water Heater Thermostats, Elements & Parts;;940156e2-5fcd-4940-b4d9-cfb37d901e81;True;0;True
RV Water Heaters;automotive-rv-parts-accessories-rv-plumbing-rv-freshwater-systems-rv-water-heaters,-parts-accessories-RV Water Heaters;;940156e2-5fcd-4940-b4d9-cfb37d901e81;True;0;True
Baby Bed Sheets;baby-products-nursery-furniture-bedding-decor-nursery-bedding-mattresses-nursery-bedding-baby-bedding-Baby Bed Sheets;;50ffcb6c-2525-40a2-aaaf-83cb73f59ce5;True;0;True
Baby Bedding Accessories;baby-products-nursery-furniture-bedding-decor-nursery-bedding-mattresses-nursery-bedding-baby-bedding-Baby Bedding Accessories;;50ffcb6c-2525-40a2-aaaf-83cb73f59ce5;True;0;True
Baby Bedding Accessories;baby-products-nursery-furniture-bedding-decor-nursery-bedding-mattresses-nursery-bedding-baby-bedding-Baby Bedding Accessories;;50ffcb6c-2525-40a2-aaaf-83cb73f59ce5;True;0;True
Baby Bedding Sets;baby-products-nursery-furniture-bedding-decor-nursery-bedding-mattresses-nursery-bedding-baby-bedding-Baby Bedding Sets;;50ffcb6c-2525-40a2-aaaf-83cb73f59ce5;True;0;True
Baby Head Shaping Pillows;baby-products-nursery-furniture-bedding-decor-nursery-bedding-mattresses-nursery-bedding-baby-pillows-Baby Head Shaping Pillows;;11519d08-2a5c-4375-927e-6b242995c093;True;0;True
Bassinet Bed Skirts;baby-products-nursery-furniture-bedding-decor-nursery-bedding-mattresses-nursery-bedding-bassinet-bedding-Bassinet Bed Skirts;;467ddcfe-9d81-4da6-83f8-02a79570c075;True;0;True
Bassinet Bedding Sets;baby-products-nursery-furniture-bedding-decor-nursery-bedding-mattresses-nursery-bedding-bassinet-bedding-Bassinet Bedding Sets;;467ddcfe-9d81-4da6-83f8-02a79570c075;True;0;True
Bassinet Bumpers;baby-products-nursery-furniture-bedding-decor-nursery-bedding-mattresses-nursery-bedding-bassinet-bedding-Bassinet Bumpers;;467ddcfe-9d81-4da6-83f8-02a79570c075;True;0;True
Bassinet Mattress Pads;baby-products-nursery-furniture-bedding-decor-nursery-bedding-mattresses-nursery-bedding-bassinet-bedding-Bassinet Mattress Pads;;467ddcfe-9d81-4da6-83f8-02a79570c075;True;0;True
Bassinet Sheets;baby-products-nursery-furniture-bedding-decor-nursery-bedding-mattresses-nursery-bedding-bassinet-bedding-Bassinet Sheets;;467ddcfe-9d81-4da6-83f8-02a79570c075;True;0;True
Cradle Bedding Sets;baby-products-nursery-furniture-bedding-decor-nursery-bedding-mattresses-nursery-bedding-cradle-bedding-Cradle Bedding Sets;;3630535e-168e-4885-a58c-8e2985e86ea0;True;0;True
Cradle Sheets;baby-products-nursery-furniture-bedding-decor-nursery-bedding-mattresses-nursery-bedding-cradle-bedding-Cradle Sheets;;3630535e-168e-4885-a58c-8e2985e86ea0;True;0;True
Crib Bed Skirts;baby-products-nursery-furniture-bedding-decor-nursery-bedding-mattresses-nursery-bedding-crib-bedding-Crib Bed Skirts;;240cd6a7-2731-462d-b8df-65bfcec35c76;True;0;True
Crib Bedding Bumpers;baby-products-nursery-furniture-bedding-decor-nursery-bedding-mattresses-nursery-bedding-crib-bedding-Crib Bedding Bumpers;;240cd6a7-2731-462d-b8df-65bfcec35c76;True;0;True
Crib Bedding Sets;baby-products-nursery-furniture-bedding-decor-nursery-bedding-mattresses-nursery-bedding-crib-bedding-Crib Bedding Sets;;240cd6a7-2731-462d-b8df-65bfcec35c76;True;0;True
Crib Mattress Pads;baby-products-nursery-furniture-bedding-decor-nursery-bedding-mattresses-nursery-bedding-crib-bedding-Crib Mattress Pads;;240cd6a7-2731-462d-b8df-65bfcec35c76;True;0;True
Crib Netting;baby-products-nursery-furniture-bedding-decor-nursery-bedding-mattresses-nursery-bedding-crib-bedding-Crib Netting;;240cd6a7-2731-462d-b8df-65bfcec35c76;True;0;True
Crib Rail Covers;baby-products-nursery-furniture-bedding-decor-nursery-bedding-mattresses-nursery-bedding-crib-bedding-Crib Rail Covers;;240cd6a7-2731-462d-b8df-65bfcec35c76;True;0;True
Crib Sheets;baby-products-nursery-furniture-bedding-decor-nursery-bedding-mattresses-nursery-bedding-crib-bedding-Crib Sheets;;240cd6a7-2731-462d-b8df-65bfcec35c76;True;0;True
Baby Throws;baby-products-nursery-furniture-bedding-decor-nursery-bedding-mattresses-nursery-bedding-nursery-blankets-Baby Throws;;79b19b3f-44da-4c06-8ae7-460296b9abac;True;0;True
Baby Wearable Blankets;baby-products-nursery-furniture-bedding-decor-nursery-bedding-mattresses-nursery-bedding-nursery-blankets-Baby Wearable Blankets;;79b19b3f-44da-4c06-8ae7-460296b9abac;True;0;True
Nursery Bed Blankets;baby-products-nursery-furniture-bedding-decor-nursery-bedding-mattresses-nursery-bedding-nursery-blankets-Nursery Bed Blankets;;79b19b3f-44da-4c06-8ae7-460296b9abac;True;0;True
Nursery Receiving Blankets;baby-products-nursery-furniture-bedding-decor-nursery-bedding-mattresses-nursery-bedding-nursery-blankets-Nursery Receiving Blankets;;79b19b3f-44da-4c06-8ae7-460296b9abac;True;0;True
Nursery Swaddling Blankets;baby-products-nursery-furniture-bedding-decor-nursery-bedding-mattresses-nursery-bedding-nursery-blankets-Nursery Swaddling Blankets;;79b19b3f-44da-4c06-8ae7-460296b9abac;True;0;True
Toddler Bedding Duvet Covers;baby-products-nursery-furniture-bedding-decor-nursery-bedding-mattresses-toddler-bedding-toddler-duvets,-covers-sets-Toddler Bedding Duvet Covers;;db8ae079-a196-41fc-87b4-c9afb19d2545;True;0;True
Toddler Bedding Duvets;baby-products-nursery-furniture-bedding-decor-nursery-bedding-mattresses-toddler-bedding-toddler-duvets,-covers-sets-Toddler Bedding Duvets;;db8ae079-a196-41fc-87b4-c9afb19d2545;True;0;True
Toddler Duvet Cover Sets;baby-products-nursery-furniture-bedding-decor-nursery-bedding-mattresses-toddler-bedding-toddler-duvets,-covers-sets-Toddler Duvet Cover Sets;;db8ae079-a196-41fc-87b4-c9afb19d2545;True;0;True
Toddler Pillowcases;baby-products-nursery-furniture-bedding-decor-nursery-bedding-mattresses-toddler-bedding-toddler-sheets-pillowcases-Toddler Pillowcases;;8662ed67-e87e-4ed2-8847-fa4d2085aa0f;True;0;True
Toddler Sheet & Pillowcase Sets;baby-products-nursery-furniture-bedding-decor-nursery-bedding-mattresses-toddler-bedding-toddler-sheets-pillowcases-Toddler Sheet & Pillowcase Sets;;8662ed67-e87e-4ed2-8847-fa4d2085aa0f;True;0;True
False Eyelash & Adhesive Sets;beauty-personal-care-beauty-tools-accessories-makeup-brushes-tools-eye-makeup-brushes-tools-false-eyelashes-adhesives-False Eyelash & Adhesive Sets;;cfa4a6ba-1b1c-45d1-b4c1-778db0d1cd7e;True;0;True
False Eyelash Adhesives;beauty-personal-care-beauty-tools-accessories-makeup-brushes-tools-eye-makeup-brushes-tools-false-eyelashes-adhesives-False Eyelash Adhesives;;cfa4a6ba-1b1c-45d1-b4c1-778db0d1cd7e;True;0;True
False Eyelashes;beauty-personal-care-beauty-tools-accessories-makeup-brushes-tools-eye-makeup-brushes-tools-false-eyelashes-adhesives-False Eyelashes;;cfa4a6ba-1b1c-45d1-b4c1-778db0d1cd7e;True;0;True
Blush Brushes;beauty-personal-care-beauty-tools-accessories-makeup-brushes-tools-face-makeup-brushes-tools-face-makeup-brushes-Blush Brushes;;f032af51-ba79-49ce-aacb-0e4741fff918;True;0;True
Concealer Brushes;beauty-personal-care-beauty-tools-accessories-makeup-brushes-tools-face-makeup-brushes-tools-face-makeup-brushes-Concealer Brushes;;f032af51-ba79-49ce-aacb-0e4741fff918;True;0;True
Contour Brushes;beauty-personal-care-beauty-tools-accessories-makeup-brushes-tools-face-makeup-brushes-tools-face-makeup-brushes-Contour Brushes;;f032af51-ba79-49ce-aacb-0e4741fff918;True;0;True
Fan Brushes;beauty-personal-care-beauty-tools-accessories-makeup-brushes-tools-face-makeup-brushes-tools-face-makeup-brushes-Fan Brushes;;f032af51-ba79-49ce-aacb-0e4741fff918;True;0;True
Foundation Brushes;beauty-personal-care-beauty-tools-accessories-makeup-brushes-tools-face-makeup-brushes-tools-face-makeup-brushes-Foundation Brushes;;f032af51-ba79-49ce-aacb-0e4741fff918;True;0;True
Kabuki Brushes;beauty-personal-care-beauty-tools-accessories-makeup-brushes-tools-face-makeup-brushes-tools-face-makeup-brushes-Kabuki Brushes;;f032af51-ba79-49ce-aacb-0e4741fff918;True;0;True
Acrylic False Nail Liquids;beauty-personal-care-foot-hand-nail-care-products-nail-polish-decoration-products-false-nails-accessories-false-nail-acrylic-powders-liquids-Acrylic False Nail Liquids;;12fcc0b6-f572-4045-b14e-0e1b1b2a3131;True;0;True
Acrylic False Nail Powders;beauty-personal-care-foot-hand-nail-care-products-nail-polish-decoration-products-false-nails-accessories-false-nail-acrylic-powders-liquids-Acrylic False Nail Powders;;12fcc0b6-f572-4045-b14e-0e1b1b2a3131;True;0;True
Rotating Power Toothbrushes;beauty-personal-care-oral-care-products-toothbrushes-accessories-powered-toothbrushes-accessories-power-toothbrushes-Rotating Power Toothbrushes;;a8c892c1-79aa-4a91-b311-d6ee09562a78;True;0;True
Sonic Toothbrushes;beauty-personal-care-oral-care-products-toothbrushes-accessories-powered-toothbrushes-accessories-power-toothbrushes-Sonic Toothbrushes;;a8c892c1-79aa-4a91-b311-d6ee09562a78;True;0;True
Ultrasonic Toothbrushes;beauty-personal-care-oral-care-products-toothbrushes-accessories-powered-toothbrushes-accessories-power-toothbrushes-Ultrasonic Toothbrushes;;a8c892c1-79aa-4a91-b311-d6ee09562a78;True;0;True
Chamber Music;books-arts-photography-music-musical-genres-classical-music-Chamber Music;;f5175ee2-4ec2-4c51-b66e-3932d108196c;True;0;True
Ethnic Music;books-arts-photography-music-musical-genres-ethnic-?nternational-music-Ethnic Music;;d95fd714-8882-45ed-a3b0-7746ef37d4fb;True;0;True
Ethnomusicology;books-arts-photography-music-musical-genres-ethnic-?nternational-music-Ethnomusicology;;d95fd714-8882-45ed-a3b0-7746ef37d4fb;True;0;True
International Music;books-arts-photography-music-musical-genres-ethnic-?nternational-music-International Music;;d95fd714-8882-45ed-a3b0-7746ef37d4fb;True;0;True
Salsa Music;books-arts-photography-music-musical-genres-ethnic-?nternational-music-Salsa Music;;d95fd714-8882-45ed-a3b0-7746ef37d4fb;True;0;True
World Beat Music;books-arts-photography-music-musical-genres-ethnic-?nternational-music-World Beat Music;;d95fd714-8882-45ed-a3b0-7746ef37d4fb;True;0;True
Christian Music;books-arts-photography-music-musical-genres-religious-sacred-music-Christian Music;;f04c2882-4eac-4b62-9a1b-428ffa2af4db;True;0;True
Christian Music;books-arts-photography-music-musical-genres-religious-sacred-music-Christian Music;;f04c2882-4eac-4b62-9a1b-428ffa2af4db;True;0;True
Christian Music;books-arts-photography-music-musical-genres-religious-sacred-music-Christian Music;;f04c2882-4eac-4b62-9a1b-428ffa2af4db;True;0;True
Christian Music;books-arts-photography-music-musical-genres-religious-sacred-music-Christian Music;;f04c2882-4eac-4b62-9a1b-428ffa2af4db;True;0;True
Christian Music;books-arts-photography-music-musical-genres-religious-sacred-music-Christian Music;;f04c2882-4eac-4b62-9a1b-428ffa2af4db;True;0;True
Jewish Music;books-arts-photography-music-musical-genres-religious-sacred-music-Jewish Music;;f04c2882-4eac-4b62-9a1b-428ffa2af4db;True;0;True
Muslim Music;books-arts-photography-music-musical-genres-religious-sacred-music-Muslim Music;;f04c2882-4eac-4b62-9a1b-428ffa2af4db;True;0;True
Horns;books-arts-photography-music-musical-?nstruments-brass-?nstruments-Horns;;52d95976-9e77-4b7f-82b9-b55b273cc858;True;0;True
Trombones;books-arts-photography-music-musical-?nstruments-brass-?nstruments-Trombones;;52d95976-9e77-4b7f-82b9-b55b273cc858;True;0;True
Trumpets & Cornets;books-arts-photography-music-musical-?nstruments-brass-?nstruments-Trumpets & Cornets;;52d95976-9e77-4b7f-82b9-b55b273cc858;True;0;True
Banjos;books-arts-photography-music-musical-?nstruments-string-?nstruments-Banjos;;9db31dd2-7de6-453f-98dc-6ad70dbcaf82;True;0;True
Cellos;books-arts-photography-music-musical-?nstruments-string-?nstruments-Cellos;;9db31dd2-7de6-453f-98dc-6ad70dbcaf82;True;0;True
Mandolins;books-arts-photography-music-musical-?nstruments-string-?nstruments-Mandolins;;9db31dd2-7de6-453f-98dc-6ad70dbcaf82;True;0;True
Ukuleles;books-arts-photography-music-musical-?nstruments-string-?nstruments-Ukuleles;;9db31dd2-7de6-453f-98dc-6ad70dbcaf82;True;0;True
Violas;books-arts-photography-music-musical-?nstruments-string-?nstruments-Violas;;9db31dd2-7de6-453f-98dc-6ad70dbcaf82;True;0;True
Violins;books-arts-photography-music-musical-?nstruments-string-?nstruments-Violins;;9db31dd2-7de6-453f-98dc-6ad70dbcaf82;True;0;True
Bassoons;books-arts-photography-music-musical-?nstruments-woodwind-?nstruments-Bassoons;;1acd2e69-ee95-4152-8231-4c902692a157;True;0;True
Clarinets;books-arts-photography-music-musical-?nstruments-woodwind-?nstruments-Clarinets;;1acd2e69-ee95-4152-8231-4c902692a157;True;0;True
Flutes;books-arts-photography-music-musical-?nstruments-woodwind-?nstruments-Flutes;;1acd2e69-ee95-4152-8231-4c902692a157;True;0;True
Harmonicas;books-arts-photography-music-musical-?nstruments-woodwind-?nstruments-Harmonicas;;1acd2e69-ee95-4152-8231-4c902692a157;True;0;True
Recorders;books-arts-photography-music-musical-?nstruments-woodwind-?nstruments-Recorders;;1acd2e69-ee95-4152-8231-4c902692a157;True;0;True
Saxophones;books-arts-photography-music-musical-?nstruments-woodwind-?nstruments-Saxophones;;1acd2e69-ee95-4152-8231-4c902692a157;True;0;True
French Horn Songbooks;books-arts-photography-music-songbooks-brass-songbooks-French Horn Songbooks;;049e6885-bb1f-48c7-ae98-325da3e6860a;True;0;True
Trombone Songbooks;books-arts-photography-music-songbooks-brass-songbooks-Trombone Songbooks;;049e6885-bb1f-48c7-ae98-325da3e6860a;True;0;True
Trumpet & Cornet Songbooks;books-arts-photography-music-songbooks-brass-songbooks-Trumpet & Cornet Songbooks;;049e6885-bb1f-48c7-ae98-325da3e6860a;True;0;True
Tuba Songbooks;books-arts-photography-music-songbooks-brass-songbooks-Tuba Songbooks;;049e6885-bb1f-48c7-ae98-325da3e6860a;True;0;True
Electric Bass & Guitar Songbooks;books-arts-photography-music-songbooks-guitar-fretted-?nstrument-songbooks-Electric Bass & Guitar Songbooks;;3803723f-425a-45ab-bfdf-28ba758a8292;True;0;True
Guitar Songbooks;books-arts-photography-music-songbooks-guitar-fretted-?nstrument-songbooks-Guitar Songbooks;;3803723f-425a-45ab-bfdf-28ba758a8292;True;0;True
Cello Songbooks;books-arts-photography-music-songbooks-strings-songbooks-Cello Songbooks;;8b6a1395-4cea-4462-9892-f4a6fadd1b13;True;0;True
Harp Songbooks;books-arts-photography-music-songbooks-strings-songbooks-Harp Songbooks;;8b6a1395-4cea-4462-9892-f4a6fadd1b13;True;0;True
Viola Songbooks;books-arts-photography-music-songbooks-strings-songbooks-Viola Songbooks;;8b6a1395-4cea-4462-9892-f4a6fadd1b13;True;0;True
Violin Songbooks;books-arts-photography-music-songbooks-strings-songbooks-Violin Songbooks;;8b6a1395-4cea-4462-9892-f4a6fadd1b13;True;0;True
Bassoon Songbooks;books-arts-photography-music-songbooks-woodwinds-songbooks-Bassoon Songbooks;;c41ffdfb-1f52-4126-b326-042f4c0fc4ba;True;0;True
Clarinet Songbooks;books-arts-photography-music-songbooks-woodwinds-songbooks-Clarinet Songbooks;;c41ffdfb-1f52-4126-b326-042f4c0fc4ba;True;0;True
Flute Songbooks;books-arts-photography-music-songbooks-woodwinds-songbooks-Flute Songbooks;;c41ffdfb-1f52-4126-b326-042f4c0fc4ba;True;0;True
Oboe Songbooks;books-arts-photography-music-songbooks-woodwinds-songbooks-Oboe Songbooks;;c41ffdfb-1f52-4126-b326-042f4c0fc4ba;True;0;True
Recorder Songbooks;books-arts-photography-music-songbooks-woodwinds-songbooks-Recorder Songbooks;;c41ffdfb-1f52-4126-b326-042f4c0fc4ba;True;0;True
Saxophone Songbooks;books-arts-photography-music-songbooks-woodwinds-songbooks-Saxophone Songbooks;;c41ffdfb-1f52-4126-b326-042f4c0fc4ba;True;0;True
Afghan War Biographies;books-biographies-leaders-notable-people-biographies-military-leader-biographies-afghan-?raq-war-biographies-Afghan War Biographies;;c6dc61ba-f8bb-4e74-bb29-1354a22f0181;True;0;True
Iraq War Biographies;books-biographies-leaders-notable-people-biographies-military-leader-biographies-afghan-?raq-war-biographies-Iraq War Biographies;;c6dc61ba-f8bb-4e74-bb29-1354a22f0181;True;0;True
Childrens Bead Crafts;books-childrens-books-childrens-activities-crafts-games-books-childrens-craft-hobby-books-childrens-beadwork,-fashion-jewelry-craft-books-Childrens Bead Crafts;;17b3f278-2394-4bf0-83ea-8449124afa51;True;0;True
Childrens Fashion Crafts;books-childrens-books-childrens-activities-crafts-games-books-childrens-craft-hobby-books-childrens-beadwork,-fashion-jewelry-craft-books-Childrens Fashion Crafts;;17b3f278-2394-4bf0-83ea-8449124afa51;True;0;True
Childrens Jewelry Crafts;books-childrens-books-childrens-activities-crafts-games-books-childrens-craft-hobby-books-childrens-beadwork,-fashion-jewelry-craft-books-Childrens Jewelry Crafts;;17b3f278-2394-4bf0-83ea-8449124afa51;True;0;True
Childrens 1800s American Historical Fiction;books-childrens-books-childrens-literature-childrens-historical-fiction-childrens-american-historical-fiction-Childrens 1800s American Historical Fiction;;d821cd24-f250-41ea-bd3d-f8071435cb8e;True;0;True
Childrens 1900s American Historical Fiction;books-childrens-books-childrens-literature-childrens-historical-fiction-childrens-american-historical-fiction-Childrens 1900s American Historical Fiction;;d821cd24-f250-41ea-bd3d-f8071435cb8e;True;0;True
Childrens Colonial American Historical Fiction;books-childrens-books-childrens-literature-childrens-historical-fiction-childrens-american-historical-fiction-Childrens Colonial American Historical Fiction;;d821cd24-f250-41ea-bd3d-f8071435cb8e;True;0;True
Childrens Western American Historical Fiction;books-childrens-books-childrens-literature-childrens-historical-fiction-childrens-american-historical-fiction-Childrens Western American Historical Fiction;;d821cd24-f250-41ea-bd3d-f8071435cb8e;True;0;True
Childrens Christian Action & Adventure Fiction;books-childrens-books-childrens-literature-childrens-religious-fiction-books-childrens-christian-fiction-books-Childrens Christian Action & Adventure Fiction;;5f21e08d-e2af-442f-b218-ecc62e5e1191;True;0;True
Childrens Christian Animal Fiction;books-childrens-books-childrens-literature-childrens-religious-fiction-books-childrens-christian-fiction-books-Childrens Christian Animal Fiction;;5f21e08d-e2af-442f-b218-ecc62e5e1191;True;0;True
Childrens Christian Bedtime Fiction;books-childrens-books-childrens-literature-childrens-religious-fiction-books-childrens-christian-fiction-books-Childrens Christian Bedtime Fiction;;5f21e08d-e2af-442f-b218-ecc62e5e1191;True;0;True
Childrens Christian Comics & Graphic Novels;books-childrens-books-childrens-literature-childrens-religious-fiction-books-childrens-christian-fiction-books-Childrens Christian Comics & Graphic Novels;;5f21e08d-e2af-442f-b218-ecc62e5e1191;True;0;True
Childrens Christian Early Readers Fiction;books-childrens-books-childrens-literature-childrens-religious-fiction-books-childrens-christian-fiction-books-Childrens Christian Early Readers Fiction;;5f21e08d-e2af-442f-b218-ecc62e5e1191;True;0;True
Childrens Christian Emotions & Feelings Fiction;books-childrens-books-childrens-literature-childrens-religious-fiction-books-childrens-christian-fiction-books-Childrens Christian Emotions & Feelings Fiction;;5f21e08d-e2af-442f-b218-ecc62e5e1191;True;0;True
Childrens Christian Family Fiction;books-childrens-books-childrens-literature-childrens-religious-fiction-books-childrens-christian-fiction-books-Childrens Christian Family Fiction;;5f21e08d-e2af-442f-b218-ecc62e5e1191;True;0;True
Childrens Christian Friendship Fiction;books-childrens-books-childrens-literature-childrens-religious-fiction-books-childrens-christian-fiction-books-Childrens Christian Friendship Fiction;;5f21e08d-e2af-442f-b218-ecc62e5e1191;True;0;True
Childrens Christian Historical Fiction;books-childrens-books-childrens-literature-childrens-religious-fiction-books-childrens-christian-fiction-books-Childrens Christian Historical Fiction;;5f21e08d-e2af-442f-b218-ecc62e5e1191;True;0;True
Childrens Christian Holiday Fiction;books-childrens-books-childrens-literature-childrens-religious-fiction-books-childrens-christian-fiction-books-Childrens Christian Holiday Fiction;;5f21e08d-e2af-442f-b218-ecc62e5e1191;True;0;True
Childrens Christian Humor Fiction;books-childrens-books-childrens-literature-childrens-religious-fiction-books-childrens-christian-fiction-books-Childrens Christian Humor Fiction;;5f21e08d-e2af-442f-b218-ecc62e5e1191;True;0;True
Childrens Christian Learning Concepts Fiction;books-childrens-books-childrens-literature-childrens-religious-fiction-books-childrens-christian-fiction-books-Childrens Christian Learning Concepts Fiction;;5f21e08d-e2af-442f-b218-ecc62e5e1191;True;0;True
Childrens Christian Mysteries & Detective Stories;books-childrens-books-childrens-literature-childrens-religious-fiction-books-childrens-christian-fiction-books-Childrens Christian Mysteries & Detective Stories;;5f21e08d-e2af-442f-b218-ecc62e5e1191;True;0;True
Childrens Christian People & Places Fiction;books-childrens-books-childrens-literature-childrens-religious-fiction-books-childrens-christian-fiction-books-Childrens Christian People & Places Fiction;;5f21e08d-e2af-442f-b218-ecc62e5e1191;True;0;True
Childrens Christian Relationship Fiction;books-childrens-books-childrens-literature-childrens-religious-fiction-books-childrens-christian-fiction-books-Childrens Christian Relationship Fiction;;5f21e08d-e2af-442f-b218-ecc62e5e1191;True;0;True
Childrens Christian Social Issues Fiction;books-childrens-books-childrens-literature-childrens-religious-fiction-books-childrens-christian-fiction-books-Childrens Christian Social Issues Fiction;;5f21e08d-e2af-442f-b218-ecc62e5e1191;True;0;True
Childrens Christian Sports Fiction;books-childrens-books-childrens-literature-childrens-religious-fiction-books-childrens-christian-fiction-books-Childrens Christian Sports Fiction;;5f21e08d-e2af-442f-b218-ecc62e5e1191;True;0;True
Childrens Christian Values Fiction;books-childrens-books-childrens-literature-childrens-religious-fiction-books-childrens-christian-fiction-books-Childrens Christian Values Fiction;;5f21e08d-e2af-442f-b218-ecc62e5e1191;True;0;True
Childrens Bible Reference & Interpretation;books-childrens-books-childrens-religion-books-childrens-christian-books-childrens-christian-bible-Childrens Bible Reference & Interpretation;;3e34b764-db48-4a5c-ab56-b9002a84ee5e;True;0;True
Childrens Bible Stories;books-childrens-books-childrens-religion-books-childrens-christian-books-childrens-christian-bible-Childrens Bible Stories;;3e34b764-db48-4a5c-ab56-b9002a84ee5e;True;0;True
Childrens Bible Study;books-childrens-books-childrens-religion-books-childrens-christian-books-childrens-christian-bible-Childrens Bible Study;;3e34b764-db48-4a5c-ab56-b9002a84ee5e;True;0;True
Childrens Picture Bibles;books-childrens-books-childrens-religion-books-childrens-christian-books-childrens-christian-bible-Childrens Picture Bibles;;3e34b764-db48-4a5c-ab56-b9002a84ee5e;True;0;True
Jesus, the Gospels & Acts;books-christian-books-bibles-christian-bible-study-reference-christian-bible-study-new-testament-bible-study-Jesus, the Gospels & Acts;;1004df67-caa1-4798-9005-dc77637c1894;True;0;True
Pauls Letters;books-christian-books-bibles-christian-bible-study-reference-christian-bible-study-new-testament-bible-study-Pauls Letters;;1004df67-caa1-4798-9005-dc77637c1894;True;0;True
Windows 10 Guides;books-computers-technology-operating-systems-windows-operating-system-microsoft-os-guides-Windows 10 Guides;;90a849ce-b82d-4fb6-84e6-1fce81d63909;True;0;True
Windows 7 Guides;books-computers-technology-operating-systems-windows-operating-system-microsoft-os-guides-Windows 7 Guides;;90a849ce-b82d-4fb6-84e6-1fce81d63909;True;0;True
Windows 8 Guides;books-computers-technology-operating-systems-windows-operating-system-microsoft-os-guides-Windows 8 Guides;;90a849ce-b82d-4fb6-84e6-1fce81d63909;True;0;True
Windows Vista Guides;books-computers-technology-operating-systems-windows-operating-system-microsoft-os-guides-Windows Vista Guides;;90a849ce-b82d-4fb6-84e6-1fce81d63909;True;0;True
Windows XP Guides;books-computers-technology-operating-systems-windows-operating-system-microsoft-os-guides-Windows XP Guides;;90a849ce-b82d-4fb6-84e6-1fce81d63909;True;0;True
Furniture & Carpentry Crafts;books-crafts-hobbies-home-home-improvement-design-books-how-to-home-?mprovements-woodworking-Furniture & Carpentry Crafts;;a4887d12-dd3b-4a1e-b63d-c4c2c18a092c;True;0;True
Woodworking Projects;books-crafts-hobbies-home-home-improvement-design-books-how-to-home-?mprovements-woodworking-Woodworking Projects;;a4887d12-dd3b-4a1e-b63d-c4c2c18a092c;True;0;True
Woodworking Tools;books-crafts-hobbies-home-home-improvement-design-books-how-to-home-?mprovements-woodworking-Woodworking Tools;;a4887d12-dd3b-4a1e-b63d-c4c2c18a092c;True;0;True
Charter Schools;books-education-teaching-schools-teaching-education-theory-education-reform-policy-Charter Schools;;bafaa8f4-f15c-4cda-b4dd-cabdade2ad15;True;0;True
Federal Education Legislation;books-education-teaching-schools-teaching-education-theory-education-reform-policy-Federal Education Legislation;;bafaa8f4-f15c-4cda-b4dd-cabdade2ad15;True;0;True
School Safety;books-education-teaching-schools-teaching-education-theory-education-reform-policy-School Safety;;bafaa8f4-f15c-4cda-b4dd-cabdade2ad15;True;0;True
Environmental Pollution Engineering;books-engineering-transportation-engineering-civil-environmental-engineering-environmental-engineering-Environmental Pollution Engineering;;daa1c716-5dfc-408f-9137-3ff70dc2c7cf;True;0;True
Groundwater & Flood Control;books-engineering-transportation-engineering-civil-environmental-engineering-environmental-engineering-Groundwater & Flood Control;;daa1c716-5dfc-408f-9137-3ff70dc2c7cf;True;0;True
Waste Management;books-engineering-transportation-engineering-civil-environmental-engineering-environmental-engineering-Waste Management;;daa1c716-5dfc-408f-9137-3ff70dc2c7cf;True;0;True
Water Quality & Treatment;books-engineering-transportation-engineering-civil-environmental-engineering-environmental-engineering-Water Quality & Treatment;;daa1c716-5dfc-408f-9137-3ff70dc2c7cf;True;0;True
Circuit Design;books-engineering-transportation-engineering-electrical-electronics-electrical-electronic-circuits-Circuit Design;;a2c5b39c-3864-4dd4-ab1e-38aa8aba9e90;True;0;True
Integrated Circuits;books-engineering-transportation-engineering-electrical-electronics-electrical-electronic-circuits-Integrated Circuits;;a2c5b39c-3864-4dd4-ab1e-38aa8aba9e90;True;0;True
Logic Circuits;books-engineering-transportation-engineering-electrical-electronics-electrical-electronic-circuits-Logic Circuits;;a2c5b39c-3864-4dd4-ab1e-38aa8aba9e90;True;0;True
VLSI & ULSI Circuits;books-engineering-transportation-engineering-electrical-electronics-electrical-electronic-circuits-VLSI & ULSI Circuits;;a2c5b39c-3864-4dd4-ab1e-38aa8aba9e90;True;0;True
Electronic Sensors;books-engineering-transportation-engineering-electrical-electronics-electronics-Electronic Sensors;;93a20b5f-a02e-40f7-b8ea-abf342d1e044;True;0;True
Microelectronics;books-engineering-transportation-engineering-electrical-electronics-electronics-Microelectronics;;93a20b5f-a02e-40f7-b8ea-abf342d1e044;True;0;True
Optoelectronics;books-engineering-transportation-engineering-electrical-electronics-electronics-Optoelectronics;;93a20b5f-a02e-40f7-b8ea-abf342d1e044;True;0;True
Semiconductors;books-engineering-transportation-engineering-electrical-electronics-electronics-Semiconductors;;93a20b5f-a02e-40f7-b8ea-abf342d1e044;True;0;True
Solid State Electrical Engineering;books-engineering-transportation-engineering-electrical-electronics-electronics-Solid State Electrical Engineering;;93a20b5f-a02e-40f7-b8ea-abf342d1e044;True;0;True
Transistors Electrical Engineering;books-engineering-transportation-engineering-electrical-electronics-electronics-Transistors Electrical Engineering;;93a20b5f-a02e-40f7-b8ea-abf342d1e044;True;0;True
Hydroelectric Energy;books-engineering-transportation-engineering-energy-production-extraction-alternative-renewable-energy-Hydroelectric Energy;;f2791102-b5af-4152-a4b2-f73bed143f84;True;0;True
Solar Energy;books-engineering-transportation-engineering-energy-production-extraction-alternative-renewable-energy-Solar Energy;;f2791102-b5af-4152-a4b2-f73bed143f84;True;0;True
Wind Energy;books-engineering-transportation-engineering-energy-production-extraction-alternative-renewable-energy-Wind Energy;;f2791102-b5af-4152-a4b2-f73bed143f84;True;0;True
Coal Energy;books-engineering-transportation-engineering-energy-production-extraction-fossil-fuels-Coal Energy;;91cee21a-57d2-438c-ac41-fb56c49841f2;True;0;True
Natural Gas Energy;books-engineering-transportation-engineering-energy-production-extraction-fossil-fuels-Natural Gas Energy;;91cee21a-57d2-438c-ac41-fb56c49841f2;True;0;True
Petroleum Engineering;books-engineering-transportation-engineering-energy-production-extraction-fossil-fuels-Petroleum Engineering;;91cee21a-57d2-438c-ac41-fb56c49841f2;True;0;True
Architectural Codes & Standards;books-engineering-transportation-engineering-engineering-reference-architecture-reference-Architectural Codes & Standards;;963f2e55-b9a7-4396-aa44-229a1c281fad;True;0;True
Architectural Materials;books-engineering-transportation-engineering-engineering-reference-architecture-reference-Architectural Materials;;963f2e55-b9a7-4396-aa44-229a1c281fad;True;0;True
Architecture Annuals;books-engineering-transportation-engineering-engineering-reference-architecture-reference-Architecture Annuals;;963f2e55-b9a7-4396-aa44-229a1c281fad;True;0;True
Architecture Study & Teaching;books-engineering-transportation-engineering-engineering-reference-architecture-reference-Architecture Study & Teaching;;963f2e55-b9a7-4396-aa44-229a1c281fad;True;0;True
Industrial Packaging;books-engineering-transportation-engineering-?ndustrial-manufacturing-systems-?ndustrial-design-Industrial Packaging;;cf52898d-ed2f-4311-aa79-54d4ec62c9ba;True;0;True
Civil War Campaigns & Battlefields History;books-history-american-history-united-states-history-u.s.-civil-war-history-Civil War Campaigns & Battlefields History;;3ae2048a-0f3c-45d7-af68-5c73c9b41d3e;True;0;True
Civil War Campaigns & Battlefields History;books-history-american-history-united-states-history-u.s.-civil-war-history-Civil War Campaigns & Battlefields History;;3ae2048a-0f3c-45d7-af68-5c73c9b41d3e;True;0;True
Civil War Campaigns & Battlefields History;books-history-american-history-united-states-history-u.s.-civil-war-history-Civil War Campaigns & Battlefields History;;3ae2048a-0f3c-45d7-af68-5c73c9b41d3e;True;0;True
Civil War Campaigns & Battlefields History;books-history-american-history-united-states-history-u.s.-civil-war-history-Civil War Campaigns & Battlefields History;;3ae2048a-0f3c-45d7-af68-5c73c9b41d3e;True;0;True
Civil War Campaigns & Battlefields History;books-history-american-history-united-states-history-u.s.-civil-war-history-Civil War Campaigns & Battlefields History;;3ae2048a-0f3c-45d7-af68-5c73c9b41d3e;True;0;True
Civil War Campaigns & Battlefields History;books-history-american-history-united-states-history-u.s.-civil-war-history-Civil War Campaigns & Battlefields History;;3ae2048a-0f3c-45d7-af68-5c73c9b41d3e;True;0;True
U.S. Abolition of Slavery History;books-history-american-history-united-states-history-u.s.-civil-war-history-U.S. Abolition of Slavery History;;3ae2048a-0f3c-45d7-af68-5c73c9b41d3e;True;0;True
U.S. Civil War Confederacy History;books-history-american-history-united-states-history-u.s.-civil-war-history-U.S. Civil War Confederacy History;;3ae2048a-0f3c-45d7-af68-5c73c9b41d3e;True;0;True
U.S. Civil War Regimental Histories;books-history-american-history-united-states-history-u.s.-civil-war-history-U.S. Civil War Regimental Histories;;3ae2048a-0f3c-45d7-af68-5c73c9b41d3e;True;0;True
U.S. Civil War Womens History;books-history-american-history-united-states-history-u.s.-civil-war-history-U.S. Civil War Womens History;;3ae2048a-0f3c-45d7-af68-5c73c9b41d3e;True;0;True
Armored Vehicles Weapons & Warfare History;books-history-military-history-weapons-warfare-history-conventional-weapons-warfare-history-Armored Vehicles Weapons & Warfare History;;faae497a-f317-4733-99ab-e2efd8ff8076;True;0;True
Firearms Weapons & Warfare History;books-history-military-history-weapons-warfare-history-conventional-weapons-warfare-history-Firearms Weapons & Warfare History;;faae497a-f317-4733-99ab-e2efd8ff8076;True;0;True
French Dramas & Plays;books-literature-fiction-dramas-plays-regional-cultural-dramas-plays-european-dramas-plays-French Dramas & Plays;;0a871d43-134a-48c1-9dc0-348ce0d3b885;True;0;True
German Dramas & Plays;books-literature-fiction-dramas-plays-regional-cultural-dramas-plays-european-dramas-plays-German Dramas & Plays;;0a871d43-134a-48c1-9dc0-348ce0d3b885;True;0;True
Italian Dramas & Plays;books-literature-fiction-dramas-plays-regional-cultural-dramas-plays-european-dramas-plays-Italian Dramas & Plays;;0a871d43-134a-48c1-9dc0-348ce0d3b885;True;0;True
Spanish & Portuguese Dramas & Plays;books-literature-fiction-dramas-plays-regional-cultural-dramas-plays-european-dramas-plays-Spanish & Portuguese Dramas & Plays;;0a871d43-134a-48c1-9dc0-348ce0d3b885;True;0;True
Historical Fiction Anthologies;books-literature-fiction-genre-literature-fiction-historical-fiction-historical-fiction-short-stories-anthologies-Historical Fiction Anthologies;;49b5c32f-f6d2-4010-9262-e42d0487695f;True;0;True
Historical Fiction Short Stories;books-literature-fiction-genre-literature-fiction-historical-fiction-historical-fiction-short-stories-anthologies-Historical Fiction Short Stories;;49b5c32f-f6d2-4010-9262-e42d0487695f;True;0;True
16th Century Literary Criticism;books-literature-fiction-literary-criticism-literary-movements-periods-modern-literary-criticism-16th Century Literary Criticism;;2e245c52-2753-4b16-9c18-b891fa125086;True;0;True
17th Century Literary Criticism;books-literature-fiction-literary-criticism-literary-movements-periods-modern-literary-criticism-17th Century Literary Criticism;;2e245c52-2753-4b16-9c18-b891fa125086;True;0;True
18th Century Literary Criticism;books-literature-fiction-literary-criticism-literary-movements-periods-modern-literary-criticism-18th Century Literary Criticism;;2e245c52-2753-4b16-9c18-b891fa125086;True;0;True
19th Century Literary Criticism;books-literature-fiction-literary-criticism-literary-movements-periods-modern-literary-criticism-19th Century Literary Criticism;;2e245c52-2753-4b16-9c18-b891fa125086;True;0;True
20th Century Literary Criticism;books-literature-fiction-literary-criticism-literary-movements-periods-modern-literary-criticism-20th Century Literary Criticism;;2e245c52-2753-4b16-9c18-b891fa125086;True;0;True
21st Century Literary Criticism;books-literature-fiction-literary-criticism-literary-movements-periods-modern-literary-criticism-21st Century Literary Criticism;;2e245c52-2753-4b16-9c18-b891fa125086;True;0;True
Asian American Literary Criticism;books-literature-fiction-literary-criticism-regional-cultural-literary-criticism-american-literature-criticism-Asian American Literary Criticism;;f5af5e14-96c9-41d3-8e4a-7de766ccde46;True;0;True
Black & African American Literary Criticism;books-literature-fiction-literary-criticism-regional-cultural-literary-criticism-american-literature-criticism-Black & African American Literary Criticism;;f5af5e14-96c9-41d3-8e4a-7de766ccde46;True;0;True
Hispanic American Literary Criticism;books-literature-fiction-literary-criticism-regional-cultural-literary-criticism-american-literature-criticism-Hispanic American Literary Criticism;;f5af5e14-96c9-41d3-8e4a-7de766ccde46;True;0;True
Regional American Literature Criticism;books-literature-fiction-literary-criticism-regional-cultural-literary-criticism-american-literature-criticism-Regional American Literature Criticism;;f5af5e14-96c9-41d3-8e4a-7de766ccde46;True;0;True
Chinese Literary Criticism;books-literature-fiction-literary-criticism-regional-cultural-literary-criticism-asian-literary-history-criticism-Chinese Literary Criticism;;d9d6bccf-5810-4632-b2b2-38b3337dcbbd;True;0;True
Indian Literary Criticism;books-literature-fiction-literary-criticism-regional-cultural-literary-criticism-asian-literary-history-criticism-Indian Literary Criticism;;d9d6bccf-5810-4632-b2b2-38b3337dcbbd;True;0;True
Japanese Literary Criticism;books-literature-fiction-literary-criticism-regional-cultural-literary-criticism-asian-literary-history-criticism-Japanese Literary Criticism;;d9d6bccf-5810-4632-b2b2-38b3337dcbbd;True;0;True
British & Irish Literary Criticism;books-literature-fiction-literary-criticism-regional-cultural-literary-criticism-european-literary-history-criticism-British & Irish Literary Criticism;;6bc3624d-454f-4c92-a782-453a88560e70;True;0;True
Eastern European Literary Criticism;books-literature-fiction-literary-criticism-regional-cultural-literary-criticism-european-literary-history-criticism-Eastern European Literary Criticism;;6bc3624d-454f-4c92-a782-453a88560e70;True;0;True
French Literary Criticism;books-literature-fiction-literary-criticism-regional-cultural-literary-criticism-european-literary-history-criticism-French Literary Criticism;;6bc3624d-454f-4c92-a782-453a88560e70;True;0;True
German Literary Criticism;books-literature-fiction-literary-criticism-regional-cultural-literary-criticism-european-literary-history-criticism-German Literary Criticism;;6bc3624d-454f-4c92-a782-453a88560e70;True;0;True
Italian Literary Criticism;books-literature-fiction-literary-criticism-regional-cultural-literary-criticism-european-literary-history-criticism-Italian Literary Criticism;;6bc3624d-454f-4c92-a782-453a88560e70;True;0;True
Scandinavian Literary Criticism;books-literature-fiction-literary-criticism-regional-cultural-literary-criticism-european-literary-history-criticism-Scandinavian Literary Criticism;;6bc3624d-454f-4c92-a782-453a88560e70;True;0;True
Spanish & Portuguese Literary Criticism;books-literature-fiction-literary-criticism-regional-cultural-literary-criticism-european-literary-history-criticism-Spanish & Portuguese Literary Criticism;;6bc3624d-454f-4c92-a782-453a88560e70;True;0;True
Asian American Poetry;books-literature-fiction-poetry-regional-cultural-poetry-american-poetry-Asian American Poetry;;b9670932-19c8-4de1-9271-5b9ac1cd219d;True;0;True
Black & African American Poetry;books-literature-fiction-poetry-regional-cultural-poetry-american-poetry-Black & African American Poetry;;b9670932-19c8-4de1-9271-5b9ac1cd219d;True;0;True
Hispanic American Poetry;books-literature-fiction-poetry-regional-cultural-poetry-american-poetry-Hispanic American Poetry;;b9670932-19c8-4de1-9271-5b9ac1cd219d;True;0;True
Native American Poetry;books-literature-fiction-poetry-regional-cultural-poetry-american-poetry-Native American Poetry;;b9670932-19c8-4de1-9271-5b9ac1cd219d;True;0;True
Chinese Poetry;books-literature-fiction-poetry-regional-cultural-poetry-asian-poetry-Chinese Poetry;;702ce3a2-0a7b-4f88-afa2-ccef39ee8b8e;True;0;True
Haiku & Japanese Poetry;books-literature-fiction-poetry-regional-cultural-poetry-asian-poetry-Haiku & Japanese Poetry;;702ce3a2-0a7b-4f88-afa2-ccef39ee8b8e;True;0;True
British & Irish Poetry;books-literature-fiction-poetry-regional-cultural-poetry-european-poetry-British & Irish Poetry;;c08733f9-e5cd-4870-bc80-e61e03c75dec;True;0;True
French Poetry;books-literature-fiction-poetry-regional-cultural-poetry-european-poetry-French Poetry;;c08733f9-e5cd-4870-bc80-e61e03c75dec;True;0;True
German Poetry;books-literature-fiction-poetry-regional-cultural-poetry-european-poetry-German Poetry;;c08733f9-e5cd-4870-bc80-e61e03c75dec;True;0;True
Italian Poetry;books-literature-fiction-poetry-regional-cultural-poetry-european-poetry-Italian Poetry;;c08733f9-e5cd-4870-bc80-e61e03c75dec;True;0;True
Norse & Icelandic Sagas;books-literature-fiction-poetry-regional-cultural-poetry-european-poetry-Norse & Icelandic Sagas;;c08733f9-e5cd-4870-bc80-e61e03c75dec;True;0;True
Spanish Poetry;books-literature-fiction-poetry-regional-cultural-poetry-european-poetry-Spanish Poetry;;c08733f9-e5cd-4870-bc80-e61e03c75dec;True;0;True
Communicable Diseases;books-medical-books-medicine-?nternal-medicine-?nfectious-diseases-Communicable Diseases;;c2eef7d6-c323-42b2-874b-a42e82a4339b;True;0;True
Parasitology;books-medical-books-medicine-?nternal-medicine-?nfectious-diseases-Parasitology;;c2eef7d6-c323-42b2-874b-a42e82a4339b;True;0;True
Tropical Medicine;books-medical-books-medicine-?nternal-medicine-?nfectious-diseases-Tropical Medicine;;c2eef7d6-c323-42b2-874b-a42e82a4339b;True;0;True
Alzheimers;books-medical-books-medicine-?nternal-medicine-neurology-Alzheimers;;98205a50-4e35-4588-bac3-8a1df44fb942;True;0;True
Headache;books-medical-books-medicine-?nternal-medicine-neurology-Headache;;98205a50-4e35-4588-bac3-8a1df44fb942;True;0;True
Neuroscience;books-medical-books-medicine-?nternal-medicine-neurology-Neuroscience;;98205a50-4e35-4588-bac3-8a1df44fb942;True;0;True
Forensic Medicine;books-medical-books-medicine-?nternal-medicine-pathology-Forensic Medicine;;fc9bbe0f-4d47-49ef-b168-712cebe3be93;True;0;True
Laboratory Medicine;books-medical-books-medicine-?nternal-medicine-pathology-Laboratory Medicine;;fc9bbe0f-4d47-49ef-b168-712cebe3be93;True;0;True
Medical Diseases;books-medical-books-medicine-?nternal-medicine-pathology-Medical Diseases;;fc9bbe0f-4d47-49ef-b168-712cebe3be93;True;0;True
Medical Diseases;books-medical-books-medicine-?nternal-medicine-pathology-Medical Diseases;;fc9bbe0f-4d47-49ef-b168-712cebe3be93;True;0;True
Medical Diseases;books-medical-books-medicine-?nternal-medicine-pathology-Medical Diseases;;fc9bbe0f-4d47-49ef-b168-712cebe3be93;True;0;True
Medical Diseases;books-medical-books-medicine-?nternal-medicine-pathology-Medical Diseases;;fc9bbe0f-4d47-49ef-b168-712cebe3be93;True;0;True
Medical Diseases;books-medical-books-medicine-?nternal-medicine-pathology-Medical Diseases;;fc9bbe0f-4d47-49ef-b168-712cebe3be93;True;0;True
Medical Diseases;books-medical-books-medicine-?nternal-medicine-pathology-Medical Diseases;;fc9bbe0f-4d47-49ef-b168-712cebe3be93;True;0;True
Medical Diseases;books-medical-books-medicine-?nternal-medicine-pathology-Medical Diseases;;fc9bbe0f-4d47-49ef-b168-712cebe3be93;True;0;True
Medical Diseases;books-medical-books-medicine-?nternal-medicine-pathology-Medical Diseases;;fc9bbe0f-4d47-49ef-b168-712cebe3be93;True;0;True
Pathology Clinical Chemistry;books-medical-books-medicine-?nternal-medicine-pathology-Pathology Clinical Chemistry;;fc9bbe0f-4d47-49ef-b168-712cebe3be93;True;0;True
Pediatric Emergencies;books-medical-books-medicine-?nternal-medicine-pediatrics-Pediatric Emergencies;;772d0f4d-50c8-44c8-98da-b77f442999fc;True;0;True
Pediatric Perinatology & Neonatology;books-medical-books-medicine-?nternal-medicine-pediatrics-Pediatric Perinatology & Neonatology;;772d0f4d-50c8-44c8-98da-b77f442999fc;True;0;True
Adolescent Psychiatry;books-medical-books-medicine-?nternal-medicine-psychiatry-Adolescent Psychiatry;;a05df606-d4ab-4313-9a63-c0c72052e405;True;0;True
Child Psychiatry;books-medical-books-medicine-?nternal-medicine-psychiatry-Child Psychiatry;;a05df606-d4ab-4313-9a63-c0c72052e405;True;0;True
Diagnostic Imaging;books-medical-books-medicine-?nternal-medicine-radiology-Diagnostic Imaging;;c965b38c-2364-4827-bcbc-c6f0cddb6690;True;0;True
Nuclear Medicine;books-medical-books-medicine-?nternal-medicine-radiology-Nuclear Medicine;;c965b38c-2364-4827-bcbc-c6f0cddb6690;True;0;True
Ultrasonography;books-medical-books-medicine-?nternal-medicine-radiology-Ultrasonography;;c965b38c-2364-4827-bcbc-c6f0cddb6690;True;0;True
Asian & Asian Descent Studies;books-politics-social-sciences-social-sciences-specific-demographic-studies-ethnic-demographic-studies-Asian & Asian Descent Studies;;7491b566-b4a0-4013-8f69-865bd2b2515e;True;0;True
Australian & Oceanian Studies;books-politics-social-sciences-social-sciences-specific-demographic-studies-ethnic-demographic-studies-Australian & Oceanian Studies;;7491b566-b4a0-4013-8f69-865bd2b2515e;True;0;True
European & European Descent Studies;books-politics-social-sciences-social-sciences-specific-demographic-studies-ethnic-demographic-studies-European & European Descent Studies;;7491b566-b4a0-4013-8f69-865bd2b2515e;True;0;True
Indigenous Peoples Studies;books-politics-social-sciences-social-sciences-specific-demographic-studies-ethnic-demographic-studies-Indigenous Peoples Studies;;7491b566-b4a0-4013-8f69-865bd2b2515e;True;0;True
Latin American Studies;books-politics-social-sciences-social-sciences-specific-demographic-studies-ethnic-demographic-studies-Latin American Studies;;7491b566-b4a0-4013-8f69-865bd2b2515e;True;0;True
Latin American Studies;books-politics-social-sciences-social-sciences-specific-demographic-studies-ethnic-demographic-studies-Latin American Studies;;7491b566-b4a0-4013-8f69-865bd2b2515e;True;0;True
Middle Eastern Studies;books-politics-social-sciences-social-sciences-specific-demographic-studies-ethnic-demographic-studies-Middle Eastern Studies;;7491b566-b4a0-4013-8f69-865bd2b2515e;True;0;True
Mixed Heritage & Multiracial;books-politics-social-sciences-social-sciences-specific-demographic-studies-ethnic-demographic-studies-Mixed Heritage & Multiracial;;7491b566-b4a0-4013-8f69-865bd2b2515e;True;0;True
People of African Descent & Black Studies;books-politics-social-sciences-social-sciences-specific-demographic-studies-ethnic-demographic-studies-People of African Descent & Black Studies;;7491b566-b4a0-4013-8f69-865bd2b2515e;True;0;True
Agriculture Bibliographies & Indexes;books-reference-writing-research-publishing-book-publishing-reference-bibliography-?ndex-reference-Agriculture Bibliographies & Indexes;;f7dd8918-ff2d-472e-91f6-40351b763ac6;True;0;True
Art & Photography Bibliographies & Indexes;books-reference-writing-research-publishing-book-publishing-reference-bibliography-?ndex-reference-Art & Photography Bibliographies & Indexes;;f7dd8918-ff2d-472e-91f6-40351b763ac6;True;0;True
Business Bibliographies & Indexes;books-reference-writing-research-publishing-book-publishing-reference-bibliography-?ndex-reference-Business Bibliographies & Indexes;;f7dd8918-ff2d-472e-91f6-40351b763ac6;True;0;True
Education Bibliographies & Indexes;books-reference-writing-research-publishing-book-publishing-reference-bibliography-?ndex-reference-Education Bibliographies & Indexes;;f7dd8918-ff2d-472e-91f6-40351b763ac6;True;0;True
Historical Bibliographies & Indexes;books-reference-writing-research-publishing-book-publishing-reference-bibliography-?ndex-reference-Historical Bibliographies & Indexes;;f7dd8918-ff2d-472e-91f6-40351b763ac6;True;0;True
Legal Bibliographies & Indexes;books-reference-writing-research-publishing-book-publishing-reference-bibliography-?ndex-reference-Legal Bibliographies & Indexes;;f7dd8918-ff2d-472e-91f6-40351b763ac6;True;0;True
Literary Bibliographies & Indexes;books-reference-writing-research-publishing-book-publishing-reference-bibliography-?ndex-reference-Literary Bibliographies & Indexes;;f7dd8918-ff2d-472e-91f6-40351b763ac6;True;0;True
Medical Bibliographies & Indexes;books-reference-writing-research-publishing-book-publishing-reference-bibliography-?ndex-reference-Medical Bibliographies & Indexes;;f7dd8918-ff2d-472e-91f6-40351b763ac6;True;0;True
Music Bibliographies & Indexes;books-reference-writing-research-publishing-book-publishing-reference-bibliography-?ndex-reference-Music Bibliographies & Indexes;;f7dd8918-ff2d-472e-91f6-40351b763ac6;True;0;True
Political Bibliographies & Indexes;books-reference-writing-research-publishing-book-publishing-reference-bibliography-?ndex-reference-Political Bibliographies & Indexes;;f7dd8918-ff2d-472e-91f6-40351b763ac6;True;0;True
Religious Bibliographies & Indexes;books-reference-writing-research-publishing-book-publishing-reference-bibliography-?ndex-reference-Religious Bibliographies & Indexes;;f7dd8918-ff2d-472e-91f6-40351b763ac6;True;0;True
Science Bibliographies & Indexes;books-reference-writing-research-publishing-book-publishing-reference-bibliography-?ndex-reference-Science Bibliographies & Indexes;;f7dd8918-ff2d-472e-91f6-40351b763ac6;True;0;True
Abstract Algebra;books-science-math-mathematics-pure-mathematics-algebra-Abstract Algebra;;591fdca6-4586-46c1-b612-7f9f06ef8180;True;0;True
Elementary Algebra;books-science-math-mathematics-pure-mathematics-algebra-Elementary Algebra;;591fdca6-4586-46c1-b612-7f9f06ef8180;True;0;True
Intermediate Algebra;books-science-math-mathematics-pure-mathematics-algebra-Intermediate Algebra;;591fdca6-4586-46c1-b612-7f9f06ef8180;True;0;True
Linear Algebra;books-science-math-mathematics-pure-mathematics-algebra-Linear Algebra;;591fdca6-4586-46c1-b612-7f9f06ef8180;True;0;True
Economic Theory;books-specialty-boutique-textbooks-business-finance-economics-Economic Theory;;aacdf7c6-0949-48f6-8570-a9afd24aca20;True;0;True
Macroeconomics;books-specialty-boutique-textbooks-business-finance-economics-Macroeconomics;;aacdf7c6-0949-48f6-8570-a9afd24aca20;True;0;True
Microeconomics;books-specialty-boutique-textbooks-business-finance-economics-Microeconomics;;aacdf7c6-0949-48f6-8570-a9afd24aca20;True;0;True
Chinese Language Instruction;books-specialty-boutique-textbooks-humanities-foreign-language-?nstruction-Chinese Language Instruction;;4ac95561-4de0-496d-9ef3-2ade4a604b30;True;0;True
French Language Instruction;books-specialty-boutique-textbooks-humanities-foreign-language-?nstruction-French Language Instruction;;4ac95561-4de0-496d-9ef3-2ade4a604b30;True;0;True
German Language Instruction;books-specialty-boutique-textbooks-humanities-foreign-language-?nstruction-German Language Instruction;;4ac95561-4de0-496d-9ef3-2ade4a604b30;True;0;True
Italian Language Instruction;books-specialty-boutique-textbooks-humanities-foreign-language-?nstruction-Italian Language Instruction;;4ac95561-4de0-496d-9ef3-2ade4a604b30;True;0;True
Japanese Language Instruction;books-specialty-boutique-textbooks-humanities-foreign-language-?nstruction-Japanese Language Instruction;;4ac95561-4de0-496d-9ef3-2ade4a604b30;True;0;True
Spanish Language Instruction;books-specialty-boutique-textbooks-humanities-foreign-language-?nstruction-Spanish Language Instruction;;4ac95561-4de0-496d-9ef3-2ade4a604b30;True;0;True
African History;books-specialty-boutique-textbooks-humanities-history-African History;;1ba415b9-7d6f-4391-a34e-d20eea5857eb;True;0;True
Ancient History;books-specialty-boutique-textbooks-humanities-history-Ancient History;;1ba415b9-7d6f-4391-a34e-d20eea5857eb;True;0;True
Asian History;books-specialty-boutique-textbooks-humanities-history-Asian History;;1ba415b9-7d6f-4391-a34e-d20eea5857eb;True;0;True
European History;books-specialty-boutique-textbooks-humanities-history-European History;;1ba415b9-7d6f-4391-a34e-d20eea5857eb;True;0;True
Latin American History;books-specialty-boutique-textbooks-humanities-history-Latin American History;;1ba415b9-7d6f-4391-a34e-d20eea5857eb;True;0;True
Middle Eastern History;books-specialty-boutique-textbooks-humanities-history-Middle Eastern History;;1ba415b9-7d6f-4391-a34e-d20eea5857eb;True;0;True
Military History;books-specialty-boutique-textbooks-humanities-history-Military History;;1ba415b9-7d6f-4391-a34e-d20eea5857eb;True;0;True
United States History;books-specialty-boutique-textbooks-humanities-history-United States History;;1ba415b9-7d6f-4391-a34e-d20eea5857eb;True;0;True
American Literature;books-specialty-boutique-textbooks-humanities-literature-American Literature;;a88f88ad-629d-4c57-8d65-165cbaadb98c;True;0;True
Creative Writing & Composition;books-specialty-boutique-textbooks-humanities-literature-Creative Writing & Composition;;a88f88ad-629d-4c57-8d65-165cbaadb98c;True;0;True
English Literature;books-specialty-boutique-textbooks-humanities-literature-English Literature;;a88f88ad-629d-4c57-8d65-165cbaadb98c;True;0;True
Literary Theory;books-specialty-boutique-textbooks-humanities-literature-Literary Theory;;a88f88ad-629d-4c57-8d65-165cbaadb98c;True;0;True
World Literature;books-specialty-boutique-textbooks-humanities-literature-World Literature;;a88f88ad-629d-4c57-8d65-165cbaadb98c;True;0;True
World Literature;books-specialty-boutique-textbooks-humanities-literature-World Literature;;a88f88ad-629d-4c57-8d65-165cbaadb98c;True;0;True
World Literature;books-specialty-boutique-textbooks-humanities-literature-World Literature;;a88f88ad-629d-4c57-8d65-165cbaadb98c;True;0;True
World Literature;books-specialty-boutique-textbooks-humanities-literature-World Literature;;a88f88ad-629d-4c57-8d65-165cbaadb98c;True;0;True
World Literature;books-specialty-boutique-textbooks-humanities-literature-World Literature;;a88f88ad-629d-4c57-8d65-165cbaadb98c;True;0;True
Dance;books-specialty-boutique-textbooks-humanities-performing-arts-Dance;;22939fa3-376d-4765-a82f-64532e5d5225;True;0;True
Film & Television;books-specialty-boutique-textbooks-humanities-performing-arts-Film & Television;;22939fa3-376d-4765-a82f-64532e5d5225;True;0;True
Music;books-specialty-boutique-textbooks-humanities-performing-arts-Music;;22939fa3-376d-4765-a82f-64532e5d5225;True;0;True
Theater;books-specialty-boutique-textbooks-humanities-performing-arts-Theater;;22939fa3-376d-4765-a82f-64532e5d5225;True;0;True
Aesthetics;books-specialty-boutique-textbooks-humanities-philosophy-Aesthetics;;ae59ad02-3922-48b4-b4ef-dde121918f5c;True;0;True
Epistemology;books-specialty-boutique-textbooks-humanities-philosophy-Epistemology;;ae59ad02-3922-48b4-b4ef-dde121918f5c;True;0;True
Ethics;books-specialty-boutique-textbooks-humanities-philosophy-Ethics;;ae59ad02-3922-48b4-b4ef-dde121918f5c;True;0;True
History of Philosophy;books-specialty-boutique-textbooks-humanities-philosophy-History of Philosophy;;ae59ad02-3922-48b4-b4ef-dde121918f5c;True;0;True
Logic;books-specialty-boutique-textbooks-humanities-philosophy-Logic;;ae59ad02-3922-48b4-b4ef-dde121918f5c;True;0;True
Metaphysics;books-specialty-boutique-textbooks-humanities-philosophy-Metaphysics;;ae59ad02-3922-48b4-b4ef-dde121918f5c;True;0;True
Buddhism;books-specialty-boutique-textbooks-humanities-religious-studies-Buddhism;;724e63bd-cc75-43f6-967e-0bccd426232c;True;0;True
Christianity;books-specialty-boutique-textbooks-humanities-religious-studies-Christianity;;724e63bd-cc75-43f6-967e-0bccd426232c;True;0;True
Comparative Religion;books-specialty-boutique-textbooks-humanities-religious-studies-Comparative Religion;;724e63bd-cc75-43f6-967e-0bccd426232c;True;0;True
Islam;books-specialty-boutique-textbooks-humanities-religious-studies-Islam;;724e63bd-cc75-43f6-967e-0bccd426232c;True;0;True
Judaism;books-specialty-boutique-textbooks-humanities-religious-studies-Judaism;;724e63bd-cc75-43f6-967e-0bccd426232c;True;0;True
Drawing;books-specialty-boutique-textbooks-humanities-visual-arts-Drawing;;260f2833-2ef9-4d35-8179-7e6df34fcf14;True;0;True
Painting;books-specialty-boutique-textbooks-humanities-visual-arts-Painting;;260f2833-2ef9-4d35-8179-7e6df34fcf14;True;0;True
Photography;books-specialty-boutique-textbooks-humanities-visual-arts-Photography;;260f2833-2ef9-4d35-8179-7e6df34fcf14;True;0;True
Sculpture;books-specialty-boutique-textbooks-humanities-visual-arts-Sculpture;;260f2833-2ef9-4d35-8179-7e6df34fcf14;True;0;True
Audiology & Speech Pathology;books-specialty-boutique-textbooks-medicine-health-sciences-allied-health-services-Audiology & Speech Pathology;;f2040208-807f-4757-9142-d425a1452cf3;True;0;True
Caregiving Health Services;books-specialty-boutique-textbooks-medicine-health-sciences-allied-health-services-Caregiving Health Services;;f2040208-807f-4757-9142-d425a1452cf3;True;0;True
Emergency Medical Services;books-specialty-boutique-textbooks-medicine-health-sciences-allied-health-services-Emergency Medical Services;;f2040208-807f-4757-9142-d425a1452cf3;True;0;True
Medical Assistant Health Service;books-specialty-boutique-textbooks-medicine-health-sciences-allied-health-services-Medical Assistant Health Service;;f2040208-807f-4757-9142-d425a1452cf3;True;0;True
Medical Technology;books-specialty-boutique-textbooks-medicine-health-sciences-allied-health-services-Medical Technology;;f2040208-807f-4757-9142-d425a1452cf3;True;0;True
Occupational Therapy;books-specialty-boutique-textbooks-medicine-health-sciences-allied-health-services-Occupational Therapy;;f2040208-807f-4757-9142-d425a1452cf3;True;0;True
Optometry;books-specialty-boutique-textbooks-medicine-health-sciences-allied-health-services-Optometry;;f2040208-807f-4757-9142-d425a1452cf3;True;0;True
Pharmacy;books-specialty-boutique-textbooks-medicine-health-sciences-allied-health-services-Pharmacy;;f2040208-807f-4757-9142-d425a1452cf3;True;0;True
Physical Therapy;books-specialty-boutique-textbooks-medicine-health-sciences-allied-health-services-Physical Therapy;;f2040208-807f-4757-9142-d425a1452cf3;True;0;True
Podiatry;books-specialty-boutique-textbooks-medicine-health-sciences-allied-health-services-Podiatry;;f2040208-807f-4757-9142-d425a1452cf3;True;0;True
Radiological & Ultrasound Technology;books-specialty-boutique-textbooks-medicine-health-sciences-allied-health-services-Radiological & Ultrasound Technology;;f2040208-807f-4757-9142-d425a1452cf3;True;0;True
Respiratory Therapy;books-specialty-boutique-textbooks-medicine-health-sciences-allied-health-services-Respiratory Therapy;;f2040208-807f-4757-9142-d425a1452cf3;True;0;True
Acupuncture;books-specialty-boutique-textbooks-medicine-health-sciences-alternative-medicine-Acupuncture;;f615c8fc-095e-4f02-874f-7daaafa81aad;True;0;True
Chiropractic Medicine;books-specialty-boutique-textbooks-medicine-health-sciences-alternative-medicine-Chiropractic Medicine;;f615c8fc-095e-4f02-874f-7daaafa81aad;True;0;True
Diet Therapy;books-specialty-boutique-textbooks-medicine-health-sciences-alternative-medicine-Diet Therapy;;f615c8fc-095e-4f02-874f-7daaafa81aad;True;0;True
Holistic Medicine;books-specialty-boutique-textbooks-medicine-health-sciences-alternative-medicine-Holistic Medicine;;f615c8fc-095e-4f02-874f-7daaafa81aad;True;0;True
Hypnotherapy;books-specialty-boutique-textbooks-medicine-health-sciences-alternative-medicine-Hypnotherapy;;f615c8fc-095e-4f02-874f-7daaafa81aad;True;0;True
Dental Assisting;books-specialty-boutique-textbooks-medicine-health-sciences-dentistry-Dental Assisting;;35222617-e729-4033-9faf-ef8be743daca;True;0;True
Dental Hygiene;books-specialty-boutique-textbooks-medicine-health-sciences-dentistry-Dental Hygiene;;35222617-e729-4033-9faf-ef8be743daca;True;0;True
General;books-specialty-boutique-textbooks-medicine-health-sciences-dentistry-General;;35222617-e729-4033-9faf-ef8be743daca;True;0;True
Oral Surgery;books-specialty-boutique-textbooks-medicine-health-sciences-dentistry-Oral Surgery;;35222617-e729-4033-9faf-ef8be743daca;True;0;True
Orthodontics;books-specialty-boutique-textbooks-medicine-health-sciences-dentistry-Orthodontics;;35222617-e729-4033-9faf-ef8be743daca;True;0;True
Periodontics;books-specialty-boutique-textbooks-medicine-health-sciences-dentistry-Periodontics;;35222617-e729-4033-9faf-ef8be743daca;True;0;True
Health Care Delivery;books-specialty-boutique-textbooks-medicine-health-sciences-medical-administration-policy-Health Care Delivery;;63c49daa-f47d-492a-9b72-89a2a7ad7074;True;0;True
Health Policy;books-specialty-boutique-textbooks-medicine-health-sciences-medical-administration-policy-Health Policy;;63c49daa-f47d-492a-9b72-89a2a7ad7074;True;0;True
Health Risk Assessment;books-specialty-boutique-textbooks-medicine-health-sciences-medical-administration-policy-Health Risk Assessment;;63c49daa-f47d-492a-9b72-89a2a7ad7074;True;0;True
Hospital Administration & Care;books-specialty-boutique-textbooks-medicine-health-sciences-medical-administration-policy-Hospital Administration & Care;;63c49daa-f47d-492a-9b72-89a2a7ad7074;True;0;True
Medicaid & Medicare;books-specialty-boutique-textbooks-medicine-health-sciences-medical-administration-policy-Medicaid & Medicare;;63c49daa-f47d-492a-9b72-89a2a7ad7074;True;0;True
Medical Ethics;books-specialty-boutique-textbooks-medicine-health-sciences-medical-administration-policy-Medical Ethics;;63c49daa-f47d-492a-9b72-89a2a7ad7074;True;0;True
Medical History & Records;books-specialty-boutique-textbooks-medicine-health-sciences-medical-administration-policy-Medical History & Records;;63c49daa-f47d-492a-9b72-89a2a7ad7074;True;0;True
Medical Practice Management;books-specialty-boutique-textbooks-medicine-health-sciences-medical-administration-policy-Medical Practice Management;;63c49daa-f47d-492a-9b72-89a2a7ad7074;True;0;True
Nosology;books-specialty-boutique-textbooks-medicine-health-sciences-medical-administration-policy-Nosology;;63c49daa-f47d-492a-9b72-89a2a7ad7074;True;0;True
Public Health;books-specialty-boutique-textbooks-medicine-health-sciences-medical-administration-policy-Public Health;;63c49daa-f47d-492a-9b72-89a2a7ad7074;True;0;True
Drug Reference Guides;books-specialty-boutique-textbooks-medicine-health-sciences-medical-reference-Drug Reference Guides;;a7be209a-ff35-4afd-a6a1-4cfbaf85f172;True;0;True
Basic Sciences;books-specialty-boutique-textbooks-medicine-health-sciences-medicine-Basic Sciences;;7a3892cc-87cc-496b-8463-30e61a58f614;True;0;True
Basic Sciences;books-specialty-boutique-textbooks-medicine-health-sciences-medicine-Basic Sciences;;7a3892cc-87cc-496b-8463-30e61a58f614;True;0;True
Basic Sciences;books-specialty-boutique-textbooks-medicine-health-sciences-medicine-Basic Sciences;;7a3892cc-87cc-496b-8463-30e61a58f614;True;0;True
Basic Sciences;books-specialty-boutique-textbooks-medicine-health-sciences-medicine-Basic Sciences;;7a3892cc-87cc-496b-8463-30e61a58f614;True;0;True
Basic Sciences;books-specialty-boutique-textbooks-medicine-health-sciences-medicine-Basic Sciences;;7a3892cc-87cc-496b-8463-30e61a58f614;True;0;True
Basic Sciences;books-specialty-boutique-textbooks-medicine-health-sciences-medicine-Basic Sciences;;7a3892cc-87cc-496b-8463-30e61a58f614;True;0;True
Basic Sciences;books-specialty-boutique-textbooks-medicine-health-sciences-medicine-Basic Sciences;;7a3892cc-87cc-496b-8463-30e61a58f614;True;0;True
Basic Sciences;books-specialty-boutique-textbooks-medicine-health-sciences-medicine-Basic Sciences;;7a3892cc-87cc-496b-8463-30e61a58f614;True;0;True
Basic Sciences;books-specialty-boutique-textbooks-medicine-health-sciences-medicine-Basic Sciences;;7a3892cc-87cc-496b-8463-30e61a58f614;True;0;True
Basic Sciences;books-specialty-boutique-textbooks-medicine-health-sciences-medicine-Basic Sciences;;7a3892cc-87cc-496b-8463-30e61a58f614;True;0;True
Basic Sciences;books-specialty-boutique-textbooks-medicine-health-sciences-medicine-Basic Sciences;;7a3892cc-87cc-496b-8463-30e61a58f614;True;0;True
Basic Sciences;books-specialty-boutique-textbooks-medicine-health-sciences-medicine-Basic Sciences;;7a3892cc-87cc-496b-8463-30e61a58f614;True;0;True
Basic Sciences;books-specialty-boutique-textbooks-medicine-health-sciences-medicine-Basic Sciences;;7a3892cc-87cc-496b-8463-30e61a58f614;True;0;True
Basic Sciences;books-specialty-boutique-textbooks-medicine-health-sciences-medicine-Basic Sciences;;7a3892cc-87cc-496b-8463-30e61a58f614;True;0;True
Basic Sciences;books-specialty-boutique-textbooks-medicine-health-sciences-medicine-Basic Sciences;;7a3892cc-87cc-496b-8463-30e61a58f614;True;0;True
Biotechnology;books-specialty-boutique-textbooks-medicine-health-sciences-medicine-Biotechnology;;7a3892cc-87cc-496b-8463-30e61a58f614;True;0;True
Clinical Medicine;books-specialty-boutique-textbooks-medicine-health-sciences-medicine-Clinical Medicine;;7a3892cc-87cc-496b-8463-30e61a58f614;True;0;True
Clinical Medicine;books-specialty-boutique-textbooks-medicine-health-sciences-medicine-Clinical Medicine;;7a3892cc-87cc-496b-8463-30e61a58f614;True;0;True
Clinical Medicine;books-specialty-boutique-textbooks-medicine-health-sciences-medicine-Clinical Medicine;;7a3892cc-87cc-496b-8463-30e61a58f614;True;0;True
Clinical Medicine;books-specialty-boutique-textbooks-medicine-health-sciences-medicine-Clinical Medicine;;7a3892cc-87cc-496b-8463-30e61a58f614;True;0;True
Clinical Medicine;books-specialty-boutique-textbooks-medicine-health-sciences-medicine-Clinical Medicine;;7a3892cc-87cc-496b-8463-30e61a58f614;True;0;True
Clinical Medicine;books-specialty-boutique-textbooks-medicine-health-sciences-medicine-Clinical Medicine;;7a3892cc-87cc-496b-8463-30e61a58f614;True;0;True
Clinical Medicine;books-specialty-boutique-textbooks-medicine-health-sciences-medicine-Clinical Medicine;;7a3892cc-87cc-496b-8463-30e61a58f614;True;0;True
Clinical Medicine;books-specialty-boutique-textbooks-medicine-health-sciences-medicine-Clinical Medicine;;7a3892cc-87cc-496b-8463-30e61a58f614;True;0;True
Clinical Medicine;books-specialty-boutique-textbooks-medicine-health-sciences-medicine-Clinical Medicine;;7a3892cc-87cc-496b-8463-30e61a58f614;True;0;True
Clinical Medicine;books-specialty-boutique-textbooks-medicine-health-sciences-medicine-Clinical Medicine;;7a3892cc-87cc-496b-8463-30e61a58f614;True;0;True
Clinical Medicine;books-specialty-boutique-textbooks-medicine-health-sciences-medicine-Clinical Medicine;;7a3892cc-87cc-496b-8463-30e61a58f614;True;0;True
Clinical Medicine;books-specialty-boutique-textbooks-medicine-health-sciences-medicine-Clinical Medicine;;7a3892cc-87cc-496b-8463-30e61a58f614;True;0;True
Clinical Medicine;books-specialty-boutique-textbooks-medicine-health-sciences-medicine-Clinical Medicine;;7a3892cc-87cc-496b-8463-30e61a58f614;True;0;True
Clinical Medicine;books-specialty-boutique-textbooks-medicine-health-sciences-medicine-Clinical Medicine;;7a3892cc-87cc-496b-8463-30e61a58f614;True;0;True
Clinical Medicine;books-specialty-boutique-textbooks-medicine-health-sciences-medicine-Clinical Medicine;;7a3892cc-87cc-496b-8463-30e61a58f614;True;0;True
Clinical Medicine;books-specialty-boutique-textbooks-medicine-health-sciences-medicine-Clinical Medicine;;7a3892cc-87cc-496b-8463-30e61a58f614;True;0;True
Clinical Medicine;books-specialty-boutique-textbooks-medicine-health-sciences-medicine-Clinical Medicine;;7a3892cc-87cc-496b-8463-30e61a58f614;True;0;True
Clinical Medicine;books-specialty-boutique-textbooks-medicine-health-sciences-medicine-Clinical Medicine;;7a3892cc-87cc-496b-8463-30e61a58f614;True;0;True
Clinical Medicine;books-specialty-boutique-textbooks-medicine-health-sciences-medicine-Clinical Medicine;;7a3892cc-87cc-496b-8463-30e61a58f614;True;0;True
Clinical Medicine;books-specialty-boutique-textbooks-medicine-health-sciences-medicine-Clinical Medicine;;7a3892cc-87cc-496b-8463-30e61a58f614;True;0;True
Clinical Medicine;books-specialty-boutique-textbooks-medicine-health-sciences-medicine-Clinical Medicine;;7a3892cc-87cc-496b-8463-30e61a58f614;True;0;True
Clinical Medicine;books-specialty-boutique-textbooks-medicine-health-sciences-medicine-Clinical Medicine;;7a3892cc-87cc-496b-8463-30e61a58f614;True;0;True
Clinical Medicine;books-specialty-boutique-textbooks-medicine-health-sciences-medicine-Clinical Medicine;;7a3892cc-87cc-496b-8463-30e61a58f614;True;0;True
Clinical Medicine;books-specialty-boutique-textbooks-medicine-health-sciences-medicine-Clinical Medicine;;7a3892cc-87cc-496b-8463-30e61a58f614;True;0;True
Clinical Medicine;books-specialty-boutique-textbooks-medicine-health-sciences-medicine-Clinical Medicine;;7a3892cc-87cc-496b-8463-30e61a58f614;True;0;True
Clinical Medicine;books-specialty-boutique-textbooks-medicine-health-sciences-medicine-Clinical Medicine;;7a3892cc-87cc-496b-8463-30e61a58f614;True;0;True
Clinical Medicine;books-specialty-boutique-textbooks-medicine-health-sciences-medicine-Clinical Medicine;;7a3892cc-87cc-496b-8463-30e61a58f614;True;0;True
Clinical Medicine;books-specialty-boutique-textbooks-medicine-health-sciences-medicine-Clinical Medicine;;7a3892cc-87cc-496b-8463-30e61a58f614;True;0;True
Clinical Medicine;books-specialty-boutique-textbooks-medicine-health-sciences-medicine-Clinical Medicine;;7a3892cc-87cc-496b-8463-30e61a58f614;True;0;True
Clinical Medicine;books-specialty-boutique-textbooks-medicine-health-sciences-medicine-Clinical Medicine;;7a3892cc-87cc-496b-8463-30e61a58f614;True;0;True
Clinical Medicine;books-specialty-boutique-textbooks-medicine-health-sciences-medicine-Clinical Medicine;;7a3892cc-87cc-496b-8463-30e61a58f614;True;0;True
Clinical Medicine;books-specialty-boutique-textbooks-medicine-health-sciences-medicine-Clinical Medicine;;7a3892cc-87cc-496b-8463-30e61a58f614;True;0;True
Clinical Medicine;books-specialty-boutique-textbooks-medicine-health-sciences-medicine-Clinical Medicine;;7a3892cc-87cc-496b-8463-30e61a58f614;True;0;True
Clinical Medicine;books-specialty-boutique-textbooks-medicine-health-sciences-medicine-Clinical Medicine;;7a3892cc-87cc-496b-8463-30e61a58f614;True;0;True
Clinical Medicine;books-specialty-boutique-textbooks-medicine-health-sciences-medicine-Clinical Medicine;;7a3892cc-87cc-496b-8463-30e61a58f614;True;0;True
Clinical Medicine;books-specialty-boutique-textbooks-medicine-health-sciences-medicine-Clinical Medicine;;7a3892cc-87cc-496b-8463-30e61a58f614;True;0;True
Clinical Medicine;books-specialty-boutique-textbooks-medicine-health-sciences-medicine-Clinical Medicine;;7a3892cc-87cc-496b-8463-30e61a58f614;True;0;True
Clinical Medicine;books-specialty-boutique-textbooks-medicine-health-sciences-medicine-Clinical Medicine;;7a3892cc-87cc-496b-8463-30e61a58f614;True;0;True
Clinical Medicine;books-specialty-boutique-textbooks-medicine-health-sciences-medicine-Clinical Medicine;;7a3892cc-87cc-496b-8463-30e61a58f614;True;0;True
Clinical Medicine;books-specialty-boutique-textbooks-medicine-health-sciences-medicine-Clinical Medicine;;7a3892cc-87cc-496b-8463-30e61a58f614;True;0;True
Clinical Medicine;books-specialty-boutique-textbooks-medicine-health-sciences-medicine-Clinical Medicine;;7a3892cc-87cc-496b-8463-30e61a58f614;True;0;True
Clinical Medicine;books-specialty-boutique-textbooks-medicine-health-sciences-medicine-Clinical Medicine;;7a3892cc-87cc-496b-8463-30e61a58f614;True;0;True
Clinical Medicine;books-specialty-boutique-textbooks-medicine-health-sciences-medicine-Clinical Medicine;;7a3892cc-87cc-496b-8463-30e61a58f614;True;0;True
Clinical Medicine;books-specialty-boutique-textbooks-medicine-health-sciences-medicine-Clinical Medicine;;7a3892cc-87cc-496b-8463-30e61a58f614;True;0;True
Clinical Medicine;books-specialty-boutique-textbooks-medicine-health-sciences-medicine-Clinical Medicine;;7a3892cc-87cc-496b-8463-30e61a58f614;True;0;True
Clinical Medicine;books-specialty-boutique-textbooks-medicine-health-sciences-medicine-Clinical Medicine;;7a3892cc-87cc-496b-8463-30e61a58f614;True;0;True
Clinical Medicine;books-specialty-boutique-textbooks-medicine-health-sciences-medicine-Clinical Medicine;;7a3892cc-87cc-496b-8463-30e61a58f614;True;0;True
Clinical Medicine;books-specialty-boutique-textbooks-medicine-health-sciences-medicine-Clinical Medicine;;7a3892cc-87cc-496b-8463-30e61a58f614;True;0;True
General;books-specialty-boutique-textbooks-medicine-health-sciences-dentistry-General;;35222617-e729-4033-9faf-ef8be743daca;True;0;True
Medical Education & Training;books-specialty-boutique-textbooks-medicine-health-sciences-medicine-Medical Education & Training;;7a3892cc-87cc-496b-8463-30e61a58f614;True;0;True
Special Topics;books-specialty-boutique-textbooks-medicine-health-sciences-medicine-Special Topics;;7a3892cc-87cc-496b-8463-30e61a58f614;True;0;True
Special Topics;books-specialty-boutique-textbooks-medicine-health-sciences-medicine-Special Topics;;7a3892cc-87cc-496b-8463-30e61a58f614;True;0;True
Special Topics;books-specialty-boutique-textbooks-medicine-health-sciences-medicine-Special Topics;;7a3892cc-87cc-496b-8463-30e61a58f614;True;0;True
Clinical Nursing;books-specialty-boutique-textbooks-medicine-health-sciences-nursing-Clinical Nursing;;52b8cbcc-6fd2-4912-9b4a-187601d47d60;True;0;True
Clinical Nursing;books-specialty-boutique-textbooks-medicine-health-sciences-nursing-Clinical Nursing;;52b8cbcc-6fd2-4912-9b4a-187601d47d60;True;0;True
Clinical Nursing;books-specialty-boutique-textbooks-medicine-health-sciences-nursing-Clinical Nursing;;52b8cbcc-6fd2-4912-9b4a-187601d47d60;True;0;True
Clinical Nursing;books-specialty-boutique-textbooks-medicine-health-sciences-nursing-Clinical Nursing;;52b8cbcc-6fd2-4912-9b4a-187601d47d60;True;0;True
Clinical Nursing;books-specialty-boutique-textbooks-medicine-health-sciences-nursing-Clinical Nursing;;52b8cbcc-6fd2-4912-9b4a-187601d47d60;True;0;True
Clinical Nursing;books-specialty-boutique-textbooks-medicine-health-sciences-nursing-Clinical Nursing;;52b8cbcc-6fd2-4912-9b4a-187601d47d60;True;0;True
Clinical Nursing;books-specialty-boutique-textbooks-medicine-health-sciences-nursing-Clinical Nursing;;52b8cbcc-6fd2-4912-9b4a-187601d47d60;True;0;True
Clinical Nursing;books-specialty-boutique-textbooks-medicine-health-sciences-nursing-Clinical Nursing;;52b8cbcc-6fd2-4912-9b4a-187601d47d60;True;0;True
Clinical Nursing;books-specialty-boutique-textbooks-medicine-health-sciences-nursing-Clinical Nursing;;52b8cbcc-6fd2-4912-9b4a-187601d47d60;True;0;True
Clinical Nursing;books-specialty-boutique-textbooks-medicine-health-sciences-nursing-Clinical Nursing;;52b8cbcc-6fd2-4912-9b4a-187601d47d60;True;0;True
Clinical Nursing;books-specialty-boutique-textbooks-medicine-health-sciences-nursing-Clinical Nursing;;52b8cbcc-6fd2-4912-9b4a-187601d47d60;True;0;True
Clinical Nursing;books-specialty-boutique-textbooks-medicine-health-sciences-nursing-Clinical Nursing;;52b8cbcc-6fd2-4912-9b4a-187601d47d60;True;0;True
Clinical Nursing;books-specialty-boutique-textbooks-medicine-health-sciences-nursing-Clinical Nursing;;52b8cbcc-6fd2-4912-9b4a-187601d47d60;True;0;True
Clinical Nursing;books-specialty-boutique-textbooks-medicine-health-sciences-nursing-Clinical Nursing;;52b8cbcc-6fd2-4912-9b4a-187601d47d60;True;0;True
Clinical Nursing;books-specialty-boutique-textbooks-medicine-health-sciences-nursing-Clinical Nursing;;52b8cbcc-6fd2-4912-9b4a-187601d47d60;True;0;True
Clinical Nursing;books-specialty-boutique-textbooks-medicine-health-sciences-nursing-Clinical Nursing;;52b8cbcc-6fd2-4912-9b4a-187601d47d60;True;0;True
General;books-specialty-boutique-textbooks-medicine-health-sciences-dentistry-General;;35222617-e729-4033-9faf-ef8be743daca;True;0;True
Issues;books-specialty-boutique-textbooks-medicine-health-sciences-nursing-Issues;;52b8cbcc-6fd2-4912-9b4a-187601d47d60;True;0;True
LPN & LVN Test Preparation;books-specialty-boutique-textbooks-medicine-health-sciences-nursing-LPN & LVN Test Preparation;;52b8cbcc-6fd2-4912-9b4a-187601d47d60;True;0;True
Nursing Administration;books-specialty-boutique-textbooks-medicine-health-sciences-nursing-Nursing Administration;;52b8cbcc-6fd2-4912-9b4a-187601d47d60;True;0;True
Nursing Fundamentals & Skills;books-specialty-boutique-textbooks-medicine-health-sciences-nursing-Nursing Fundamentals & Skills;;52b8cbcc-6fd2-4912-9b4a-187601d47d60;True;0;True
Nursing Reference;books-specialty-boutique-textbooks-medicine-health-sciences-nursing-Nursing Reference;;52b8cbcc-6fd2-4912-9b4a-187601d47d60;True;0;True
Nursing Research & Theory;books-specialty-boutique-textbooks-medicine-health-sciences-nursing-Nursing Research & Theory;;52b8cbcc-6fd2-4912-9b4a-187601d47d60;True;0;True
Nursing Test Preparation;books-specialty-boutique-textbooks-medicine-health-sciences-nursing-Nursing Test Preparation;;52b8cbcc-6fd2-4912-9b4a-187601d47d60;True;0;True
Equine Veterinary Medicine;books-specialty-boutique-textbooks-medicine-health-sciences-veterinary-medicine-Equine Veterinary Medicine;;937a3d5c-fea1-4c9d-ad6d-1d2d29278e4b;True;0;True
Food Animal Medicine;books-specialty-boutique-textbooks-medicine-health-sciences-veterinary-medicine-Food Animal Medicine;;937a3d5c-fea1-4c9d-ad6d-1d2d29278e4b;True;0;True
General;books-specialty-boutique-textbooks-medicine-health-sciences-dentistry-General;;35222617-e729-4033-9faf-ef8be743daca;True;0;True
Small Animal Medicine;books-specialty-boutique-textbooks-medicine-health-sciences-veterinary-medicine-Small Animal Medicine;;937a3d5c-fea1-4c9d-ad6d-1d2d29278e4b;True;0;True
Anatomy & Physiology;books-specialty-boutique-textbooks-science-mathematics-biology-life-sciences-Anatomy & Physiology;;f32dc62e-dc5b-44e7-b7d0-1ad8cb8dc59d;True;0;True
Biology;books-specialty-boutique-textbooks-science-mathematics-biology-life-sciences-Biology;;f32dc62e-dc5b-44e7-b7d0-1ad8cb8dc59d;True;0;True
Botany;books-specialty-boutique-textbooks-science-mathematics-biology-life-sciences-Botany;;f32dc62e-dc5b-44e7-b7d0-1ad8cb8dc59d;True;0;True
Ecology;books-specialty-boutique-textbooks-science-mathematics-biology-life-sciences-Ecology;;f32dc62e-dc5b-44e7-b7d0-1ad8cb8dc59d;True;0;True
Zoology;books-specialty-boutique-textbooks-science-mathematics-biology-life-sciences-Zoology;;f32dc62e-dc5b-44e7-b7d0-1ad8cb8dc59d;True;0;True
Algebra & Trigonometry;books-specialty-boutique-textbooks-science-mathematics-mathematics-Algebra & Trigonometry;;2acc1952-fe0c-4193-bad0-9e004e5b23af;True;0;True
Geometry;books-specialty-boutique-textbooks-science-mathematics-mathematics-Geometry;;2acc1952-fe0c-4193-bad0-9e004e5b23af;True;0;True
Government;books-specialty-boutique-textbooks-social-sciences-political-science-Government;;26078087-a89a-4bad-8f6e-d6d2dfa8d1a9;True;0;True
International Relations;books-specialty-boutique-textbooks-social-sciences-political-science-International Relations;;26078087-a89a-4bad-8f6e-d6d2dfa8d1a9;True;0;True
Political Ideologies;books-specialty-boutique-textbooks-social-sciences-political-science-Political Ideologies;;26078087-a89a-4bad-8f6e-d6d2dfa8d1a9;True;0;True
Public Policy;books-specialty-boutique-textbooks-social-sciences-political-science-Public Policy;;26078087-a89a-4bad-8f6e-d6d2dfa8d1a9;True;0;True
Clinical Psychology;books-specialty-boutique-textbooks-social-sciences-psychology-Clinical Psychology;;e96eb0d7-a09b-4663-b68e-c2a24d8c3467;True;0;True
Cognitive Psychology;books-specialty-boutique-textbooks-social-sciences-psychology-Cognitive Psychology;;e96eb0d7-a09b-4663-b68e-c2a24d8c3467;True;0;True
Developmental Psychology;books-specialty-boutique-textbooks-social-sciences-psychology-Developmental Psychology;;e96eb0d7-a09b-4663-b68e-c2a24d8c3467;True;0;True
Neuropsychology;books-specialty-boutique-textbooks-social-sciences-psychology-Neuropsychology;;e96eb0d7-a09b-4663-b68e-c2a24d8c3467;True;0;True
Psychopathology;books-specialty-boutique-textbooks-social-sciences-psychology-Psychopathology;;e96eb0d7-a09b-4663-b68e-c2a24d8c3467;True;0;True
Psychotherapy;books-specialty-boutique-textbooks-social-sciences-psychology-Psychotherapy;;e96eb0d7-a09b-4663-b68e-c2a24d8c3467;True;0;True
Teen & Young Adult 19th Century United States History;books-teen-young-adult-books-teen-young-adult-education-reference-history-for-teens-young-adults-teen-young-adult-united-states-history-Teen & Young Adult 19th Century United States History;;87cbc12f-f0be-425e-8a41-770282ebb4b2;True;0;True
Teen & Young Adult 20th Century United States History;books-teen-young-adult-books-teen-young-adult-education-reference-history-for-teens-young-adults-teen-young-adult-united-states-history-Teen & Young Adult 20th Century United States History;;87cbc12f-f0be-425e-8a41-770282ebb4b2;True;0;True
Teen & Young Adult 21st Century United States History;books-teen-young-adult-books-teen-young-adult-education-reference-history-for-teens-young-adults-teen-young-adult-united-states-history-Teen & Young Adult 21st Century United States History;;87cbc12f-f0be-425e-8a41-770282ebb4b2;True;0;True
Teen & Young Adult United States Civil War Period History;books-teen-young-adult-books-teen-young-adult-education-reference-history-for-teens-young-adults-teen-young-adult-united-states-history-Teen & Young Adult United States Civil War Period History;;87cbc12f-f0be-425e-8a41-770282ebb4b2;True;0;True
Teen & Young Adult United States Colonial & Revolutionary Periods History;books-teen-young-adult-books-teen-young-adult-education-reference-history-for-teens-young-adults-teen-young-adult-united-states-history-Teen & Young Adult United States Colonial & Revolutionary Periods History;;87cbc12f-f0be-425e-8a41-770282ebb4b2;True;0;True
Teen & Young Adult United States State & Local History;books-teen-young-adult-books-teen-young-adult-education-reference-history-for-teens-young-adults-teen-young-adult-united-states-history-Teen & Young Adult United States State & Local History;;87cbc12f-f0be-425e-8a41-770282ebb4b2;True;0;True
Teen & Young Adult Computer Programming;books-teen-young-adult-books-teen-young-adult-education-reference-science-technology-for-teens-computer-science-for-teens-young-adults-Teen & Young Adult Computer Programming;;095dcbb0-eb20-41a1-b37c-e2675bad98c1;True;0;True
Teen & Young Adult Computer Software Books;books-teen-young-adult-books-teen-young-adult-education-reference-science-technology-for-teens-computer-science-for-teens-young-adults-Teen & Young Adult Computer Software Books;;095dcbb0-eb20-41a1-b37c-e2675bad98c1;True;0;True
Teen & Young Adult Internet Books;books-teen-young-adult-books-teen-young-adult-education-reference-science-technology-for-teens-computer-science-for-teens-young-adults-Teen & Young Adult Internet Books;;095dcbb0-eb20-41a1-b37c-e2675bad98c1;True;0;True
Teen & Young Adult Geography;books-teen-young-adult-books-teen-young-adult-education-reference-science-technology-for-teens-earth-science-for-teens-young-adults-Teen & Young Adult Geography;;20418932-bb38-4c33-bf8b-6c0beaec087a;True;0;True
Teen & Young Adult Water Science;books-teen-young-adult-books-teen-young-adult-education-reference-science-technology-for-teens-earth-science-for-teens-young-adults-Teen & Young Adult Water Science;;20418932-bb38-4c33-bf8b-6c0beaec087a;True;0;True
Teen & Young Adult Weather Science;books-teen-young-adult-books-teen-young-adult-education-reference-science-technology-for-teens-earth-science-for-teens-young-adults-Teen & Young Adult Weather Science;;20418932-bb38-4c33-bf8b-6c0beaec087a;True;0;True
Teen & Young Adult Agriculture;books-teen-young-adult-books-teen-young-adult-education-reference-science-technology-for-teens-teen-young-adult-technology-Teen & Young Adult Agriculture;;3b1dc587-f7a3-4bc8-ba28-fef2713a849f;True;0;True
Teen & Young Adult Air & Space Science;books-teen-young-adult-books-teen-young-adult-education-reference-science-technology-for-teens-teen-young-adult-technology-Teen & Young Adult Air & Space Science;;3b1dc587-f7a3-4bc8-ba28-fef2713a849f;True;0;True
Teen & Young Adult Electricity & Electronics;books-teen-young-adult-books-teen-young-adult-education-reference-science-technology-for-teens-teen-young-adult-technology-Teen & Young Adult Electricity & Electronics;;3b1dc587-f7a3-4bc8-ba28-fef2713a849f;True;0;True
Teen & Young Adult How Things Work;books-teen-young-adult-books-teen-young-adult-education-reference-science-technology-for-teens-teen-young-adult-technology-Teen & Young Adult How Things Work;;3b1dc587-f7a3-4bc8-ba28-fef2713a849f;True;0;True
Teen & Young Adult Inventions;books-teen-young-adult-books-teen-young-adult-education-reference-science-technology-for-teens-teen-young-adult-technology-Teen & Young Adult Inventions;;3b1dc587-f7a3-4bc8-ba28-fef2713a849f;True;0;True
Teen & Young Adult Machinery & Tools;books-teen-young-adult-books-teen-young-adult-education-reference-science-technology-for-teens-teen-young-adult-technology-Teen & Young Adult Machinery & Tools;;3b1dc587-f7a3-4bc8-ba28-fef2713a849f;True;0;True
Teen & Young Adult Christian Action & Adventure;books-teen-young-adult-books-teen-young-adult-literature-fiction-teen-young-adult-religious-fiction-teen-young-adult-christian-fiction-Teen & Young Adult Christian Action & Adventure;;154266d4-745e-4bb2-a79e-dd5e2c6cbe6f;True;0;True
Teen & Young Adult Christian Emotions & Feelings Fiction;books-teen-young-adult-books-teen-young-adult-literature-fiction-teen-young-adult-religious-fiction-teen-young-adult-christian-fiction-Teen & Young Adult Christian Emotions & Feelings Fiction;;154266d4-745e-4bb2-a79e-dd5e2c6cbe6f;True;0;True
Teen & Young Adult Christian Family Fiction;books-teen-young-adult-books-teen-young-adult-literature-fiction-teen-young-adult-religious-fiction-teen-young-adult-christian-fiction-Teen & Young Adult Christian Family Fiction;;154266d4-745e-4bb2-a79e-dd5e2c6cbe6f;True;0;True
Teen & Young Adult Christian Fantasy;books-teen-young-adult-books-teen-young-adult-literature-fiction-teen-young-adult-religious-fiction-teen-young-adult-christian-fiction-Teen & Young Adult Christian Fantasy;;154266d4-745e-4bb2-a79e-dd5e2c6cbe6f;True;0;True
Teen & Young Adult Christian Friendship Fiction;books-teen-young-adult-books-teen-young-adult-literature-fiction-teen-young-adult-religious-fiction-teen-young-adult-christian-fiction-Teen & Young Adult Christian Friendship Fiction;;154266d4-745e-4bb2-a79e-dd5e2c6cbe6f;True;0;True
Teen & Young Adult Christian Historical Fiction;books-teen-young-adult-books-teen-young-adult-literature-fiction-teen-young-adult-religious-fiction-teen-young-adult-christian-fiction-Teen & Young Adult Christian Historical Fiction;;154266d4-745e-4bb2-a79e-dd5e2c6cbe6f;True;0;True
Teen & Young Adult Christian Mysteries & Thrillers;books-teen-young-adult-books-teen-young-adult-literature-fiction-teen-young-adult-religious-fiction-teen-young-adult-christian-fiction-Teen & Young Adult Christian Mysteries & Thrillers;;154266d4-745e-4bb2-a79e-dd5e2c6cbe6f;True;0;True
Teen & Young Adult Christian Relationship Fiction;books-teen-young-adult-books-teen-young-adult-literature-fiction-teen-young-adult-religious-fiction-teen-young-adult-christian-fiction-Teen & Young Adult Christian Relationship Fiction;;154266d4-745e-4bb2-a79e-dd5e2c6cbe6f;True;0;True
Teen & Young Adult Christian Science Fiction;books-teen-young-adult-books-teen-young-adult-literature-fiction-teen-young-adult-religious-fiction-teen-young-adult-christian-fiction-Teen & Young Adult Christian Science Fiction;;154266d4-745e-4bb2-a79e-dd5e2c6cbe6f;True;0;True
Teen & Young Adult Christian Social Issue Fiction;books-teen-young-adult-books-teen-young-adult-literature-fiction-teen-young-adult-religious-fiction-teen-young-adult-christian-fiction-Teen & Young Adult Christian Social Issue Fiction;;154266d4-745e-4bb2-a79e-dd5e2c6cbe6f;True;0;True
Teen & Young Adult Christian Values & Virtues Fiction;books-teen-young-adult-books-teen-young-adult-literature-fiction-teen-young-adult-religious-fiction-teen-young-adult-christian-fiction-Teen & Young Adult Christian Values & Virtues Fiction;;154266d4-745e-4bb2-a79e-dd5e2c6cbe6f;True;0;True
Teen & Young Adult Adoption Fiction;books-teen-young-adult-books-teen-young-adult-literature-fiction-teen-young-adult-social-family-?ssue-fiction-teen-young-adult-family-fiction-Teen & Young Adult Adoption Fiction;;834b43b7-1ef5-4678-b552-78f022126782;True;0;True
Teen & Young Adult Alternative Family Fiction;books-teen-young-adult-books-teen-young-adult-literature-fiction-teen-young-adult-social-family-?ssue-fiction-teen-young-adult-family-fiction-Teen & Young Adult Alternative Family Fiction;;834b43b7-1ef5-4678-b552-78f022126782;True;0;True
Teen & Young Adult Marriage & Divorce Fiction;books-teen-young-adult-books-teen-young-adult-literature-fiction-teen-young-adult-social-family-?ssue-fiction-teen-young-adult-family-fiction-Teen & Young Adult Marriage & Divorce Fiction;;834b43b7-1ef5-4678-b552-78f022126782;True;0;True
Teen & Young Adult Multigenerational Family Fiction;books-teen-young-adult-books-teen-young-adult-literature-fiction-teen-young-adult-social-family-?ssue-fiction-teen-young-adult-family-fiction-Teen & Young Adult Multigenerational Family Fiction;;834b43b7-1ef5-4678-b552-78f022126782;True;0;True
Teen & Young Adult Orphans & Foster Homes Fiction;books-teen-young-adult-books-teen-young-adult-literature-fiction-teen-young-adult-social-family-?ssue-fiction-teen-young-adult-family-fiction-Teen & Young Adult Orphans & Foster Homes Fiction;;834b43b7-1ef5-4678-b552-78f022126782;True;0;True
Teen & Young Adult Parents Fiction;books-teen-young-adult-books-teen-young-adult-literature-fiction-teen-young-adult-social-family-?ssue-fiction-teen-young-adult-family-fiction-Teen & Young Adult Parents Fiction;;834b43b7-1ef5-4678-b552-78f022126782;True;0;True
Teen & Young Adult Siblings Fiction;books-teen-young-adult-books-teen-young-adult-literature-fiction-teen-young-adult-social-family-?ssue-fiction-teen-young-adult-family-fiction-Teen & Young Adult Siblings Fiction;;834b43b7-1ef5-4678-b552-78f022126782;True;0;True
Teen & Young Adult Stepfamily Fiction;books-teen-young-adult-books-teen-young-adult-literature-fiction-teen-young-adult-social-family-?ssue-fiction-teen-young-adult-family-fiction-Teen & Young Adult Stepfamily Fiction;;834b43b7-1ef5-4678-b552-78f022126782;True;0;True
Teen & Young Adult Country & Ethnic Fairy Tales & Folklore;books-teen-young-adult-books-teen-young-adult-science-fiction-fantasy-teen-young-adult-fantasy-teen-young-adult-fairy-tales-folklore-Teen & Young Adult Country & Ethnic Fairy Tales & Folklore;;a52b3d04-3848-44db-bdc3-2fa0bc1e4fd0;True;0;True
Teen & Young Adult Fairy Tale & Folklore Adaptations;books-teen-young-adult-books-teen-young-adult-science-fiction-fantasy-teen-young-adult-fantasy-teen-young-adult-fairy-tales-folklore-Teen & Young Adult Fairy Tale & Folklore Adaptations;;a52b3d04-3848-44db-bdc3-2fa0bc1e4fd0;True;0;True
Teen & Young Adult Fairy Tale & Folklore Anthologies;books-teen-young-adult-books-teen-young-adult-science-fiction-fantasy-teen-young-adult-fantasy-teen-young-adult-fairy-tales-folklore-Teen & Young Adult Fairy Tale & Folklore Anthologies;;a52b3d04-3848-44db-bdc3-2fa0bc1e4fd0;True;0;True
Teen & Young Adult Arthurian Myths & Legends;books-teen-young-adult-books-teen-young-adult-science-fiction-fantasy-teen-young-adult-fantasy-teen-young-adult-myths-legends-Teen & Young Adult Arthurian Myths & Legends;;512a1768-3d44-4b46-8451-9751675c869e;True;0;True
Teen & Young Adult Greek & Roman Myths & Legends;books-teen-young-adult-books-teen-young-adult-science-fiction-fantasy-teen-young-adult-fantasy-teen-young-adult-myths-legends-Teen & Young Adult Greek & Roman Myths & Legends;;512a1768-3d44-4b46-8451-9751675c869e;True;0;True
Teen & Young Adult Norse Myths & Legends;books-teen-young-adult-books-teen-young-adult-science-fiction-fantasy-teen-young-adult-fantasy-teen-young-adult-myths-legends-Teen & Young Adult Norse Myths & Legends;;512a1768-3d44-4b46-8451-9751675c869e;True;0;True
Teen & Young Adult Mermaid Fiction;books-teen-young-adult-books-teen-young-adult-science-fiction-fantasy-teen-young-adult-fantasy-teen-young-adult-paranormal-urban-fantasy-Teen & Young Adult Mermaid Fiction;;5cb97d46-19cf-4178-9742-ef9c04b7d41a;True;0;True
Teen & Young Adult Vampire Fiction;books-teen-young-adult-books-teen-young-adult-science-fiction-fantasy-teen-young-adult-fantasy-teen-young-adult-paranormal-urban-fantasy-Teen & Young Adult Vampire Fiction;;5cb97d46-19cf-4178-9742-ef9c04b7d41a;True;0;True
Teen & Young Adult Werewolf & Shifter Fiction;books-teen-young-adult-books-teen-young-adult-science-fiction-fantasy-teen-young-adult-fantasy-teen-young-adult-paranormal-urban-fantasy-Teen & Young Adult Werewolf & Shifter Fiction;;5cb97d46-19cf-4178-9742-ef9c04b7d41a;True;0;True
Bath England Travel Books;books-travel-european-travel-guides-great-britain-travel-guides-england-travel-guides-Bath England Travel Books;;737f8fda-22b2-46c9-aec0-d49c7cce5b06;True;0;True
Devon England Travel Books;books-travel-european-travel-guides-great-britain-travel-guides-england-travel-guides-Devon England Travel Books;;737f8fda-22b2-46c9-aec0-d49c7cce5b06;True;0;True
General England Travel Guides;books-travel-european-travel-guides-great-britain-travel-guides-england-travel-guides-General England Travel Guides;;737f8fda-22b2-46c9-aec0-d49c7cce5b06;True;0;True
Gloucestershire England Travel Books;books-travel-european-travel-guides-great-britain-travel-guides-england-travel-guides-Gloucestershire England Travel Books;;737f8fda-22b2-46c9-aec0-d49c7cce5b06;True;0;True
London England Travel Books;books-travel-european-travel-guides-great-britain-travel-guides-england-travel-guides-London England Travel Books;;737f8fda-22b2-46c9-aec0-d49c7cce5b06;True;0;True
Yorkshire England Travel Books;books-travel-european-travel-guides-great-britain-travel-guides-england-travel-guides-Yorkshire England Travel Books;;737f8fda-22b2-46c9-aec0-d49c7cce5b06;True;0;True
Edinburgh Scotland Travel Books;books-travel-european-travel-guides-great-britain-travel-guides-scotland-travel-guides-Edinburgh Scotland Travel Books;;f0a063ba-6638-4cf8-ad08-44531996055c;True;0;True
General Scotland Travel Guides;books-travel-european-travel-guides-great-britain-travel-guides-scotland-travel-guides-General Scotland Travel Guides;;f0a063ba-6638-4cf8-ad08-44531996055c;True;0;True
Glasgow Scotland Travel Books;books-travel-european-travel-guides-great-britain-travel-guides-scotland-travel-guides-Glasgow Scotland Travel Books;;f0a063ba-6638-4cf8-ad08-44531996055c;True;0;True
Allemandes;cds-vinyl-music-styles-classical-ballets-dances-baroque-dance-suites-Allemandes;;a43b71fd-b555-44af-b038-02ce08a1c810;True;0;True
Gigue;cds-vinyl-music-styles-classical-ballets-dances-baroque-dance-suites-Gigue;;a43b71fd-b555-44af-b038-02ce08a1c810;True;0;True
Sarabande;cds-vinyl-music-styles-classical-ballets-dances-baroque-dance-suites-Sarabande;;a43b71fd-b555-44af-b038-02ce08a1c810;True;0;True
Classical Concertinos;cds-vinyl-music-styles-classical-classical-forms-genres-classical-concertos-Classical Concertinos;;ab07be03-6e7a-44fa-b2f4-81ec94a77559;True;0;True
Classical Concerto Grossi;cds-vinyl-music-styles-classical-classical-forms-genres-classical-concertos-Classical Concerto Grossi;;ab07be03-6e7a-44fa-b2f4-81ec94a77559;True;0;True
Elegies;cds-vinyl-music-styles-classical-classical-forms-genres-classical-requiems,-elegies-tombeau-Elegies;;a723e059-8cb7-41da-a816-b187a11c3265;True;0;True
Classical Character Pieces;cds-vinyl-music-styles-classical-classical-forms-genres-classical-short-forms-Classical Character Pieces;;c50005a3-f281-4ec2-a915-02b40be77061;True;0;True
Classical Impromptus;cds-vinyl-music-styles-classical-classical-forms-genres-classical-short-forms-Classical Impromptus;;c50005a3-f281-4ec2-a915-02b40be77061;True;0;True
Classical Nocturnes;cds-vinyl-music-styles-classical-classical-forms-genres-classical-short-forms-Classical Nocturnes;;c50005a3-f281-4ec2-a915-02b40be77061;True;0;True
classical Canzones;cds-vinyl-music-styles-classical-classical-forms-genres-classical-sonatas-classical Canzones;;f78927f5-7511-4866-91ff-2bd87d208810;True;0;True
Classical Sonatinas;cds-vinyl-music-styles-classical-classical-forms-genres-classical-sonatas-Classical Sonatinas;;f78927f5-7511-4866-91ff-2bd87d208810;True;0;True
Classical Trio Sonatas;cds-vinyl-music-styles-classical-classical-forms-genres-classical-sonatas-Classical Trio Sonatas;;f78927f5-7511-4866-91ff-2bd87d208810;True;0;True
Classical Grounds;cds-vinyl-music-styles-classical-classical-forms-genres-classical-variations-Classical Grounds;;8922d215-c616-415c-b7fe-bff3c32b19cf;True;0;True
Classical Passacaglias;cds-vinyl-music-styles-classical-classical-forms-genres-classical-variations-Classical Passacaglias;;8922d215-c616-415c-b7fe-bff3c32b19cf;True;0;True
Classical Incidental Music;cds-vinyl-music-styles-classical-classical-forms-genres-theatrical,-?ncidental-program-music-Classical Incidental Music;;2dafe2d7-a96b-4c6c-8ab5-702cdd8795e5;True;0;True
Classical Marches;cds-vinyl-music-styles-classical-classical-forms-genres-theatrical,-?ncidental-program-music-Classical Marches;;2dafe2d7-a96b-4c6c-8ab5-702cdd8795e5;True;0;True
Classical Overtures;cds-vinyl-music-styles-classical-classical-forms-genres-theatrical,-?ncidental-program-music-Classical Overtures;;2dafe2d7-a96b-4c6c-8ab5-702cdd8795e5;True;0;True
Classical Tone Poems;cds-vinyl-music-styles-classical-classical-forms-genres-theatrical,-?ncidental-program-music-Classical Tone Poems;;2dafe2d7-a96b-4c6c-8ab5-702cdd8795e5;True;0;True
Britpop;cds-vinyl-music-styles-indie-alternative-alternative-rock-british-alternative-rock-Britpop;;f3533d44-f8b3-460a-868b-9139728ddbea;True;0;True
Alt Industrial;cds-vinyl-music-styles-indie-alternative-goth-?ndustrial-?ndustrial-Alt Industrial;;9f03269b-50f8-439b-bbab-888607d9f977;True;0;True
Industrial Dance;cds-vinyl-music-styles-indie-alternative-goth-?ndustrial-?ndustrial-Industrial Dance;;9f03269b-50f8-439b-bbab-888607d9f977;True;0;True
Bolero;cds-vinyl-music-styles-international-music-caribbean-cuban-music-cuban-music-Bolero;;c5e249c9-172b-4898-beb7-95a7662cd8a2;True;0;True
Charanga;cds-vinyl-music-styles-international-music-caribbean-cuban-music-cuban-music-Charanga;;c5e249c9-172b-4898-beb7-95a7662cd8a2;True;0;True
Cuban Big Band Music;cds-vinyl-music-styles-international-music-caribbean-cuban-music-cuban-music-Cuban Big Band Music;;c5e249c9-172b-4898-beb7-95a7662cd8a2;True;0;True
Cuban Salsa;cds-vinyl-music-styles-international-music-caribbean-cuban-music-cuban-music-Cuban Salsa;;c5e249c9-172b-4898-beb7-95a7662cd8a2;True;0;True
Mambo;cds-vinyl-music-styles-international-music-caribbean-cuban-music-cuban-music-Mambo;;c5e249c9-172b-4898-beb7-95a7662cd8a2;True;0;True
Rhumba;cds-vinyl-music-styles-international-music-caribbean-cuban-music-cuban-music-Rhumba;;c5e249c9-172b-4898-beb7-95a7662cd8a2;True;0;True
Austrian Music;cds-vinyl-music-styles-international-music-european-music-continental-european-music-Austrian Music;;1205bbab-0086-4dbb-9759-b9a1eee3f71c;True;0;True
Belgian Music;cds-vinyl-music-styles-international-music-european-music-continental-european-music-Belgian Music;;1205bbab-0086-4dbb-9759-b9a1eee3f71c;True;0;True
Danish Music;cds-vinyl-music-styles-international-music-european-music-continental-european-music-Danish Music;;1205bbab-0086-4dbb-9759-b9a1eee3f71c;True;0;True
Dutch Music;cds-vinyl-music-styles-international-music-european-music-continental-european-music-Dutch Music;;1205bbab-0086-4dbb-9759-b9a1eee3f71c;True;0;True
French Music;cds-vinyl-music-styles-international-music-european-music-continental-european-music-French Music;;1205bbab-0086-4dbb-9759-b9a1eee3f71c;True;0;True
German Music;cds-vinyl-music-styles-international-music-european-music-continental-european-music-German Music;;1205bbab-0086-4dbb-9759-b9a1eee3f71c;True;0;True
Greek Music;cds-vinyl-music-styles-international-music-european-music-continental-european-music-Greek Music;;1205bbab-0086-4dbb-9759-b9a1eee3f71c;True;0;True
Italian Music;cds-vinyl-music-styles-international-music-european-music-continental-european-music-Italian Music;;1205bbab-0086-4dbb-9759-b9a1eee3f71c;True;0;True
Portuguese Music;cds-vinyl-music-styles-international-music-european-music-continental-european-music-Portuguese Music;;1205bbab-0086-4dbb-9759-b9a1eee3f71c;True;0;True
Spanish Music;cds-vinyl-music-styles-international-music-european-music-continental-european-music-Spanish Music;;1205bbab-0086-4dbb-9759-b9a1eee3f71c;True;0;True
Swiss Music;cds-vinyl-music-styles-international-music-european-music-continental-european-music-Swiss Music;;1205bbab-0086-4dbb-9759-b9a1eee3f71c;True;0;True
Armenian Music;cds-vinyl-music-styles-international-music-european-music-eastern-european-music-Armenian Music;;59cc9424-ef9b-434b-a24a-5c3aec517516;True;0;True
Bulgarian Music;cds-vinyl-music-styles-international-music-european-music-eastern-european-music-Bulgarian Music;;59cc9424-ef9b-434b-a24a-5c3aec517516;True;0;True
Czech Music;cds-vinyl-music-styles-international-music-european-music-eastern-european-music-Czech Music;;59cc9424-ef9b-434b-a24a-5c3aec517516;True;0;True
Gypsy Music;cds-vinyl-music-styles-international-music-european-music-eastern-european-music-Gypsy Music;;59cc9424-ef9b-434b-a24a-5c3aec517516;True;0;True
Hungarian Music;cds-vinyl-music-styles-international-music-european-music-eastern-european-music-Hungarian Music;;59cc9424-ef9b-434b-a24a-5c3aec517516;True;0;True
Polish Music;cds-vinyl-music-styles-international-music-european-music-eastern-european-music-Polish Music;;59cc9424-ef9b-434b-a24a-5c3aec517516;True;0;True
Polka Music;cds-vinyl-music-styles-international-music-european-music-eastern-european-music-Polka Music;;59cc9424-ef9b-434b-a24a-5c3aec517516;True;0;True
Romanian Music;cds-vinyl-music-styles-international-music-european-music-eastern-european-music-Romanian Music;;59cc9424-ef9b-434b-a24a-5c3aec517516;True;0;True
Ukranian Music;cds-vinyl-music-styles-international-music-european-music-eastern-european-music-Ukranian Music;;59cc9424-ef9b-434b-a24a-5c3aec517516;True;0;True
British Music;cds-vinyl-music-styles-international-music-european-music-music-of-british-?sles-British Music;;3c7e576c-d2be-4961-91de-a225fdd37ed9;True;0;True
Irish Music;cds-vinyl-music-styles-international-music-european-music-music-of-british-?sles-Irish Music;;3c7e576c-d2be-4961-91de-a225fdd37ed9;True;0;True
Scottish Music;cds-vinyl-music-styles-international-music-european-music-music-of-british-?sles-Scottish Music;;3c7e576c-d2be-4961-91de-a225fdd37ed9;True;0;True
Finnish Music;cds-vinyl-music-styles-international-music-european-music-scandinavian-music-Finnish Music;;b2ec193e-684a-40c4-80e4-f457363ad14b;True;0;True
Norwegian Music;cds-vinyl-music-styles-international-music-european-music-scandinavian-music-Norwegian Music;;b2ec193e-684a-40c4-80e4-f457363ad14b;True;0;True
Swedish Music;cds-vinyl-music-styles-international-music-european-music-scandinavian-music-Swedish Music;;b2ec193e-684a-40c4-80e4-f457363ad14b;True;0;True
Afro Brazilian Music;cds-vinyl-music-styles-international-music-south-central-american-music-brazilian-music-Afro Brazilian Music;;ce022ba1-b34b-4524-a94d-0699fbef9bcd;True;0;True
Bossa Nova;cds-vinyl-music-styles-international-music-south-central-american-music-brazilian-music-Bossa Nova;;ce022ba1-b34b-4524-a94d-0699fbef9bcd;True;0;True
Tropicália;cds-vinyl-music-styles-international-music-south-central-american-music-brazilian-music-Tropicália;;ce022ba1-b34b-4524-a94d-0699fbef9bcd;True;0;True
Folk Songs;cds-vinyl-music-styles-opera-vocal-vocal-non-opera-songs-lieder-Folk Songs;;4b3ca167-9359-44ec-badb-9cd2b8a4f5f3;True;0;True
Lieder;cds-vinyl-music-styles-opera-vocal-vocal-non-opera-songs-lieder-Lieder;;4b3ca167-9359-44ec-badb-9cd2b8a4f5f3;True;0;True
Madrigals;cds-vinyl-music-styles-opera-vocal-vocal-non-opera-songs-lieder-Madrigals;;4b3ca167-9359-44ec-badb-9cd2b8a4f5f3;True;0;True
Baby Boys Bloomers;clothing-shoes-jewelry-baby-clothing-shoes-baby-boys-clothing-shoes-baby-boys-clothing-baby-boys-bloomers,-diaper-covers-underwear-Baby Boys Bloomers;;35295471-4f48-471b-b2e7-728af5f07f1c;True;0;True
Baby Boys Training Underpants;clothing-shoes-jewelry-baby-clothing-shoes-baby-boys-clothing-shoes-baby-boys-clothing-baby-boys-bloomers,-diaper-covers-underwear-Baby Boys Training Underpants;;35295471-4f48-471b-b2e7-728af5f07f1c;True;0;True
Baby Boys Undershirts;clothing-shoes-jewelry-baby-clothing-shoes-baby-boys-clothing-shoes-baby-boys-clothing-baby-boys-bloomers,-diaper-covers-underwear-Baby Boys Undershirts;;35295471-4f48-471b-b2e7-728af5f07f1c;True;0;True
Baby Boys Jeans;clothing-shoes-jewelry-baby-clothing-shoes-baby-boys-clothing-shoes-baby-boys-clothing-baby-boys-clothing-bottoms-Baby Boys Jeans;;25ebaf95-1420-4959-aaaf-6ace92a39bd2;True;0;True
Baby Boys Leggings;clothing-shoes-jewelry-baby-clothing-shoes-baby-boys-clothing-shoes-baby-boys-clothing-baby-boys-clothing-bottoms-Baby Boys Leggings;;25ebaf95-1420-4959-aaaf-6ace92a39bd2;True;0;True
Baby Boys Overalls;clothing-shoes-jewelry-baby-clothing-shoes-baby-boys-clothing-shoes-baby-boys-clothing-baby-boys-clothing-bottoms-Baby Boys Overalls;;25ebaf95-1420-4959-aaaf-6ace92a39bd2;True;0;True
Baby Boys Pants;clothing-shoes-jewelry-baby-clothing-shoes-baby-boys-clothing-shoes-baby-boys-clothing-baby-boys-clothing-bottoms-Baby Boys Pants;;25ebaf95-1420-4959-aaaf-6ace92a39bd2;True;0;True
Baby Boys Shorts;clothing-shoes-jewelry-baby-clothing-shoes-baby-boys-clothing-shoes-baby-boys-clothing-baby-boys-clothing-bottoms-Baby Boys Shorts;;25ebaf95-1420-4959-aaaf-6ace92a39bd2;True;0;True
Baby Boys Pants Sets;clothing-shoes-jewelry-baby-clothing-shoes-baby-boys-clothing-shoes-baby-boys-clothing-baby-boys-clothing-sets-Baby Boys Pants Sets;;28a742f9-91cb-41f7-a6c3-afa7aa268b7c;True;0;True
Baby Boys Shorts Sets;clothing-shoes-jewelry-baby-clothing-shoes-baby-boys-clothing-shoes-baby-boys-clothing-baby-boys-clothing-sets-Baby Boys Shorts Sets;;28a742f9-91cb-41f7-a6c3-afa7aa268b7c;True;0;True
Baby Boys One-Piece Footies;clothing-shoes-jewelry-baby-clothing-shoes-baby-boys-clothing-shoes-baby-boys-clothing-baby-boys-footies-rompers-Baby Boys One-Piece Footies;;fcee6d36-61b3-45fd-bf45-94a3e0d14f96;True;0;True
Baby Boys One-Piece Rompers;clothing-shoes-jewelry-baby-clothing-shoes-baby-boys-clothing-shoes-baby-boys-clothing-baby-boys-footies-rompers-Baby Boys One-Piece Rompers;;fcee6d36-61b3-45fd-bf45-94a3e0d14f96;True;0;True
Baby Boys Down Coats & Jackets;clothing-shoes-jewelry-baby-clothing-shoes-baby-boys-clothing-shoes-baby-boys-clothing-baby-boys-outerwear-jackets-coats-Baby Boys Down Coats & Jackets;;c50c6c35-fcee-4e99-ac90-5fd7bd12b7d2;True;0;True
Baby Boys Fleece Outerwear Jackets;clothing-shoes-jewelry-baby-clothing-shoes-baby-boys-clothing-shoes-baby-boys-clothing-baby-boys-outerwear-jackets-coats-Baby Boys Fleece Outerwear Jackets;;c50c6c35-fcee-4e99-ac90-5fd7bd12b7d2;True;0;True
Baby Boys Outerwear Jackets;clothing-shoes-jewelry-baby-clothing-shoes-baby-boys-clothing-shoes-baby-boys-clothing-baby-boys-outerwear-jackets-coats-Baby Boys Outerwear Jackets;;c50c6c35-fcee-4e99-ac90-5fd7bd12b7d2;True;0;True
Baby Boys Outerwear Vests;clothing-shoes-jewelry-baby-clothing-shoes-baby-boys-clothing-shoes-baby-boys-clothing-baby-boys-outerwear-jackets-coats-Baby Boys Outerwear Vests;;c50c6c35-fcee-4e99-ac90-5fd7bd12b7d2;True;0;True
Baby Boys Rain Wear;clothing-shoes-jewelry-baby-clothing-shoes-baby-boys-clothing-shoes-baby-boys-clothing-baby-boys-outerwear-jackets-coats-Baby Boys Rain Wear;;c50c6c35-fcee-4e99-ac90-5fd7bd12b7d2;True;0;True
Baby Boys Snow Wear;clothing-shoes-jewelry-baby-clothing-shoes-baby-boys-clothing-shoes-baby-boys-clothing-baby-boys-outerwear-jackets-coats-Baby Boys Snow Wear;;c50c6c35-fcee-4e99-ac90-5fd7bd12b7d2;True;0;True
Baby Boys Blanket Sleepers;clothing-shoes-jewelry-baby-clothing-shoes-baby-boys-clothing-shoes-baby-boys-clothing-baby-boys-sleepwear-robes-Baby Boys Blanket Sleepers;;64d0f4d5-c002-4543-97ff-0ba74d940795;True;0;True
Baby Boys Nightgowns;clothing-shoes-jewelry-baby-clothing-shoes-baby-boys-clothing-shoes-baby-boys-clothing-baby-boys-sleepwear-robes-Baby Boys Nightgowns;;64d0f4d5-c002-4543-97ff-0ba74d940795;True;0;True
Baby Boys Pajama Sets;clothing-shoes-jewelry-baby-clothing-shoes-baby-boys-clothing-shoes-baby-boys-clothing-baby-boys-sleepwear-robes-Baby Boys Pajama Sets;;64d0f4d5-c002-4543-97ff-0ba74d940795;True;0;True
Baby Boys Robes;clothing-shoes-jewelry-baby-clothing-shoes-baby-boys-clothing-shoes-baby-boys-clothing-baby-boys-sleepwear-robes-Baby Boys Robes;;64d0f4d5-c002-4543-97ff-0ba74d940795;True;0;True
Baby Boys Suits;clothing-shoes-jewelry-baby-clothing-shoes-baby-boys-clothing-shoes-baby-boys-clothing-baby-boys-suits-sport-coats-Baby Boys Suits;;2d288a5c-4702-41e9-88af-be5aed6aeb27;True;0;True
Baby Boys Tuxedos;clothing-shoes-jewelry-baby-clothing-shoes-baby-boys-clothing-shoes-baby-boys-clothing-baby-boys-suits-sport-coats-Baby Boys Tuxedos;;2d288a5c-4702-41e9-88af-be5aed6aeb27;True;0;True
Baby Boys One Piece Swimsuits;clothing-shoes-jewelry-baby-clothing-shoes-baby-boys-clothing-shoes-baby-boys-clothing-baby-boys-swimwear-Baby Boys One Piece Swimsuits;;0870b99c-e479-4005-b4ab-2f5640bfe434;True;0;True
Baby Boys Rash Guard Shirts;clothing-shoes-jewelry-baby-clothing-shoes-baby-boys-clothing-shoes-baby-boys-clothing-baby-boys-swimwear-Baby Boys Rash Guard Shirts;;0870b99c-e479-4005-b4ab-2f5640bfe434;True;0;True
Baby Boys Swim Diapers;clothing-shoes-jewelry-baby-clothing-shoes-baby-boys-clothing-shoes-baby-boys-clothing-baby-boys-swimwear-Baby Boys Swim Diapers;;0870b99c-e479-4005-b4ab-2f5640bfe434;True;0;True
Baby Boys Swim Trunks & Shorts;clothing-shoes-jewelry-baby-clothing-shoes-baby-boys-clothing-shoes-baby-boys-clothing-baby-boys-swimwear-Baby Boys Swim Trunks & Shorts;;0870b99c-e479-4005-b4ab-2f5640bfe434;True;0;True
Baby Boys Swim Trunks & Shorts;clothing-shoes-jewelry-baby-clothing-shoes-baby-boys-clothing-shoes-baby-boys-clothing-baby-boys-swimwear-Baby Boys Swim Trunks & Shorts;;0870b99c-e479-4005-b4ab-2f5640bfe434;True;0;True
Baby Boys Swim Trunks & Shorts;clothing-shoes-jewelry-baby-clothing-shoes-baby-boys-clothing-shoes-baby-boys-clothing-baby-boys-swimwear-Baby Boys Swim Trunks & Shorts;;0870b99c-e479-4005-b4ab-2f5640bfe434;True;0;True
Baby Boys Swimwear Sets;clothing-shoes-jewelry-baby-clothing-shoes-baby-boys-clothing-shoes-baby-boys-clothing-baby-boys-swimwear-Baby Boys Swimwear Sets;;0870b99c-e479-4005-b4ab-2f5640bfe434;True;0;True
Baby Boys Swimwear Sets;clothing-shoes-jewelry-baby-clothing-shoes-baby-boys-clothing-shoes-baby-boys-clothing-baby-boys-swimwear-Baby Boys Swimwear Sets;;0870b99c-e479-4005-b4ab-2f5640bfe434;True;0;True
Baby Boys Swimwear Sets;clothing-shoes-jewelry-baby-clothing-shoes-baby-boys-clothing-shoes-baby-boys-clothing-baby-boys-swimwear-Baby Boys Swimwear Sets;;0870b99c-e479-4005-b4ab-2f5640bfe434;True;0;True
Baby Boys Swimwear Sunsuits;clothing-shoes-jewelry-baby-clothing-shoes-baby-boys-clothing-shoes-baby-boys-clothing-baby-boys-swimwear-Baby Boys Swimwear Sunsuits;;0870b99c-e479-4005-b4ab-2f5640bfe434;True;0;True
Baby Boys Button-Down & Dress Shirts;clothing-shoes-jewelry-baby-clothing-shoes-baby-boys-clothing-shoes-baby-boys-clothing-baby-boys-tops-Baby Boys Button-Down & Dress Shirts;;4827fa33-6335-47d3-91a7-10edbb2b3dc4;True;0;True
Baby Boys Polo Shirts;clothing-shoes-jewelry-baby-clothing-shoes-baby-boys-clothing-shoes-baby-boys-clothing-baby-boys-tops-Baby Boys Polo Shirts;;4827fa33-6335-47d3-91a7-10edbb2b3dc4;True;0;True
Baby Boys Tees;clothing-shoes-jewelry-baby-clothing-shoes-baby-boys-clothing-shoes-baby-boys-clothing-baby-boys-tops-Baby Boys Tees;;4827fa33-6335-47d3-91a7-10edbb2b3dc4;True;0;True
Baby Girls Hair Clips;clothing-shoes-jewelry-baby-clothing-shoes-baby-girls-clothing-shoes-baby-girls-accessories-baby-girls-hair-accessories-Baby Girls Hair Clips;;b5998d75-7a54-4ab7-81ed-7f017e0c396f;True;0;True
Baby Girls Headbands;clothing-shoes-jewelry-baby-clothing-shoes-baby-girls-clothing-shoes-baby-girls-accessories-baby-girls-hair-accessories-Baby Girls Headbands;;b5998d75-7a54-4ab7-81ed-7f017e0c396f;True;0;True
Baby Girls Bloomers;clothing-shoes-jewelry-baby-clothing-shoes-baby-girls-clothing-shoes-baby-girls-clothing-baby-girls-bloomers,-diaper-covers-underwear-Baby Girls Bloomers;;7d84fbc8-4073-4cad-836e-7e0ff603e687;True;0;True
Baby Girls Training Underpants;clothing-shoes-jewelry-baby-clothing-shoes-baby-girls-clothing-shoes-baby-girls-clothing-baby-girls-bloomers,-diaper-covers-underwear-Baby Girls Training Underpants;;7d84fbc8-4073-4cad-836e-7e0ff603e687;True;0;True
Baby Girls Undershirts;clothing-shoes-jewelry-baby-clothing-shoes-baby-girls-clothing-shoes-baby-girls-clothing-baby-girls-bloomers,-diaper-covers-underwear-Baby Girls Undershirts;;7d84fbc8-4073-4cad-836e-7e0ff603e687;True;0;True
Baby Girls Jeans;clothing-shoes-jewelry-baby-clothing-shoes-baby-girls-clothing-shoes-baby-girls-clothing-baby-girls-clothing-bottoms-Baby Girls Jeans;;70a07af9-30d5-4aae-a8ff-5447f4947205;True;0;True
Baby Girls Leggings;clothing-shoes-jewelry-baby-clothing-shoes-baby-girls-clothing-shoes-baby-girls-clothing-baby-girls-clothing-bottoms-Baby Girls Leggings;;70a07af9-30d5-4aae-a8ff-5447f4947205;True;0;True
Baby Girls Overalls;clothing-shoes-jewelry-baby-clothing-shoes-baby-girls-clothing-shoes-baby-girls-clothing-baby-girls-clothing-bottoms-Baby Girls Overalls;;70a07af9-30d5-4aae-a8ff-5447f4947205;True;0;True
Baby Girls Pants;clothing-shoes-jewelry-baby-clothing-shoes-baby-girls-clothing-shoes-baby-girls-clothing-baby-girls-clothing-bottoms-Baby Girls Pants;;70a07af9-30d5-4aae-a8ff-5447f4947205;True;0;True
Baby Girls Shorts;clothing-shoes-jewelry-baby-clothing-shoes-baby-girls-clothing-shoes-baby-girls-clothing-baby-girls-clothing-bottoms-Baby Girls Shorts;;70a07af9-30d5-4aae-a8ff-5447f4947205;True;0;True
Baby Girls Skirts, Skooters & Skorts;clothing-shoes-jewelry-baby-clothing-shoes-baby-girls-clothing-shoes-baby-girls-clothing-baby-girls-clothing-bottoms-Baby Girls Skirts, Skooters & Skorts;;70a07af9-30d5-4aae-a8ff-5447f4947205;True;0;True
Baby Girls Pant Sets;clothing-shoes-jewelry-baby-clothing-shoes-baby-girls-clothing-shoes-baby-girls-clothing-baby-girls-clothing-sets-Baby Girls Pant Sets;;cef87b1b-0f13-4a54-91c8-0b235fce3d43;True;0;True
Baby Girls Short Sets;clothing-shoes-jewelry-baby-clothing-shoes-baby-girls-clothing-shoes-baby-girls-clothing-baby-girls-clothing-sets-Baby Girls Short Sets;;cef87b1b-0f13-4a54-91c8-0b235fce3d43;True;0;True
Baby Girls Skirt Sets;clothing-shoes-jewelry-baby-clothing-shoes-baby-girls-clothing-shoes-baby-girls-clothing-baby-girls-clothing-sets-Baby Girls Skirt Sets;;cef87b1b-0f13-4a54-91c8-0b235fce3d43;True;0;True
Baby Girls Playwear Dresses;clothing-shoes-jewelry-baby-clothing-shoes-baby-girls-clothing-shoes-baby-girls-clothing-baby-girls-dresses-Baby Girls Playwear Dresses;;448c2ab5-1030-4b29-a298-e41e56e6b889;True;0;True
Baby Girls Special Occasion Dresses;clothing-shoes-jewelry-baby-clothing-shoes-baby-girls-clothing-shoes-baby-girls-clothing-baby-girls-dresses-Baby Girls Special Occasion Dresses;;448c2ab5-1030-4b29-a298-e41e56e6b889;True;0;True
Baby Girls One-Piece Footies;clothing-shoes-jewelry-baby-clothing-shoes-baby-girls-clothing-shoes-baby-girls-clothing-baby-girls-footies-rompers-Baby Girls One-Piece Footies;;4e285599-6b66-4ead-b916-e0f0ef5f670b;True;0;True
Baby Girls One-Piece Rompers;clothing-shoes-jewelry-baby-clothing-shoes-baby-girls-clothing-shoes-baby-girls-clothing-baby-girls-footies-rompers-Baby Girls One-Piece Rompers;;4e285599-6b66-4ead-b916-e0f0ef5f670b;True;0;True
Baby Girls Down Jackets & Coats;clothing-shoes-jewelry-baby-clothing-shoes-baby-girls-clothing-shoes-baby-girls-clothing-baby-girls-outerwear-jackets-coats-Baby Girls Down Jackets & Coats;;cf1d8879-3a52-471e-bbc0-e43bcc44fb57;True;0;True
Baby Girls Fleece Jackets & Coats;clothing-shoes-jewelry-baby-clothing-shoes-baby-girls-clothing-shoes-baby-girls-clothing-baby-girls-outerwear-jackets-coats-Baby Girls Fleece Jackets & Coats;;cf1d8879-3a52-471e-bbc0-e43bcc44fb57;True;0;True
Baby Girls Outerwear Jackets;clothing-shoes-jewelry-baby-clothing-shoes-baby-girls-clothing-shoes-baby-girls-clothing-baby-girls-outerwear-jackets-coats-Baby Girls Outerwear Jackets;;cf1d8879-3a52-471e-bbc0-e43bcc44fb57;True;0;True
Baby Girls Outerwear Vests;clothing-shoes-jewelry-baby-clothing-shoes-baby-girls-clothing-shoes-baby-girls-clothing-baby-girls-outerwear-jackets-coats-Baby Girls Outerwear Vests;;cf1d8879-3a52-471e-bbc0-e43bcc44fb57;True;0;True
Baby Girls Rain Wear;clothing-shoes-jewelry-baby-clothing-shoes-baby-girls-clothing-shoes-baby-girls-clothing-baby-girls-outerwear-jackets-coats-Baby Girls Rain Wear;;cf1d8879-3a52-471e-bbc0-e43bcc44fb57;True;0;True
Baby Girls Snow Wear;clothing-shoes-jewelry-baby-clothing-shoes-baby-girls-clothing-shoes-baby-girls-clothing-baby-girls-outerwear-jackets-coats-Baby Girls Snow Wear;;cf1d8879-3a52-471e-bbc0-e43bcc44fb57;True;0;True
Baby Girls Blanket Sleepers;clothing-shoes-jewelry-baby-clothing-shoes-baby-girls-clothing-shoes-baby-girls-clothing-baby-girls-sleepwear-robes-Baby Girls Blanket Sleepers;;d2b383df-1dba-4f67-8bbc-854788c294cf;True;0;True
Baby Girls Nightgowns;clothing-shoes-jewelry-baby-clothing-shoes-baby-girls-clothing-shoes-baby-girls-clothing-baby-girls-sleepwear-robes-Baby Girls Nightgowns;;d2b383df-1dba-4f67-8bbc-854788c294cf;True;0;True
Baby Girls Pajama Sets;clothing-shoes-jewelry-baby-clothing-shoes-baby-girls-clothing-shoes-baby-girls-clothing-baby-girls-sleepwear-robes-Baby Girls Pajama Sets;;d2b383df-1dba-4f67-8bbc-854788c294cf;True;0;True
Baby Girls Robes;clothing-shoes-jewelry-baby-clothing-shoes-baby-girls-clothing-shoes-baby-girls-clothing-baby-girls-sleepwear-robes-Baby Girls Robes;;d2b383df-1dba-4f67-8bbc-854788c294cf;True;0;True
Baby Girls One Piece Swimsuits;clothing-shoes-jewelry-baby-clothing-shoes-baby-girls-clothing-shoes-baby-girls-clothing-baby-girls-swimwear-Baby Girls One Piece Swimsuits;;aff90fdb-a13d-455f-854a-4ca68ecb2f6b;True;0;True
Baby Girls Rash Guard Shirts;clothing-shoes-jewelry-baby-clothing-shoes-baby-girls-clothing-shoes-baby-girls-clothing-baby-girls-swimwear-Baby Girls Rash Guard Shirts;;aff90fdb-a13d-455f-854a-4ca68ecb2f6b;True;0;True
Baby Girls Swim Diapers;clothing-shoes-jewelry-baby-clothing-shoes-baby-girls-clothing-shoes-baby-girls-clothing-baby-girls-swimwear-Baby Girls Swim Diapers;;aff90fdb-a13d-455f-854a-4ca68ecb2f6b;True;0;True
Baby Girls Swimwear Cover-Ups;clothing-shoes-jewelry-baby-clothing-shoes-baby-girls-clothing-shoes-baby-girls-clothing-baby-girls-swimwear-Baby Girls Swimwear Cover-Ups;;aff90fdb-a13d-455f-854a-4ca68ecb2f6b;True;0;True
Baby Girls Swimwear Sunsuits;clothing-shoes-jewelry-baby-clothing-shoes-baby-girls-clothing-shoes-baby-girls-clothing-baby-girls-swimwear-Baby Girls Swimwear Sunsuits;;aff90fdb-a13d-455f-854a-4ca68ecb2f6b;True;0;True
Baby Girls Two Piece Swimsuits;clothing-shoes-jewelry-baby-clothing-shoes-baby-girls-clothing-shoes-baby-girls-clothing-baby-girls-swimwear-Baby Girls Two Piece Swimsuits;;aff90fdb-a13d-455f-854a-4ca68ecb2f6b;True;0;True
Baby Girls Two Piece Swimsuits;clothing-shoes-jewelry-baby-clothing-shoes-baby-girls-clothing-shoes-baby-girls-clothing-baby-girls-swimwear-Baby Girls Two Piece Swimsuits;;aff90fdb-a13d-455f-854a-4ca68ecb2f6b;True;0;True
Baby Girls Two Piece Swimsuits;clothing-shoes-jewelry-baby-clothing-shoes-baby-girls-clothing-shoes-baby-girls-clothing-baby-girls-swimwear-Baby Girls Two Piece Swimsuits;;aff90fdb-a13d-455f-854a-4ca68ecb2f6b;True;0;True
Baby Girls Two Piece Swimsuits;clothing-shoes-jewelry-baby-clothing-shoes-baby-girls-clothing-shoes-baby-girls-clothing-baby-girls-swimwear-Baby Girls Two Piece Swimsuits;;aff90fdb-a13d-455f-854a-4ca68ecb2f6b;True;0;True
Baby Girls Blouses;clothing-shoes-jewelry-baby-clothing-shoes-baby-girls-clothing-shoes-baby-girls-clothing-baby-girls-tops-Baby Girls Blouses;;2b605611-6c85-496e-95fe-6b3a7b8476d0;True;0;True
Baby Girls Tank Tops;clothing-shoes-jewelry-baby-clothing-shoes-baby-girls-clothing-shoes-baby-girls-clothing-baby-girls-tops-Baby Girls Tank Tops;;2b605611-6c85-496e-95fe-6b3a7b8476d0;True;0;True
Baby Girls Tees;clothing-shoes-jewelry-baby-clothing-shoes-baby-girls-clothing-shoes-baby-girls-clothing-baby-girls-tops-Baby Girls Tees;;2b605611-6c85-496e-95fe-6b3a7b8476d0;True;0;True
Baby Girls Ballet Flats;clothing-shoes-jewelry-baby-clothing-shoes-baby-girls-clothing-shoes-baby-girls-shoes-baby-girls-flats-Baby Girls Ballet Flats;;77ebba07-584b-4d02-a088-7b3165ab4436;True;0;True
Baby Girls Mary Jane Flats;clothing-shoes-jewelry-baby-clothing-shoes-baby-girls-clothing-shoes-baby-girls-shoes-baby-girls-flats-Baby Girls Mary Jane Flats;;77ebba07-584b-4d02-a088-7b3165ab4436;True;0;True
Baby Girls Oxford & Loafer Flats;clothing-shoes-jewelry-baby-clothing-shoes-baby-girls-clothing-shoes-baby-girls-shoes-baby-girls-flats-Baby Girls Oxford & Loafer Flats;;77ebba07-584b-4d02-a088-7b3165ab4436;True;0;True
Boys Calf Socks;clothing-shoes-jewelry-boys-fashion-boys-clothing-boys-socks-boys-socks-Boys Calf Socks;;248458c1-9335-455b-a456-96f5235a2985;True;0;True
Boys Knee-High Socks;clothing-shoes-jewelry-boys-fashion-boys-clothing-boys-socks-boys-socks-Boys Knee-High Socks;;248458c1-9335-455b-a456-96f5235a2985;True;0;True
Boys Liners & Ankle Socks;clothing-shoes-jewelry-boys-fashion-boys-clothing-boys-socks-boys-socks-Boys Liners & Ankle Socks;;248458c1-9335-455b-a456-96f5235a2985;True;0;True
Boys Rash Guard Sets;clothing-shoes-jewelry-boys-fashion-boys-clothing-boys-swimwear-boys-swimwear-sets-Boys Rash Guard Sets;;c63d559a-e3da-4e56-a48a-fed34d45ea72;True;0;True
Boys Thermal Underwear Bottoms;clothing-shoes-jewelry-boys-fashion-boys-clothing-boys-underwear-boys-thermal-underwear-Boys Thermal Underwear Bottoms;;8d1a8bf5-bc56-4459-930e-ac6a4629905a;True;0;True
Boys Thermal Underwear Sets;clothing-shoes-jewelry-boys-fashion-boys-clothing-boys-underwear-boys-thermal-underwear-Boys Thermal Underwear Sets;;8d1a8bf5-bc56-4459-930e-ac6a4629905a;True;0;True
Boys Thermal Underwear Tops;clothing-shoes-jewelry-boys-fashion-boys-clothing-boys-underwear-boys-thermal-underwear-Boys Thermal Underwear Tops;;8d1a8bf5-bc56-4459-930e-ac6a4629905a;True;0;True
Boys Hiking Boots;clothing-shoes-jewelry-boys-fashion-boys-shoes-boys-outdoor-shoes-boys-hiking-trekking-shoes-Boys Hiking Boots;;613a62f3-a4a8-416b-9b52-757286863e1f;True;0;True
Boys Hiking Shoes;clothing-shoes-jewelry-boys-fashion-boys-shoes-boys-outdoor-shoes-boys-hiking-trekking-shoes-Boys Hiking Shoes;;613a62f3-a4a8-416b-9b52-757286863e1f;True;0;True
Boys Activewear Sweaters;clothing-shoes-jewelry-boys-fashion-boys-shops-boys-athletic-boys-activewear-Boys Activewear Sweaters;;ec76361a-8ebf-4b8e-b07c-32d2588d1836;True;0;True
Boys Activewear Vests;clothing-shoes-jewelry-boys-fashion-boys-shops-boys-athletic-boys-activewear-Boys Activewear Vests;;ec76361a-8ebf-4b8e-b07c-32d2588d1836;True;0;True
Boys Athletic Base Layers;clothing-shoes-jewelry-boys-fashion-boys-shops-boys-athletic-boys-activewear-Boys Athletic Base Layers;;ec76361a-8ebf-4b8e-b07c-32d2588d1836;True;0;True
Boys Athletic Clothing Sets;clothing-shoes-jewelry-boys-fashion-boys-shops-boys-athletic-boys-activewear-Boys Athletic Clothing Sets;;ec76361a-8ebf-4b8e-b07c-32d2588d1836;True;0;True
Boys Athletic Clothing Sets;clothing-shoes-jewelry-boys-fashion-boys-shops-boys-athletic-boys-activewear-Boys Athletic Clothing Sets;;ec76361a-8ebf-4b8e-b07c-32d2588d1836;True;0;True
Boys Athletic Hoodies;clothing-shoes-jewelry-boys-fashion-boys-shops-boys-athletic-boys-activewear-Boys Athletic Hoodies;;ec76361a-8ebf-4b8e-b07c-32d2588d1836;True;0;True
Boys Athletic Jackets;clothing-shoes-jewelry-boys-fashion-boys-shops-boys-athletic-boys-activewear-Boys Athletic Jackets;;ec76361a-8ebf-4b8e-b07c-32d2588d1836;True;0;True
Boys Athletic Leggings;clothing-shoes-jewelry-boys-fashion-boys-shops-boys-athletic-boys-activewear-Boys Athletic Leggings;;ec76361a-8ebf-4b8e-b07c-32d2588d1836;True;0;True
Boys Athletic Pants;clothing-shoes-jewelry-boys-fashion-boys-shops-boys-athletic-boys-activewear-Boys Athletic Pants;;ec76361a-8ebf-4b8e-b07c-32d2588d1836;True;0;True
Boys Athletic Pants;clothing-shoes-jewelry-boys-fashion-boys-shops-boys-athletic-boys-activewear-Boys Athletic Pants;;ec76361a-8ebf-4b8e-b07c-32d2588d1836;True;0;True
Boys Athletic Pants;clothing-shoes-jewelry-boys-fashion-boys-shops-boys-athletic-boys-activewear-Boys Athletic Pants;;ec76361a-8ebf-4b8e-b07c-32d2588d1836;True;0;True
Boys Athletic Shirts & Tees;clothing-shoes-jewelry-boys-fashion-boys-shops-boys-athletic-boys-activewear-Boys Athletic Shirts & Tees;;ec76361a-8ebf-4b8e-b07c-32d2588d1836;True;0;True
Boys Athletic Shirts & Tees;clothing-shoes-jewelry-boys-fashion-boys-shops-boys-athletic-boys-activewear-Boys Athletic Shirts & Tees;;ec76361a-8ebf-4b8e-b07c-32d2588d1836;True;0;True
Boys Athletic Shirts & Tees;clothing-shoes-jewelry-boys-fashion-boys-shops-boys-athletic-boys-activewear-Boys Athletic Shirts & Tees;;ec76361a-8ebf-4b8e-b07c-32d2588d1836;True;0;True
Boys Athletic Shirts & Tees;clothing-shoes-jewelry-boys-fashion-boys-shops-boys-athletic-boys-activewear-Boys Athletic Shirts & Tees;;ec76361a-8ebf-4b8e-b07c-32d2588d1836;True;0;True
Boys Athletic Shirts & Tees;clothing-shoes-jewelry-boys-fashion-boys-shops-boys-athletic-boys-activewear-Boys Athletic Shirts & Tees;;ec76361a-8ebf-4b8e-b07c-32d2588d1836;True;0;True
Boys Athletic Shorts;clothing-shoes-jewelry-boys-fashion-boys-shops-boys-athletic-boys-activewear-Boys Athletic Shorts;;ec76361a-8ebf-4b8e-b07c-32d2588d1836;True;0;True
Boys Athletic Socks;clothing-shoes-jewelry-boys-fashion-boys-shops-boys-athletic-boys-activewear-Boys Athletic Socks;;ec76361a-8ebf-4b8e-b07c-32d2588d1836;True;0;True
Boys Athletic Supporters;clothing-shoes-jewelry-boys-fashion-boys-shops-boys-athletic-boys-activewear-Boys Athletic Supporters;;ec76361a-8ebf-4b8e-b07c-32d2588d1836;True;0;True
Boys Athletic Underwear;clothing-shoes-jewelry-boys-fashion-boys-shops-boys-athletic-boys-activewear-Boys Athletic Underwear;;ec76361a-8ebf-4b8e-b07c-32d2588d1836;True;0;True
Boys Athletic Underwear;clothing-shoes-jewelry-boys-fashion-boys-shops-boys-athletic-boys-activewear-Boys Athletic Underwear;;ec76361a-8ebf-4b8e-b07c-32d2588d1836;True;0;True
Boys Sweatshirts;clothing-shoes-jewelry-boys-fashion-boys-shops-boys-athletic-boys-activewear-Boys Sweatshirts;;ec76361a-8ebf-4b8e-b07c-32d2588d1836;True;0;True
Boys Tracksuits;clothing-shoes-jewelry-boys-fashion-boys-shops-boys-athletic-boys-activewear-Boys Tracksuits;;ec76361a-8ebf-4b8e-b07c-32d2588d1836;True;0;True
Boys School Uniform Accessories;clothing-shoes-jewelry-boys-fashion-boys-shops-boys-school-uniforms-boys-school-uniform-clothing-Boys School Uniform Accessories;;b6145093-1c5a-48c0-b18a-6a2545ff3f76;True;0;True
Boys School Uniform Outerwear;clothing-shoes-jewelry-boys-fashion-boys-shops-boys-school-uniforms-boys-school-uniform-clothing-Boys School Uniform Outerwear;;b6145093-1c5a-48c0-b18a-6a2545ff3f76;True;0;True
Boys School Uniform Pants;clothing-shoes-jewelry-boys-fashion-boys-shops-boys-school-uniforms-boys-school-uniform-clothing-Boys School Uniform Pants;;b6145093-1c5a-48c0-b18a-6a2545ff3f76;True;0;True
Boys School Uniform Shirts;clothing-shoes-jewelry-boys-fashion-boys-shops-boys-school-uniforms-boys-school-uniform-clothing-Boys School Uniform Shirts;;b6145093-1c5a-48c0-b18a-6a2545ff3f76;True;0;True
Boys School Uniform Shorts;clothing-shoes-jewelry-boys-fashion-boys-shops-boys-school-uniforms-boys-school-uniform-clothing-Boys School Uniform Shorts;;b6145093-1c5a-48c0-b18a-6a2545ff3f76;True;0;True
Boys School Uniform Sweaters;clothing-shoes-jewelry-boys-fashion-boys-shops-boys-school-uniforms-boys-school-uniform-clothing-Boys School Uniform Sweaters;;b6145093-1c5a-48c0-b18a-6a2545ff3f76;True;0;True
Girls Knee-High Socks;clothing-shoes-jewelry-girls-fashion-girls-clothing-girls-socks-tights-girls-casual-dress-socks-Girls Knee-High Socks;;53857c29-b377-48df-bcc3-2404a5335658;True;0;True
Girls Liners & Ankle Socks;clothing-shoes-jewelry-girls-fashion-girls-clothing-girls-socks-tights-girls-casual-dress-socks-Girls Liners & Ankle Socks;;53857c29-b377-48df-bcc3-2404a5335658;True;0;True
Girls Cover-Up Sets;clothing-shoes-jewelry-girls-fashion-girls-clothing-girls-swimwear-girls-two-piece-swimwear-Girls Cover-Up Sets;;ea55e287-1e3f-4d55-a43d-36f28a2f74fc;True;0;True
Girls Fashion Bikini Sets;clothing-shoes-jewelry-girls-fashion-girls-clothing-girls-swimwear-girls-two-piece-swimwear-Girls Fashion Bikini Sets;;ea55e287-1e3f-4d55-a43d-36f28a2f74fc;True;0;True
Girls Fashion Bikini Sets;clothing-shoes-jewelry-girls-fashion-girls-clothing-girls-swimwear-girls-two-piece-swimwear-Girls Fashion Bikini Sets;;ea55e287-1e3f-4d55-a43d-36f28a2f74fc;True;0;True
Girls Fashion Bikini Sets;clothing-shoes-jewelry-girls-fashion-girls-clothing-girls-swimwear-girls-two-piece-swimwear-Girls Fashion Bikini Sets;;ea55e287-1e3f-4d55-a43d-36f28a2f74fc;True;0;True
Girls Fashion Bikini Sets;clothing-shoes-jewelry-girls-fashion-girls-clothing-girls-swimwear-girls-two-piece-swimwear-Girls Fashion Bikini Sets;;ea55e287-1e3f-4d55-a43d-36f28a2f74fc;True;0;True
Girls Rash Guard Sets;clothing-shoes-jewelry-girls-fashion-girls-clothing-girls-swimwear-girls-two-piece-swimwear-Girls Rash Guard Sets;;ea55e287-1e3f-4d55-a43d-36f28a2f74fc;True;0;True
Girls Tankini Sets;clothing-shoes-jewelry-girls-fashion-girls-clothing-girls-swimwear-girls-two-piece-swimwear-Girls Tankini Sets;;ea55e287-1e3f-4d55-a43d-36f28a2f74fc;True;0;True
Girls Hiking Boots;clothing-shoes-jewelry-girls-fashion-girls-shoes-girls-outdoor-shoes-girls-hiking-trekking-shoes-Girls Hiking Boots;;9373cf46-639b-45a8-8dca-ed2ef380689d;True;0;True
Girls Hiking Shoes;clothing-shoes-jewelry-girls-fashion-girls-shoes-girls-outdoor-shoes-girls-hiking-trekking-shoes-Girls Hiking Shoes;;9373cf46-639b-45a8-8dca-ed2ef380689d;True;0;True
Girls Activewear Dresses;clothing-shoes-jewelry-girls-fashion-girls-shops-girls-athletic-girls-activewear-Girls Activewear Dresses;;dee0f93f-f5a0-4dde-a4f0-1119844ec468;True;0;True
Girls Activewear Skorts;clothing-shoes-jewelry-girls-fashion-girls-shops-girls-athletic-girls-activewear-Girls Activewear Skorts;;dee0f93f-f5a0-4dde-a4f0-1119844ec468;True;0;True
Girls Activewear Vests;clothing-shoes-jewelry-girls-fashion-girls-shops-girls-athletic-girls-activewear-Girls Activewear Vests;;dee0f93f-f5a0-4dde-a4f0-1119844ec468;True;0;True
Girls Athletic Base Layers;clothing-shoes-jewelry-girls-fashion-girls-shops-girls-athletic-girls-activewear-Girls Athletic Base Layers;;dee0f93f-f5a0-4dde-a4f0-1119844ec468;True;0;True
Girls Athletic Clothing Sets;clothing-shoes-jewelry-girls-fashion-girls-shops-girls-athletic-girls-activewear-Girls Athletic Clothing Sets;;dee0f93f-f5a0-4dde-a4f0-1119844ec468;True;0;True
Girls Athletic Clothing Sets;clothing-shoes-jewelry-girls-fashion-girls-shops-girls-athletic-girls-activewear-Girls Athletic Clothing Sets;;dee0f93f-f5a0-4dde-a4f0-1119844ec468;True;0;True
Girls Athletic Clothing Sets;clothing-shoes-jewelry-girls-fashion-girls-shops-girls-athletic-girls-activewear-Girls Athletic Clothing Sets;;dee0f93f-f5a0-4dde-a4f0-1119844ec468;True;0;True
Girls Athletic Clothing Sets;clothing-shoes-jewelry-girls-fashion-girls-shops-girls-athletic-girls-activewear-Girls Athletic Clothing Sets;;dee0f93f-f5a0-4dde-a4f0-1119844ec468;True;0;True
Girls Athletic Hoodies;clothing-shoes-jewelry-girls-fashion-girls-shops-girls-athletic-girls-activewear-Girls Athletic Hoodies;;dee0f93f-f5a0-4dde-a4f0-1119844ec468;True;0;True
Girls Athletic Jackets;clothing-shoes-jewelry-girls-fashion-girls-shops-girls-athletic-girls-activewear-Girls Athletic Jackets;;dee0f93f-f5a0-4dde-a4f0-1119844ec468;True;0;True
Girls Athletic Leggings;clothing-shoes-jewelry-girls-fashion-girls-shops-girls-athletic-girls-activewear-Girls Athletic Leggings;;dee0f93f-f5a0-4dde-a4f0-1119844ec468;True;0;True
Girls Athletic Pants;clothing-shoes-jewelry-girls-fashion-girls-shops-girls-athletic-girls-activewear-Girls Athletic Pants;;dee0f93f-f5a0-4dde-a4f0-1119844ec468;True;0;True
Girls Athletic Pants;clothing-shoes-jewelry-girls-fashion-girls-shops-girls-athletic-girls-activewear-Girls Athletic Pants;;dee0f93f-f5a0-4dde-a4f0-1119844ec468;True;0;True
Girls Athletic Pants;clothing-shoes-jewelry-girls-fashion-girls-shops-girls-athletic-girls-activewear-Girls Athletic Pants;;dee0f93f-f5a0-4dde-a4f0-1119844ec468;True;0;True
Girls Athletic Shirts & Tees;clothing-shoes-jewelry-girls-fashion-girls-shops-girls-athletic-girls-activewear-Girls Athletic Shirts & Tees;;dee0f93f-f5a0-4dde-a4f0-1119844ec468;True;0;True
Girls Athletic Shirts & Tees;clothing-shoes-jewelry-girls-fashion-girls-shops-girls-athletic-girls-activewear-Girls Athletic Shirts & Tees;;dee0f93f-f5a0-4dde-a4f0-1119844ec468;True;0;True
Girls Athletic Shirts & Tees;clothing-shoes-jewelry-girls-fashion-girls-shops-girls-athletic-girls-activewear-Girls Athletic Shirts & Tees;;dee0f93f-f5a0-4dde-a4f0-1119844ec468;True;0;True
Girls Athletic Shirts & Tees;clothing-shoes-jewelry-girls-fashion-girls-shops-girls-athletic-girls-activewear-Girls Athletic Shirts & Tees;;dee0f93f-f5a0-4dde-a4f0-1119844ec468;True;0;True
Girls Athletic Shirts & Tees;clothing-shoes-jewelry-girls-fashion-girls-shops-girls-athletic-girls-activewear-Girls Athletic Shirts & Tees;;dee0f93f-f5a0-4dde-a4f0-1119844ec468;True;0;True
Girls Athletic Shorts;clothing-shoes-jewelry-girls-fashion-girls-shops-girls-athletic-girls-activewear-Girls Athletic Shorts;;dee0f93f-f5a0-4dde-a4f0-1119844ec468;True;0;True
Girls Athletic Skirts;clothing-shoes-jewelry-girls-fashion-girls-shops-girls-athletic-girls-activewear-Girls Athletic Skirts;;dee0f93f-f5a0-4dde-a4f0-1119844ec468;True;0;True
Girls Athletic Socks;clothing-shoes-jewelry-girls-fashion-girls-shops-girls-athletic-girls-activewear-Girls Athletic Socks;;dee0f93f-f5a0-4dde-a4f0-1119844ec468;True;0;True
Girls Athletic Sweaters;clothing-shoes-jewelry-girls-fashion-girls-shops-girls-athletic-girls-activewear-Girls Athletic Sweaters;;dee0f93f-f5a0-4dde-a4f0-1119844ec468;True;0;True
Girls Athletic Underwear;clothing-shoes-jewelry-girls-fashion-girls-shops-girls-athletic-girls-activewear-Girls Athletic Underwear;;dee0f93f-f5a0-4dde-a4f0-1119844ec468;True;0;True
Girls Athletic Underwear;clothing-shoes-jewelry-girls-fashion-girls-shops-girls-athletic-girls-activewear-Girls Athletic Underwear;;dee0f93f-f5a0-4dde-a4f0-1119844ec468;True;0;True
Girls Athletic Underwear;clothing-shoes-jewelry-girls-fashion-girls-shops-girls-athletic-girls-activewear-Girls Athletic Underwear;;dee0f93f-f5a0-4dde-a4f0-1119844ec468;True;0;True
Girls Athletic Underwear;clothing-shoes-jewelry-girls-fashion-girls-shops-girls-athletic-girls-activewear-Girls Athletic Underwear;;dee0f93f-f5a0-4dde-a4f0-1119844ec468;True;0;True
Girls Sweatshirts;clothing-shoes-jewelry-girls-fashion-girls-shops-girls-athletic-girls-activewear-Girls Sweatshirts;;dee0f93f-f5a0-4dde-a4f0-1119844ec468;True;0;True
Girls School Uniform Dresses & Jumpers;clothing-shoes-jewelry-girls-fashion-girls-shops-girls-school-uniforms-girls-school-uniform-clothing-Girls School Uniform Dresses & Jumpers;;cf90fb3d-1145-43b6-affa-478bc8698bf8;True;0;True
Girls School Uniform Outerwear;clothing-shoes-jewelry-girls-fashion-girls-shops-girls-school-uniforms-girls-school-uniform-clothing-Girls School Uniform Outerwear;;cf90fb3d-1145-43b6-affa-478bc8698bf8;True;0;True
Girls School Uniform Pants;clothing-shoes-jewelry-girls-fashion-girls-shops-girls-school-uniforms-girls-school-uniform-clothing-Girls School Uniform Pants;;cf90fb3d-1145-43b6-affa-478bc8698bf8;True;0;True
Girls School Uniform Shirts;clothing-shoes-jewelry-girls-fashion-girls-shops-girls-school-uniforms-girls-school-uniform-clothing-Girls School Uniform Shirts;;cf90fb3d-1145-43b6-affa-478bc8698bf8;True;0;True
Girls School Uniform Shorts;clothing-shoes-jewelry-girls-fashion-girls-shops-girls-school-uniforms-girls-school-uniform-clothing-Girls School Uniform Shorts;;cf90fb3d-1145-43b6-affa-478bc8698bf8;True;0;True
Girls School Uniform Skirts;clothing-shoes-jewelry-girls-fashion-girls-shops-girls-school-uniforms-girls-school-uniform-clothing-Girls School Uniform Skirts;;cf90fb3d-1145-43b6-affa-478bc8698bf8;True;0;True
Girls School Uniform Sweaters;clothing-shoes-jewelry-girls-fashion-girls-shops-girls-school-uniforms-girls-school-uniform-clothing-Girls School Uniform Sweaters;;cf90fb3d-1145-43b6-affa-478bc8698bf8;True;0;True
Mens Business Card Cases;clothing-shoes-jewelry-mens-fashion-mens-accessories-mens-wallets,-card-cases-money-organizers-mens-card-?d-cases-Mens Business Card Cases;;b82b38b3-55ef-461f-bf4f-afbc251d4678;True;0;True
Mens Card Cases;clothing-shoes-jewelry-mens-fashion-mens-accessories-mens-wallets,-card-cases-money-organizers-mens-card-?d-cases-Mens Card Cases;;b82b38b3-55ef-461f-bf4f-afbc251d4678;True;0;True
Mens ID Cases;clothing-shoes-jewelry-mens-fashion-mens-accessories-mens-wallets,-card-cases-money-organizers-mens-card-?d-cases-Mens ID Cases;;b82b38b3-55ef-461f-bf4f-afbc251d4678;True;0;True
Mens Active & Performance Insulated Jackets;clothing-shoes-jewelry-mens-fashion-mens-clothing-mens-outerwear-jackets-coats-mens-active-performance-jackets-Mens Active & Performance Insulated Jackets;;f079dc1f-8abf-429c-aafb-ab73ec156e5a;True;0;True
Mens Active & Performance Shell Jackets;clothing-shoes-jewelry-mens-fashion-mens-clothing-mens-outerwear-jackets-coats-mens-active-performance-jackets-Mens Active & Performance Shell Jackets;;f079dc1f-8abf-429c-aafb-ab73ec156e5a;True;0;True
Mens Cotton Lightweight Jackets;clothing-shoes-jewelry-mens-fashion-mens-clothing-mens-outerwear-jackets-coats-mens-lightweight-jackets-Mens Cotton Lightweight Jackets;;bc4dba1f-04a9-4704-a1ee-611a77eb3723;True;0;True
Mens Denim Jackets;clothing-shoes-jewelry-mens-fashion-mens-clothing-mens-outerwear-jackets-coats-mens-lightweight-jackets-Mens Denim Jackets;;bc4dba1f-04a9-4704-a1ee-611a77eb3723;True;0;True
Mens Varsity Jackets;clothing-shoes-jewelry-mens-fashion-mens-clothing-mens-outerwear-jackets-coats-mens-lightweight-jackets-Mens Varsity Jackets;;bc4dba1f-04a9-4704-a1ee-611a77eb3723;True;0;True
Mens Windbreakers;clothing-shoes-jewelry-mens-fashion-mens-clothing-mens-outerwear-jackets-coats-mens-lightweight-jackets-Mens Windbreakers;;bc4dba1f-04a9-4704-a1ee-611a77eb3723;True;0;True
Mens Calf Socks;clothing-shoes-jewelry-mens-fashion-mens-clothing-mens-socks-socks-for-men-Mens Calf Socks;;384b4af7-8290-4176-afcd-f101f15b93fd;True;0;True
Mens Liner & Ankle Socks;clothing-shoes-jewelry-mens-fashion-mens-clothing-mens-socks-socks-for-men-Mens Liner & Ankle Socks;;384b4af7-8290-4176-afcd-f101f15b93fd;True;0;True
Mens Suit Jackets;clothing-shoes-jewelry-mens-fashion-mens-clothing-mens-suits-sport-coats-mens-suit-separates-Mens Suit Jackets;;ba078c7d-3268-4e9f-b650-819fdaa86358;True;0;True
Mens Suit Pants;clothing-shoes-jewelry-mens-fashion-mens-clothing-mens-suits-sport-coats-mens-suit-separates-Mens Suit Pants;;ba078c7d-3268-4e9f-b650-819fdaa86358;True;0;True
Mens Thermal Underwear Bottoms;clothing-shoes-jewelry-mens-fashion-mens-clothing-mens-underwear-mens-thermal-underwear-Mens Thermal Underwear Bottoms;;cb2d8a4e-39b7-420e-9968-4109eba4f270;True;0;True
Mens Thermal Underwear Tops;clothing-shoes-jewelry-mens-fashion-mens-clothing-mens-underwear-mens-thermal-underwear-Mens Thermal Underwear Tops;;cb2d8a4e-39b7-420e-9968-4109eba4f270;True;0;True
Mens Thermal Underwear Union Suits;clothing-shoes-jewelry-mens-fashion-mens-clothing-mens-underwear-mens-thermal-underwear-Mens Thermal Underwear Union Suits;;cb2d8a4e-39b7-420e-9968-4109eba4f270;True;0;True
Mens Body Piercing Barbells;clothing-shoes-jewelry-mens-fashion-mens-jewelry-mens-body-jewelry-mens-body-piercing-jewelry-Mens Body Piercing Barbells;;8da79f40-5d77-4b84-b2b8-e7675c71ff25;True;0;True
Mens Body Piercing Plugs;clothing-shoes-jewelry-mens-fashion-mens-jewelry-mens-body-jewelry-mens-body-piercing-jewelry-Mens Body Piercing Plugs;;8da79f40-5d77-4b84-b2b8-e7675c71ff25;True;0;True
Mens Body Piercing Retainers;clothing-shoes-jewelry-mens-fashion-mens-jewelry-mens-body-jewelry-mens-body-piercing-jewelry-Mens Body Piercing Retainers;;8da79f40-5d77-4b84-b2b8-e7675c71ff25;True;0;True
Mens Body Piercing Rings;clothing-shoes-jewelry-mens-fashion-mens-jewelry-mens-body-jewelry-mens-body-piercing-jewelry-Mens Body Piercing Rings;;8da79f40-5d77-4b84-b2b8-e7675c71ff25;True;0;True
Mens Body Piercing Screws;clothing-shoes-jewelry-mens-fashion-mens-jewelry-mens-body-jewelry-mens-body-piercing-jewelry-Mens Body Piercing Screws;;8da79f40-5d77-4b84-b2b8-e7675c71ff25;True;0;True
Mens Body Piercing Studs;clothing-shoes-jewelry-mens-fashion-mens-jewelry-mens-body-jewelry-mens-body-piercing-jewelry-Mens Body Piercing Studs;;8da79f40-5d77-4b84-b2b8-e7675c71ff25;True;0;True
Mens Body Piercing Tapers;clothing-shoes-jewelry-mens-fashion-mens-jewelry-mens-body-jewelry-mens-body-piercing-jewelry-Mens Body Piercing Tapers;;8da79f40-5d77-4b84-b2b8-e7675c71ff25;True;0;True
Mens Body Piercing Tunnels;clothing-shoes-jewelry-mens-fashion-mens-jewelry-mens-body-jewelry-mens-body-piercing-jewelry-Mens Body Piercing Tunnels;;8da79f40-5d77-4b84-b2b8-e7675c71ff25;True;0;True
Mens Road Running Shoes;clothing-shoes-jewelry-mens-fashion-mens-shoes-mens-athletic-shoes-mens-running-shoes-Mens Road Running Shoes;;ae24ac40-0d9b-4935-9078-32f7833efb30;True;0;True
Mens Track & Field & Cross Country Shoes;clothing-shoes-jewelry-mens-fashion-mens-shoes-mens-athletic-shoes-mens-running-shoes-Mens Track & Field & Cross Country Shoes;;ae24ac40-0d9b-4935-9078-32f7833efb30;True;0;True
Mens Trail Running Shoes;clothing-shoes-jewelry-mens-fashion-mens-shoes-mens-athletic-shoes-mens-running-shoes-Mens Trail Running Shoes;;ae24ac40-0d9b-4935-9078-32f7833efb30;True;0;True
Mens Baseball & Softball Shoes;clothing-shoes-jewelry-mens-fashion-mens-shoes-mens-athletic-shoes-mens-team-sports-shoes-Mens Baseball & Softball Shoes;;1c3ba01b-61a7-4988-8961-45f08432acc6;True;0;True
Mens Basketball Shoes;clothing-shoes-jewelry-mens-fashion-mens-shoes-mens-athletic-shoes-mens-team-sports-shoes-Mens Basketball Shoes;;1c3ba01b-61a7-4988-8961-45f08432acc6;True;0;True
Mens Field Hockey & Lacrosse Shoes;clothing-shoes-jewelry-mens-fashion-mens-shoes-mens-athletic-shoes-mens-team-sports-shoes-Mens Field Hockey & Lacrosse Shoes;;1c3ba01b-61a7-4988-8961-45f08432acc6;True;0;True
Mens Football Shoes;clothing-shoes-jewelry-mens-fashion-mens-shoes-mens-athletic-shoes-mens-team-sports-shoes-Mens Football Shoes;;1c3ba01b-61a7-4988-8961-45f08432acc6;True;0;True
Mens Rugby Shoes;clothing-shoes-jewelry-mens-fashion-mens-shoes-mens-athletic-shoes-mens-team-sports-shoes-Mens Rugby Shoes;;1c3ba01b-61a7-4988-8961-45f08432acc6;True;0;True
Mens Soccer Shoes;clothing-shoes-jewelry-mens-fashion-mens-shoes-mens-athletic-shoes-mens-team-sports-shoes-Mens Soccer Shoes;;1c3ba01b-61a7-4988-8961-45f08432acc6;True;0;True
Mens Volleyball Shoes;clothing-shoes-jewelry-mens-fashion-mens-shoes-mens-athletic-shoes-mens-team-sports-shoes-Mens Volleyball Shoes;;1c3ba01b-61a7-4988-8961-45f08432acc6;True;0;True
Mens Fire & Safety Boots;clothing-shoes-jewelry-mens-fashion-mens-shoes-mens-boots-mens-work-safety-boots-Mens Fire & Safety Boots;;ec8f5792-6092-4d16-b269-efb6c3ff5b1c;True;0;True
Mens Industrial & Construction Boots;clothing-shoes-jewelry-mens-fashion-mens-shoes-mens-boots-mens-work-safety-boots-Mens Industrial & Construction Boots;;ec8f5792-6092-4d16-b269-efb6c3ff5b1c;True;0;True
Mens Backpacking Boots;clothing-shoes-jewelry-mens-fashion-mens-shoes-mens-outdoor-shoes-mens-hiking-trekking-shoes-Mens Backpacking Boots;;d285c50b-338c-47c1-94bc-73cbfe1ac1de;True;0;True
Mens Hiking Boots;clothing-shoes-jewelry-mens-fashion-mens-shoes-mens-outdoor-shoes-mens-hiking-trekking-shoes-Mens Hiking Boots;;d285c50b-338c-47c1-94bc-73cbfe1ac1de;True;0;True
Mens Hiking Shoes;clothing-shoes-jewelry-mens-fashion-mens-shoes-mens-outdoor-shoes-mens-hiking-trekking-shoes-Mens Hiking Shoes;;d285c50b-338c-47c1-94bc-73cbfe1ac1de;True;0;True
Mens Mountaineering Boots;clothing-shoes-jewelry-mens-fashion-mens-shoes-mens-outdoor-shoes-mens-hiking-trekking-shoes-Mens Mountaineering Boots;;d285c50b-338c-47c1-94bc-73cbfe1ac1de;True;0;True
Mens Active Sweaters;clothing-shoes-jewelry-mens-fashion-mens-shops-mens-athletic-mens-activewear-Mens Active Sweaters;;467dfae1-433d-4645-a598-d969ff9f197b;True;0;True
Mens Activewear Leggings;clothing-shoes-jewelry-mens-fashion-mens-shops-mens-athletic-mens-activewear-Mens Activewear Leggings;;467dfae1-433d-4645-a598-d969ff9f197b;True;0;True
Mens Activewear Sets;clothing-shoes-jewelry-mens-fashion-mens-shops-mens-athletic-mens-activewear-Mens Activewear Sets;;467dfae1-433d-4645-a598-d969ff9f197b;True;0;True
Mens Activewear Sets;clothing-shoes-jewelry-mens-fashion-mens-shops-mens-athletic-mens-activewear-Mens Activewear Sets;;467dfae1-433d-4645-a598-d969ff9f197b;True;0;True
Mens Activewear Sets;clothing-shoes-jewelry-mens-fashion-mens-shops-mens-athletic-mens-activewear-Mens Activewear Sets;;467dfae1-433d-4645-a598-d969ff9f197b;True;0;True
Mens Activewear Vests;clothing-shoes-jewelry-mens-fashion-mens-shops-mens-athletic-mens-activewear-Mens Activewear Vests;;467dfae1-433d-4645-a598-d969ff9f197b;True;0;True
Mens Athletic Hoodies;clothing-shoes-jewelry-mens-fashion-mens-shops-mens-athletic-mens-activewear-Mens Athletic Hoodies;;467dfae1-433d-4645-a598-d969ff9f197b;True;0;True
Mens Athletic Pants;clothing-shoes-jewelry-mens-fashion-mens-shops-mens-athletic-mens-activewear-Mens Athletic Pants;;467dfae1-433d-4645-a598-d969ff9f197b;True;0;True
Mens Athletic Pants;clothing-shoes-jewelry-mens-fashion-mens-shops-mens-athletic-mens-activewear-Mens Athletic Pants;;467dfae1-433d-4645-a598-d969ff9f197b;True;0;True
Mens Athletic Pants;clothing-shoes-jewelry-mens-fashion-mens-shops-mens-athletic-mens-activewear-Mens Athletic Pants;;467dfae1-433d-4645-a598-d969ff9f197b;True;0;True
Mens Athletic Shirts & Tees;clothing-shoes-jewelry-mens-fashion-mens-shops-mens-athletic-mens-activewear-Mens Athletic Shirts & Tees;;467dfae1-433d-4645-a598-d969ff9f197b;True;0;True
Mens Athletic Shirts & Tees;clothing-shoes-jewelry-mens-fashion-mens-shops-mens-athletic-mens-activewear-Mens Athletic Shirts & Tees;;467dfae1-433d-4645-a598-d969ff9f197b;True;0;True
Mens Athletic Shirts & Tees;clothing-shoes-jewelry-mens-fashion-mens-shops-mens-athletic-mens-activewear-Mens Athletic Shirts & Tees;;467dfae1-433d-4645-a598-d969ff9f197b;True;0;True
Mens Athletic Shirts & Tees;clothing-shoes-jewelry-mens-fashion-mens-shops-mens-athletic-mens-activewear-Mens Athletic Shirts & Tees;;467dfae1-433d-4645-a598-d969ff9f197b;True;0;True
Mens Athletic Shirts & Tees;clothing-shoes-jewelry-mens-fashion-mens-shops-mens-athletic-mens-activewear-Mens Athletic Shirts & Tees;;467dfae1-433d-4645-a598-d969ff9f197b;True;0;True
Mens Athletic Shorts;clothing-shoes-jewelry-mens-fashion-mens-shops-mens-athletic-mens-activewear-Mens Athletic Shorts;;467dfae1-433d-4645-a598-d969ff9f197b;True;0;True
Mens Athletic Socks;clothing-shoes-jewelry-mens-fashion-mens-shops-mens-athletic-mens-activewear-Mens Athletic Socks;;467dfae1-433d-4645-a598-d969ff9f197b;True;0;True
Mens Athletic Supporters;clothing-shoes-jewelry-mens-fashion-mens-shops-mens-athletic-mens-activewear-Mens Athletic Supporters;;467dfae1-433d-4645-a598-d969ff9f197b;True;0;True
Mens Athletic Underwear;clothing-shoes-jewelry-mens-fashion-mens-shops-mens-athletic-mens-activewear-Mens Athletic Underwear;;467dfae1-433d-4645-a598-d969ff9f197b;True;0;True
Mens Athletic Underwear;clothing-shoes-jewelry-mens-fashion-mens-shops-mens-athletic-mens-activewear-Mens Athletic Underwear;;467dfae1-433d-4645-a598-d969ff9f197b;True;0;True
Mens Athletic Underwear;clothing-shoes-jewelry-mens-fashion-mens-shops-mens-athletic-mens-activewear-Mens Athletic Underwear;;467dfae1-433d-4645-a598-d969ff9f197b;True;0;True
Mens Base Layers;clothing-shoes-jewelry-mens-fashion-mens-shops-mens-athletic-mens-activewear-Mens Base Layers;;467dfae1-433d-4645-a598-d969ff9f197b;True;0;True
Mens Sweatshirts;clothing-shoes-jewelry-mens-fashion-mens-shops-mens-athletic-mens-activewear-Mens Sweatshirts;;467dfae1-433d-4645-a598-d969ff9f197b;True;0;True
Mens Track Jackets;clothing-shoes-jewelry-mens-fashion-mens-shops-mens-athletic-mens-activewear-Mens Track Jackets;;467dfae1-433d-4645-a598-d969ff9f197b;True;0;True
Mens Tracksuits;clothing-shoes-jewelry-mens-fashion-mens-shops-mens-athletic-mens-activewear-Mens Tracksuits;;467dfae1-433d-4645-a598-d969ff9f197b;True;0;True
Mens Food Service Uniforms;clothing-shoes-jewelry-mens-fashion-mens-shops-mens-uniforms,-work-safety-mens-work-safety-clothing-Mens Food Service Uniforms;;95481c4e-72ca-4a9e-b3db-954ce69a16e5;True;0;True
Mens Food Service Uniforms;clothing-shoes-jewelry-mens-fashion-mens-shops-mens-uniforms,-work-safety-mens-work-safety-clothing-Mens Food Service Uniforms;;95481c4e-72ca-4a9e-b3db-954ce69a16e5;True;0;True
Mens Food Service Uniforms;clothing-shoes-jewelry-mens-fashion-mens-shops-mens-uniforms,-work-safety-mens-work-safety-clothing-Mens Food Service Uniforms;;95481c4e-72ca-4a9e-b3db-954ce69a16e5;True;0;True
Mens Medical Uniforms & Scrubs;clothing-shoes-jewelry-mens-fashion-mens-shops-mens-uniforms,-work-safety-mens-work-safety-clothing-Mens Medical Uniforms & Scrubs;;95481c4e-72ca-4a9e-b3db-954ce69a16e5;True;0;True
Mens Medical Uniforms & Scrubs;clothing-shoes-jewelry-mens-fashion-mens-shops-mens-uniforms,-work-safety-mens-work-safety-clothing-Mens Medical Uniforms & Scrubs;;95481c4e-72ca-4a9e-b3db-954ce69a16e5;True;0;True
Mens Medical Uniforms & Scrubs;clothing-shoes-jewelry-mens-fashion-mens-shops-mens-uniforms,-work-safety-mens-work-safety-clothing-Mens Medical Uniforms & Scrubs;;95481c4e-72ca-4a9e-b3db-954ce69a16e5;True;0;True
Mens Medical Uniforms & Scrubs;clothing-shoes-jewelry-mens-fashion-mens-shops-mens-uniforms,-work-safety-mens-work-safety-clothing-Mens Medical Uniforms & Scrubs;;95481c4e-72ca-4a9e-b3db-954ce69a16e5;True;0;True
Mens Medical Uniforms & Scrubs;clothing-shoes-jewelry-mens-fashion-mens-shops-mens-uniforms,-work-safety-mens-work-safety-clothing-Mens Medical Uniforms & Scrubs;;95481c4e-72ca-4a9e-b3db-954ce69a16e5;True;0;True
Mens Medical Uniforms & Scrubs;clothing-shoes-jewelry-mens-fashion-mens-shops-mens-uniforms,-work-safety-mens-work-safety-clothing-Mens Medical Uniforms & Scrubs;;95481c4e-72ca-4a9e-b3db-954ce69a16e5;True;0;True
Mens Military Clothing;clothing-shoes-jewelry-mens-fashion-mens-shops-mens-uniforms,-work-safety-mens-work-safety-clothing-Mens Military Clothing;;95481c4e-72ca-4a9e-b3db-954ce69a16e5;True;0;True
Mens Military Clothing;clothing-shoes-jewelry-mens-fashion-mens-shops-mens-uniforms,-work-safety-mens-work-safety-clothing-Mens Military Clothing;;95481c4e-72ca-4a9e-b3db-954ce69a16e5;True;0;True
Mens Military Clothing;clothing-shoes-jewelry-mens-fashion-mens-shops-mens-uniforms,-work-safety-mens-work-safety-clothing-Mens Military Clothing;;95481c4e-72ca-4a9e-b3db-954ce69a16e5;True;0;True
Mens Military Clothing;clothing-shoes-jewelry-mens-fashion-mens-shops-mens-uniforms,-work-safety-mens-work-safety-clothing-Mens Military Clothing;;95481c4e-72ca-4a9e-b3db-954ce69a16e5;True;0;True
Mens Military Clothing;clothing-shoes-jewelry-mens-fashion-mens-shops-mens-uniforms,-work-safety-mens-work-safety-clothing-Mens Military Clothing;;95481c4e-72ca-4a9e-b3db-954ce69a16e5;True;0;True
Mens Work Utility & Safety Apparel;clothing-shoes-jewelry-mens-fashion-mens-shops-mens-uniforms,-work-safety-mens-work-safety-clothing-Mens Work Utility & Safety Apparel;;95481c4e-72ca-4a9e-b3db-954ce69a16e5;True;0;True
Mens Work Utility & Safety Apparel;clothing-shoes-jewelry-mens-fashion-mens-shops-mens-uniforms,-work-safety-mens-work-safety-clothing-Mens Work Utility & Safety Apparel;;95481c4e-72ca-4a9e-b3db-954ce69a16e5;True;0;True
Mens Work Utility & Safety Apparel;clothing-shoes-jewelry-mens-fashion-mens-shops-mens-uniforms,-work-safety-mens-work-safety-clothing-Mens Work Utility & Safety Apparel;;95481c4e-72ca-4a9e-b3db-954ce69a16e5;True;0;True
Mens Work Utility & Safety Apparel;clothing-shoes-jewelry-mens-fashion-mens-shops-mens-uniforms,-work-safety-mens-work-safety-clothing-Mens Work Utility & Safety Apparel;;95481c4e-72ca-4a9e-b3db-954ce69a16e5;True;0;True
Mens Work Utility & Safety Apparel;clothing-shoes-jewelry-mens-fashion-mens-shops-mens-uniforms,-work-safety-mens-work-safety-clothing-Mens Work Utility & Safety Apparel;;95481c4e-72ca-4a9e-b3db-954ce69a16e5;True;0;True
Mens Work Utility & Safety Apparel;clothing-shoes-jewelry-mens-fashion-mens-shops-mens-uniforms,-work-safety-mens-work-safety-clothing-Mens Work Utility & Safety Apparel;;95481c4e-72ca-4a9e-b3db-954ce69a16e5;True;0;True
Mens Fire & Safety Shoes;clothing-shoes-jewelry-mens-fashion-mens-shops-mens-uniforms,-work-safety-mens-work-safety-footwear-Mens Fire & Safety Shoes;;d96f3605-cba9-48a2-b525-599211da2c97;True;0;True
Mens Health Care & Food Service Shoes;clothing-shoes-jewelry-mens-fashion-mens-shops-mens-uniforms,-work-safety-mens-work-safety-footwear-Mens Health Care & Food Service Shoes;;d96f3605-cba9-48a2-b525-599211da2c97;True;0;True
Mens Industrial & Construction Shoes;clothing-shoes-jewelry-mens-fashion-mens-shops-mens-uniforms,-work-safety-mens-work-safety-footwear-Mens Industrial & Construction Shoes;;d96f3605-cba9-48a2-b525-599211da2c97;True;0;True
Mens Industrial & Construction Shoes;clothing-shoes-jewelry-mens-fashion-mens-shops-mens-uniforms,-work-safety-mens-work-safety-footwear-Mens Industrial & Construction Shoes;;d96f3605-cba9-48a2-b525-599211da2c97;True;0;True
Mens Military & Tactical Boots;clothing-shoes-jewelry-mens-fashion-mens-shops-mens-uniforms,-work-safety-mens-work-safety-footwear-Mens Military & Tactical Boots;;d96f3605-cba9-48a2-b525-599211da2c97;True;0;True
Mens Uniform Dress Shoes;clothing-shoes-jewelry-mens-fashion-mens-shops-mens-uniforms,-work-safety-mens-work-safety-footwear-Mens Uniform Dress Shoes;;d96f3605-cba9-48a2-b525-599211da2c97;True;0;True
Mens Exotic Boxer Shorts Underwear;clothing-shoes-jewelry-novelty-more-novelty-clothing-more-exotic-apparel-mens-exotic-apparel-Mens Exotic Boxer Shorts Underwear;;d70bc7fd-a6bd-4091-a465-5d32bd92fab8;True;0;True
Mens Exotic G-Strings & Thongs;clothing-shoes-jewelry-novelty-more-novelty-clothing-more-exotic-apparel-mens-exotic-apparel-Mens Exotic G-Strings & Thongs;;d70bc7fd-a6bd-4091-a465-5d32bd92fab8;True;0;True
Mens Exotic Underwear Briefs;clothing-shoes-jewelry-novelty-more-novelty-clothing-more-exotic-apparel-mens-exotic-apparel-Mens Exotic Underwear Briefs;;d70bc7fd-a6bd-4091-a465-5d32bd92fab8;True;0;True
Womens Exotic Apparel Accessories;clothing-shoes-jewelry-novelty-more-novelty-clothing-more-exotic-apparel-womens-exotic-apparel-Womens Exotic Apparel Accessories;;7f089309-7797-43ba-a0ee-c817de39ef1e;True;0;True
Womens Exotic Bras;clothing-shoes-jewelry-novelty-more-novelty-clothing-more-exotic-apparel-womens-exotic-apparel-Womens Exotic Bras;;7f089309-7797-43ba-a0ee-c817de39ef1e;True;0;True
Womens Exotic Bustiers & Corsets;clothing-shoes-jewelry-novelty-more-novelty-clothing-more-exotic-apparel-womens-exotic-apparel-Womens Exotic Bustiers & Corsets;;7f089309-7797-43ba-a0ee-c817de39ef1e;True;0;True
Womens Exotic Chemises & Negligees;clothing-shoes-jewelry-novelty-more-novelty-clothing-more-exotic-apparel-womens-exotic-apparel-Womens Exotic Chemises & Negligees;;7f089309-7797-43ba-a0ee-c817de39ef1e;True;0;True
Womens Exotic Chemises & Negligees;clothing-shoes-jewelry-novelty-more-novelty-clothing-more-exotic-apparel-womens-exotic-apparel-Womens Exotic Chemises & Negligees;;7f089309-7797-43ba-a0ee-c817de39ef1e;True;0;True
Womens Exotic Chemises & Negligees;clothing-shoes-jewelry-novelty-more-novelty-clothing-more-exotic-apparel-womens-exotic-apparel-Womens Exotic Chemises & Negligees;;7f089309-7797-43ba-a0ee-c817de39ef1e;True;0;True
Womens Exotic Chemises & Negligees;clothing-shoes-jewelry-novelty-more-novelty-clothing-more-exotic-apparel-womens-exotic-apparel-Womens Exotic Chemises & Negligees;;7f089309-7797-43ba-a0ee-c817de39ef1e;True;0;True
Womens Exotic Costumes;clothing-shoes-jewelry-novelty-more-novelty-clothing-more-exotic-apparel-womens-exotic-apparel-Womens Exotic Costumes;;7f089309-7797-43ba-a0ee-c817de39ef1e;True;0;True
Womens Exotic Dresses;clothing-shoes-jewelry-novelty-more-novelty-clothing-more-exotic-apparel-womens-exotic-apparel-Womens Exotic Dresses;;7f089309-7797-43ba-a0ee-c817de39ef1e;True;0;True
Womens Exotic Hosiery;clothing-shoes-jewelry-novelty-more-novelty-clothing-more-exotic-apparel-womens-exotic-apparel-Womens Exotic Hosiery;;7f089309-7797-43ba-a0ee-c817de39ef1e;True;0;True
Womens Exotic Lingerie Bodystockings;clothing-shoes-jewelry-novelty-more-novelty-clothing-more-exotic-apparel-womens-exotic-apparel-Womens Exotic Lingerie Bodystockings;;7f089309-7797-43ba-a0ee-c817de39ef1e;True;0;True
Womens Exotic Lingerie Sets;clothing-shoes-jewelry-novelty-more-novelty-clothing-more-exotic-apparel-womens-exotic-apparel-Womens Exotic Lingerie Sets;;7f089309-7797-43ba-a0ee-c817de39ef1e;True;0;True
Womens Exotic Nightgowns;clothing-shoes-jewelry-novelty-more-novelty-clothing-more-exotic-apparel-womens-exotic-apparel-Womens Exotic Nightgowns;;7f089309-7797-43ba-a0ee-c817de39ef1e;True;0;True
Womens Exotic Sleepwear & Robe Sets;clothing-shoes-jewelry-novelty-more-novelty-clothing-more-exotic-apparel-womens-exotic-apparel-Womens Exotic Sleepwear & Robe Sets;;7f089309-7797-43ba-a0ee-c817de39ef1e;True;0;True
Womens Exotic Swimwear;clothing-shoes-jewelry-novelty-more-novelty-clothing-more-exotic-apparel-womens-exotic-apparel-Womens Exotic Swimwear;;7f089309-7797-43ba-a0ee-c817de39ef1e;True;0;True
Womens Exotic Teddies & Bodysuits;clothing-shoes-jewelry-novelty-more-novelty-clothing-more-exotic-apparel-womens-exotic-apparel-Womens Exotic Teddies & Bodysuits;;7f089309-7797-43ba-a0ee-c817de39ef1e;True;0;True
Womens Exotic Underwear;clothing-shoes-jewelry-novelty-more-novelty-clothing-more-exotic-apparel-womens-exotic-apparel-Womens Exotic Underwear;;7f089309-7797-43ba-a0ee-c817de39ef1e;True;0;True
Boys Novelty Accessories;clothing-shoes-jewelry-novelty-more-novelty-clothing-more-novelty-clothing-boys-novelty-clothing-Boys Novelty Accessories;;e8d13c2f-86bb-4638-a95e-06d3f7dfa4d8;True;0;True
Boys Novelty Accessories;clothing-shoes-jewelry-novelty-more-novelty-clothing-more-novelty-clothing-boys-novelty-clothing-Boys Novelty Accessories;;e8d13c2f-86bb-4638-a95e-06d3f7dfa4d8;True;0;True
Boys Novelty Accessories;clothing-shoes-jewelry-novelty-more-novelty-clothing-more-novelty-clothing-boys-novelty-clothing-Boys Novelty Accessories;;e8d13c2f-86bb-4638-a95e-06d3f7dfa4d8;True;0;True
Boys Novelty Accessories;clothing-shoes-jewelry-novelty-more-novelty-clothing-more-novelty-clothing-boys-novelty-clothing-Boys Novelty Accessories;;e8d13c2f-86bb-4638-a95e-06d3f7dfa4d8;True;0;True
Boys Novelty Accessories;clothing-shoes-jewelry-novelty-more-novelty-clothing-more-novelty-clothing-boys-novelty-clothing-Boys Novelty Accessories;;e8d13c2f-86bb-4638-a95e-06d3f7dfa4d8;True;0;True
Boys Novelty Accessories;clothing-shoes-jewelry-novelty-more-novelty-clothing-more-novelty-clothing-boys-novelty-clothing-Boys Novelty Accessories;;e8d13c2f-86bb-4638-a95e-06d3f7dfa4d8;True;0;True
Boys Novelty Accessories;clothing-shoes-jewelry-novelty-more-novelty-clothing-more-novelty-clothing-boys-novelty-clothing-Boys Novelty Accessories;;e8d13c2f-86bb-4638-a95e-06d3f7dfa4d8;True;0;True
Boys Novelty Accessories;clothing-shoes-jewelry-novelty-more-novelty-clothing-more-novelty-clothing-boys-novelty-clothing-Boys Novelty Accessories;;e8d13c2f-86bb-4638-a95e-06d3f7dfa4d8;True;0;True
Boys Novelty Accessories;clothing-shoes-jewelry-novelty-more-novelty-clothing-more-novelty-clothing-boys-novelty-clothing-Boys Novelty Accessories;;e8d13c2f-86bb-4638-a95e-06d3f7dfa4d8;True;0;True
Boys Novelty Accessories;clothing-shoes-jewelry-novelty-more-novelty-clothing-more-novelty-clothing-boys-novelty-clothing-Boys Novelty Accessories;;e8d13c2f-86bb-4638-a95e-06d3f7dfa4d8;True;0;True
Boys Novelty Accessories;clothing-shoes-jewelry-novelty-more-novelty-clothing-more-novelty-clothing-boys-novelty-clothing-Boys Novelty Accessories;;e8d13c2f-86bb-4638-a95e-06d3f7dfa4d8;True;0;True
Boys Novelty Accessories;clothing-shoes-jewelry-novelty-more-novelty-clothing-more-novelty-clothing-boys-novelty-clothing-Boys Novelty Accessories;;e8d13c2f-86bb-4638-a95e-06d3f7dfa4d8;True;0;True
Boys Novelty Accessories;clothing-shoes-jewelry-novelty-more-novelty-clothing-more-novelty-clothing-boys-novelty-clothing-Boys Novelty Accessories;;e8d13c2f-86bb-4638-a95e-06d3f7dfa4d8;True;0;True
Boys Novelty Accessories;clothing-shoes-jewelry-novelty-more-novelty-clothing-more-novelty-clothing-boys-novelty-clothing-Boys Novelty Accessories;;e8d13c2f-86bb-4638-a95e-06d3f7dfa4d8;True;0;True
Boys Novelty Clothing Sets;clothing-shoes-jewelry-novelty-more-novelty-clothing-more-novelty-clothing-boys-novelty-clothing-Boys Novelty Clothing Sets;;e8d13c2f-86bb-4638-a95e-06d3f7dfa4d8;True;0;True
Boys Novelty Hoodies;clothing-shoes-jewelry-novelty-more-novelty-clothing-more-novelty-clothing-boys-novelty-clothing-Boys Novelty Hoodies;;e8d13c2f-86bb-4638-a95e-06d3f7dfa4d8;True;0;True
Boys Novelty Jackets & Coats;clothing-shoes-jewelry-novelty-more-novelty-clothing-more-novelty-clothing-boys-novelty-clothing-Boys Novelty Jackets & Coats;;e8d13c2f-86bb-4638-a95e-06d3f7dfa4d8;True;0;True
Boys Novelty Sleepwear;clothing-shoes-jewelry-novelty-more-novelty-clothing-more-novelty-clothing-boys-novelty-clothing-Boys Novelty Sleepwear;;e8d13c2f-86bb-4638-a95e-06d3f7dfa4d8;True;0;True
Boys Novelty Sleepwear;clothing-shoes-jewelry-novelty-more-novelty-clothing-more-novelty-clothing-boys-novelty-clothing-Boys Novelty Sleepwear;;e8d13c2f-86bb-4638-a95e-06d3f7dfa4d8;True;0;True
Boys Novelty Sleepwear;clothing-shoes-jewelry-novelty-more-novelty-clothing-more-novelty-clothing-boys-novelty-clothing-Boys Novelty Sleepwear;;e8d13c2f-86bb-4638-a95e-06d3f7dfa4d8;True;0;True
Boys Novelty Sleepwear;clothing-shoes-jewelry-novelty-more-novelty-clothing-more-novelty-clothing-boys-novelty-clothing-Boys Novelty Sleepwear;;e8d13c2f-86bb-4638-a95e-06d3f7dfa4d8;True;0;True
Boys Novelty Socks;clothing-shoes-jewelry-novelty-more-novelty-clothing-more-novelty-clothing-boys-novelty-clothing-Boys Novelty Socks;;e8d13c2f-86bb-4638-a95e-06d3f7dfa4d8;True;0;True
Boys Novelty Sweaters;clothing-shoes-jewelry-novelty-more-novelty-clothing-more-novelty-clothing-boys-novelty-clothing-Boys Novelty Sweaters;;e8d13c2f-86bb-4638-a95e-06d3f7dfa4d8;True;0;True
Boys Novelty Sweatshirts;clothing-shoes-jewelry-novelty-more-novelty-clothing-more-novelty-clothing-boys-novelty-clothing-Boys Novelty Sweatshirts;;e8d13c2f-86bb-4638-a95e-06d3f7dfa4d8;True;0;True
Boys Novelty Swimwear;clothing-shoes-jewelry-novelty-more-novelty-clothing-more-novelty-clothing-boys-novelty-clothing-Boys Novelty Swimwear;;e8d13c2f-86bb-4638-a95e-06d3f7dfa4d8;True;0;True
Boys Novelty Tops & Tees;clothing-shoes-jewelry-novelty-more-novelty-clothing-more-novelty-clothing-boys-novelty-clothing-Boys Novelty Tops & Tees;;e8d13c2f-86bb-4638-a95e-06d3f7dfa4d8;True;0;True
Boys Novelty Tops & Tees;clothing-shoes-jewelry-novelty-more-novelty-clothing-more-novelty-clothing-boys-novelty-clothing-Boys Novelty Tops & Tees;;e8d13c2f-86bb-4638-a95e-06d3f7dfa4d8;True;0;True
Boys Novelty Tops & Tees;clothing-shoes-jewelry-novelty-more-novelty-clothing-more-novelty-clothing-boys-novelty-clothing-Boys Novelty Tops & Tees;;e8d13c2f-86bb-4638-a95e-06d3f7dfa4d8;True;0;True
Boys Novelty Underwear;clothing-shoes-jewelry-novelty-more-novelty-clothing-more-novelty-clothing-boys-novelty-clothing-Boys Novelty Underwear;;e8d13c2f-86bb-4638-a95e-06d3f7dfa4d8;True;0;True
Boys Novelty Underwear;clothing-shoes-jewelry-novelty-more-novelty-clothing-more-novelty-clothing-boys-novelty-clothing-Boys Novelty Underwear;;e8d13c2f-86bb-4638-a95e-06d3f7dfa4d8;True;0;True
Girls Novelty Accessories;clothing-shoes-jewelry-novelty-more-novelty-clothing-more-novelty-clothing-girls-novelty-clothing-Girls Novelty Accessories;;6b9f8131-3bc4-410c-935b-7c593369b803;True;0;True
Girls Novelty Accessories;clothing-shoes-jewelry-novelty-more-novelty-clothing-more-novelty-clothing-girls-novelty-clothing-Girls Novelty Accessories;;6b9f8131-3bc4-410c-935b-7c593369b803;True;0;True
Girls Novelty Accessories;clothing-shoes-jewelry-novelty-more-novelty-clothing-more-novelty-clothing-girls-novelty-clothing-Girls Novelty Accessories;;6b9f8131-3bc4-410c-935b-7c593369b803;True;0;True
Girls Novelty Accessories;clothing-shoes-jewelry-novelty-more-novelty-clothing-more-novelty-clothing-girls-novelty-clothing-Girls Novelty Accessories;;6b9f8131-3bc4-410c-935b-7c593369b803;True;0;True
Girls Novelty Accessories;clothing-shoes-jewelry-novelty-more-novelty-clothing-more-novelty-clothing-girls-novelty-clothing-Girls Novelty Accessories;;6b9f8131-3bc4-410c-935b-7c593369b803;True;0;True
Girls Novelty Accessories;clothing-shoes-jewelry-novelty-more-novelty-clothing-more-novelty-clothing-girls-novelty-clothing-Girls Novelty Accessories;;6b9f8131-3bc4-410c-935b-7c593369b803;True;0;True
Girls Novelty Accessories;clothing-shoes-jewelry-novelty-more-novelty-clothing-more-novelty-clothing-girls-novelty-clothing-Girls Novelty Accessories;;6b9f8131-3bc4-410c-935b-7c593369b803;True;0;True
Girls Novelty Accessories;clothing-shoes-jewelry-novelty-more-novelty-clothing-more-novelty-clothing-girls-novelty-clothing-Girls Novelty Accessories;;6b9f8131-3bc4-410c-935b-7c593369b803;True;0;True
Girls Novelty Accessories;clothing-shoes-jewelry-novelty-more-novelty-clothing-more-novelty-clothing-girls-novelty-clothing-Girls Novelty Accessories;;6b9f8131-3bc4-410c-935b-7c593369b803;True;0;True
Girls Novelty Accessories;clothing-shoes-jewelry-novelty-more-novelty-clothing-more-novelty-clothing-girls-novelty-clothing-Girls Novelty Accessories;;6b9f8131-3bc4-410c-935b-7c593369b803;True;0;True
Girls Novelty Accessories;clothing-shoes-jewelry-novelty-more-novelty-clothing-more-novelty-clothing-girls-novelty-clothing-Girls Novelty Accessories;;6b9f8131-3bc4-410c-935b-7c593369b803;True;0;True
Girls Novelty Clothing Sets;clothing-shoes-jewelry-novelty-more-novelty-clothing-more-novelty-clothing-girls-novelty-clothing-Girls Novelty Clothing Sets;;6b9f8131-3bc4-410c-935b-7c593369b803;True;0;True
Girls Novelty Hoodies;clothing-shoes-jewelry-novelty-more-novelty-clothing-more-novelty-clothing-girls-novelty-clothing-Girls Novelty Hoodies;;6b9f8131-3bc4-410c-935b-7c593369b803;True;0;True
Girls Novelty Jackets & Coats;clothing-shoes-jewelry-novelty-more-novelty-clothing-more-novelty-clothing-girls-novelty-clothing-Girls Novelty Jackets & Coats;;6b9f8131-3bc4-410c-935b-7c593369b803;True;0;True
Girls Novelty Leggings;clothing-shoes-jewelry-novelty-more-novelty-clothing-more-novelty-clothing-girls-novelty-clothing-Girls Novelty Leggings;;6b9f8131-3bc4-410c-935b-7c593369b803;True;0;True
Girls Novelty Pants & Capris;clothing-shoes-jewelry-novelty-more-novelty-clothing-more-novelty-clothing-girls-novelty-clothing-Girls Novelty Pants & Capris;;6b9f8131-3bc4-410c-935b-7c593369b803;True;0;True
Girls Novelty Shorts;clothing-shoes-jewelry-novelty-more-novelty-clothing-more-novelty-clothing-girls-novelty-clothing-Girls Novelty Shorts;;6b9f8131-3bc4-410c-935b-7c593369b803;True;0;True
Girls Novelty Skirts, Scooters & Skorts;clothing-shoes-jewelry-novelty-more-novelty-clothing-more-novelty-clothing-girls-novelty-clothing-Girls Novelty Skirts, Scooters & Skorts;;6b9f8131-3bc4-410c-935b-7c593369b803;True;0;True
Girls Novelty Sleep & Loungewear;clothing-shoes-jewelry-novelty-more-novelty-clothing-more-novelty-clothing-girls-novelty-clothing-Girls Novelty Sleep & Loungewear;;6b9f8131-3bc4-410c-935b-7c593369b803;True;0;True
Girls Novelty Sleep & Loungewear;clothing-shoes-jewelry-novelty-more-novelty-clothing-more-novelty-clothing-girls-novelty-clothing-Girls Novelty Sleep & Loungewear;;6b9f8131-3bc4-410c-935b-7c593369b803;True;0;True
Girls Novelty Sleep & Loungewear;clothing-shoes-jewelry-novelty-more-novelty-clothing-more-novelty-clothing-girls-novelty-clothing-Girls Novelty Sleep & Loungewear;;6b9f8131-3bc4-410c-935b-7c593369b803;True;0;True
Girls Novelty Sleep & Loungewear;clothing-shoes-jewelry-novelty-more-novelty-clothing-more-novelty-clothing-girls-novelty-clothing-Girls Novelty Sleep & Loungewear;;6b9f8131-3bc4-410c-935b-7c593369b803;True;0;True
Girls Novelty Socks & Tights;clothing-shoes-jewelry-novelty-more-novelty-clothing-more-novelty-clothing-girls-novelty-clothing-Girls Novelty Socks & Tights;;6b9f8131-3bc4-410c-935b-7c593369b803;True;0;True
Girls Novelty Socks & Tights;clothing-shoes-jewelry-novelty-more-novelty-clothing-more-novelty-clothing-girls-novelty-clothing-Girls Novelty Socks & Tights;;6b9f8131-3bc4-410c-935b-7c593369b803;True;0;True
Girls Novelty Socks & Tights;clothing-shoes-jewelry-novelty-more-novelty-clothing-more-novelty-clothing-girls-novelty-clothing-Girls Novelty Socks & Tights;;6b9f8131-3bc4-410c-935b-7c593369b803;True;0;True
Girls Novelty Sweatshirts;clothing-shoes-jewelry-novelty-more-novelty-clothing-more-novelty-clothing-girls-novelty-clothing-Girls Novelty Sweatshirts;;6b9f8131-3bc4-410c-935b-7c593369b803;True;0;True
Girls Novelty Swimwear;clothing-shoes-jewelry-novelty-more-novelty-clothing-more-novelty-clothing-girls-novelty-clothing-Girls Novelty Swimwear;;6b9f8131-3bc4-410c-935b-7c593369b803;True;0;True
Girls Novelty Tops & Tees;clothing-shoes-jewelry-novelty-more-novelty-clothing-more-novelty-clothing-girls-novelty-clothing-Girls Novelty Tops & Tees;;6b9f8131-3bc4-410c-935b-7c593369b803;True;0;True
Girls Novelty Tops & Tees;clothing-shoes-jewelry-novelty-more-novelty-clothing-more-novelty-clothing-girls-novelty-clothing-Girls Novelty Tops & Tees;;6b9f8131-3bc4-410c-935b-7c593369b803;True;0;True
Girls Novelty Underwear;clothing-shoes-jewelry-novelty-more-novelty-clothing-more-novelty-clothing-girls-novelty-clothing-Girls Novelty Underwear;;6b9f8131-3bc4-410c-935b-7c593369b803;True;0;True
Mens Novelty Accessories;clothing-shoes-jewelry-novelty-more-novelty-clothing-more-novelty-clothing-mens-novelty-clothing-Mens Novelty Accessories;;f09b2822-21ee-44ad-ba48-acdac43866ea;True;0;True
Mens Novelty Accessories;clothing-shoes-jewelry-novelty-more-novelty-clothing-more-novelty-clothing-mens-novelty-clothing-Mens Novelty Accessories;;f09b2822-21ee-44ad-ba48-acdac43866ea;True;0;True
Mens Novelty Accessories;clothing-shoes-jewelry-novelty-more-novelty-clothing-more-novelty-clothing-mens-novelty-clothing-Mens Novelty Accessories;;f09b2822-21ee-44ad-ba48-acdac43866ea;True;0;True
Mens Novelty Accessories;clothing-shoes-jewelry-novelty-more-novelty-clothing-more-novelty-clothing-mens-novelty-clothing-Mens Novelty Accessories;;f09b2822-21ee-44ad-ba48-acdac43866ea;True;0;True
Mens Novelty Accessories;clothing-shoes-jewelry-novelty-more-novelty-clothing-more-novelty-clothing-mens-novelty-clothing-Mens Novelty Accessories;;f09b2822-21ee-44ad-ba48-acdac43866ea;True;0;True
Mens Novelty Accessories;clothing-shoes-jewelry-novelty-more-novelty-clothing-more-novelty-clothing-mens-novelty-clothing-Mens Novelty Accessories;;f09b2822-21ee-44ad-ba48-acdac43866ea;True;0;True
Mens Novelty Accessories;clothing-shoes-jewelry-novelty-more-novelty-clothing-more-novelty-clothing-mens-novelty-clothing-Mens Novelty Accessories;;f09b2822-21ee-44ad-ba48-acdac43866ea;True;0;True
Mens Novelty Accessories;clothing-shoes-jewelry-novelty-more-novelty-clothing-more-novelty-clothing-mens-novelty-clothing-Mens Novelty Accessories;;f09b2822-21ee-44ad-ba48-acdac43866ea;True;0;True
Mens Novelty Accessories;clothing-shoes-jewelry-novelty-more-novelty-clothing-more-novelty-clothing-mens-novelty-clothing-Mens Novelty Accessories;;f09b2822-21ee-44ad-ba48-acdac43866ea;True;0;True
Mens Novelty Accessories;clothing-shoes-jewelry-novelty-more-novelty-clothing-more-novelty-clothing-mens-novelty-clothing-Mens Novelty Accessories;;f09b2822-21ee-44ad-ba48-acdac43866ea;True;0;True
Mens Novelty Accessories;clothing-shoes-jewelry-novelty-more-novelty-clothing-more-novelty-clothing-mens-novelty-clothing-Mens Novelty Accessories;;f09b2822-21ee-44ad-ba48-acdac43866ea;True;0;True
Mens Novelty Accessories;clothing-shoes-jewelry-novelty-more-novelty-clothing-more-novelty-clothing-mens-novelty-clothing-Mens Novelty Accessories;;f09b2822-21ee-44ad-ba48-acdac43866ea;True;0;True
Mens Novelty Accessories;clothing-shoes-jewelry-novelty-more-novelty-clothing-more-novelty-clothing-mens-novelty-clothing-Mens Novelty Accessories;;f09b2822-21ee-44ad-ba48-acdac43866ea;True;0;True
Mens Novelty Accessories;clothing-shoes-jewelry-novelty-more-novelty-clothing-more-novelty-clothing-mens-novelty-clothing-Mens Novelty Accessories;;f09b2822-21ee-44ad-ba48-acdac43866ea;True;0;True
Mens Novelty Accessories;clothing-shoes-jewelry-novelty-more-novelty-clothing-more-novelty-clothing-mens-novelty-clothing-Mens Novelty Accessories;;f09b2822-21ee-44ad-ba48-acdac43866ea;True;0;True
Mens Novelty Accessories;clothing-shoes-jewelry-novelty-more-novelty-clothing-more-novelty-clothing-mens-novelty-clothing-Mens Novelty Accessories;;f09b2822-21ee-44ad-ba48-acdac43866ea;True;0;True
Mens Novelty Accessories;clothing-shoes-jewelry-novelty-more-novelty-clothing-more-novelty-clothing-mens-novelty-clothing-Mens Novelty Accessories;;f09b2822-21ee-44ad-ba48-acdac43866ea;True;0;True
Mens Novelty Accessories;clothing-shoes-jewelry-novelty-more-novelty-clothing-more-novelty-clothing-mens-novelty-clothing-Mens Novelty Accessories;;f09b2822-21ee-44ad-ba48-acdac43866ea;True;0;True
Mens Novelty Accessories;clothing-shoes-jewelry-novelty-more-novelty-clothing-more-novelty-clothing-mens-novelty-clothing-Mens Novelty Accessories;;f09b2822-21ee-44ad-ba48-acdac43866ea;True;0;True
Mens Novelty Accessories;clothing-shoes-jewelry-novelty-more-novelty-clothing-more-novelty-clothing-mens-novelty-clothing-Mens Novelty Accessories;;f09b2822-21ee-44ad-ba48-acdac43866ea;True;0;True
Mens Novelty Accessories;clothing-shoes-jewelry-novelty-more-novelty-clothing-more-novelty-clothing-mens-novelty-clothing-Mens Novelty Accessories;;f09b2822-21ee-44ad-ba48-acdac43866ea;True;0;True
Mens Novelty Accessories;clothing-shoes-jewelry-novelty-more-novelty-clothing-more-novelty-clothing-mens-novelty-clothing-Mens Novelty Accessories;;f09b2822-21ee-44ad-ba48-acdac43866ea;True;0;True
Mens Novelty Accessories;clothing-shoes-jewelry-novelty-more-novelty-clothing-more-novelty-clothing-mens-novelty-clothing-Mens Novelty Accessories;;f09b2822-21ee-44ad-ba48-acdac43866ea;True;0;True
Mens Novelty Accessories;clothing-shoes-jewelry-novelty-more-novelty-clothing-more-novelty-clothing-mens-novelty-clothing-Mens Novelty Accessories;;f09b2822-21ee-44ad-ba48-acdac43866ea;True;0;True
Mens Novelty Accessories;clothing-shoes-jewelry-novelty-more-novelty-clothing-more-novelty-clothing-mens-novelty-clothing-Mens Novelty Accessories;;f09b2822-21ee-44ad-ba48-acdac43866ea;True;0;True
Mens Novelty Hoodies;clothing-shoes-jewelry-novelty-more-novelty-clothing-more-novelty-clothing-mens-novelty-clothing-Mens Novelty Hoodies;;f09b2822-21ee-44ad-ba48-acdac43866ea;True;0;True
Mens Novelty Jackets & Coats;clothing-shoes-jewelry-novelty-more-novelty-clothing-more-novelty-clothing-mens-novelty-clothing-Mens Novelty Jackets & Coats;;f09b2822-21ee-44ad-ba48-acdac43866ea;True;0;True
Mens Novelty Pants;clothing-shoes-jewelry-novelty-more-novelty-clothing-more-novelty-clothing-mens-novelty-clothing-Mens Novelty Pants;;f09b2822-21ee-44ad-ba48-acdac43866ea;True;0;True
Mens Novelty Shirts;clothing-shoes-jewelry-novelty-more-novelty-clothing-more-novelty-clothing-mens-novelty-clothing-Mens Novelty Shirts;;f09b2822-21ee-44ad-ba48-acdac43866ea;True;0;True
Mens Novelty Shirts;clothing-shoes-jewelry-novelty-more-novelty-clothing-more-novelty-clothing-mens-novelty-clothing-Mens Novelty Shirts;;f09b2822-21ee-44ad-ba48-acdac43866ea;True;0;True
Mens Novelty Shirts;clothing-shoes-jewelry-novelty-more-novelty-clothing-more-novelty-clothing-mens-novelty-clothing-Mens Novelty Shirts;;f09b2822-21ee-44ad-ba48-acdac43866ea;True;0;True
Mens Novelty Shirts;clothing-shoes-jewelry-novelty-more-novelty-clothing-more-novelty-clothing-mens-novelty-clothing-Mens Novelty Shirts;;f09b2822-21ee-44ad-ba48-acdac43866ea;True;0;True
Mens Novelty Shirts;clothing-shoes-jewelry-novelty-more-novelty-clothing-more-novelty-clothing-mens-novelty-clothing-Mens Novelty Shirts;;f09b2822-21ee-44ad-ba48-acdac43866ea;True;0;True
Mens Novelty Shorts;clothing-shoes-jewelry-novelty-more-novelty-clothing-more-novelty-clothing-mens-novelty-clothing-Mens Novelty Shorts;;f09b2822-21ee-44ad-ba48-acdac43866ea;True;0;True
Mens Novelty Sleep & Loungewear;clothing-shoes-jewelry-novelty-more-novelty-clothing-more-novelty-clothing-mens-novelty-clothing-Mens Novelty Sleep & Loungewear;;f09b2822-21ee-44ad-ba48-acdac43866ea;True;0;True
Mens Novelty Sleep & Loungewear;clothing-shoes-jewelry-novelty-more-novelty-clothing-more-novelty-clothing-mens-novelty-clothing-Mens Novelty Sleep & Loungewear;;f09b2822-21ee-44ad-ba48-acdac43866ea;True;0;True
Mens Novelty Sleep & Loungewear;clothing-shoes-jewelry-novelty-more-novelty-clothing-more-novelty-clothing-mens-novelty-clothing-Mens Novelty Sleep & Loungewear;;f09b2822-21ee-44ad-ba48-acdac43866ea;True;0;True
Mens Novelty Sleep & Loungewear;clothing-shoes-jewelry-novelty-more-novelty-clothing-more-novelty-clothing-mens-novelty-clothing-Mens Novelty Sleep & Loungewear;;f09b2822-21ee-44ad-ba48-acdac43866ea;True;0;True
Mens Novelty Sleep & Loungewear;clothing-shoes-jewelry-novelty-more-novelty-clothing-more-novelty-clothing-mens-novelty-clothing-Mens Novelty Sleep & Loungewear;;f09b2822-21ee-44ad-ba48-acdac43866ea;True;0;True
Mens Novelty Socks;clothing-shoes-jewelry-novelty-more-novelty-clothing-more-novelty-clothing-mens-novelty-clothing-Mens Novelty Socks;;f09b2822-21ee-44ad-ba48-acdac43866ea;True;0;True
Mens Novelty Sweaters;clothing-shoes-jewelry-novelty-more-novelty-clothing-more-novelty-clothing-mens-novelty-clothing-Mens Novelty Sweaters;;f09b2822-21ee-44ad-ba48-acdac43866ea;True;0;True
Mens Novelty Sweatshirts;clothing-shoes-jewelry-novelty-more-novelty-clothing-more-novelty-clothing-mens-novelty-clothing-Mens Novelty Sweatshirts;;f09b2822-21ee-44ad-ba48-acdac43866ea;True;0;True
Mens Novelty Swimwear;clothing-shoes-jewelry-novelty-more-novelty-clothing-more-novelty-clothing-mens-novelty-clothing-Mens Novelty Swimwear;;f09b2822-21ee-44ad-ba48-acdac43866ea;True;0;True
Mens Novelty Underwear;clothing-shoes-jewelry-novelty-more-novelty-clothing-more-novelty-clothing-mens-novelty-clothing-Mens Novelty Underwear;;f09b2822-21ee-44ad-ba48-acdac43866ea;True;0;True
Mens Novelty Underwear;clothing-shoes-jewelry-novelty-more-novelty-clothing-more-novelty-clothing-mens-novelty-clothing-Mens Novelty Underwear;;f09b2822-21ee-44ad-ba48-acdac43866ea;True;0;True
Mens Novelty Underwear;clothing-shoes-jewelry-novelty-more-novelty-clothing-more-novelty-clothing-mens-novelty-clothing-Mens Novelty Underwear;;f09b2822-21ee-44ad-ba48-acdac43866ea;True;0;True
Mens Novelty Underwear;clothing-shoes-jewelry-novelty-more-novelty-clothing-more-novelty-clothing-mens-novelty-clothing-Mens Novelty Underwear;;f09b2822-21ee-44ad-ba48-acdac43866ea;True;0;True
Womens Novelty Accessories;clothing-shoes-jewelry-novelty-more-novelty-clothing-more-novelty-clothing-womens-novelty-clothing-Womens Novelty Accessories;;c18cae30-6030-46ff-b8ff-55910c5e591f;True;0;True
Womens Novelty Accessories;clothing-shoes-jewelry-novelty-more-novelty-clothing-more-novelty-clothing-womens-novelty-clothing-Womens Novelty Accessories;;c18cae30-6030-46ff-b8ff-55910c5e591f;True;0;True
Womens Novelty Accessories;clothing-shoes-jewelry-novelty-more-novelty-clothing-more-novelty-clothing-womens-novelty-clothing-Womens Novelty Accessories;;c18cae30-6030-46ff-b8ff-55910c5e591f;True;0;True
Womens Novelty Accessories;clothing-shoes-jewelry-novelty-more-novelty-clothing-more-novelty-clothing-womens-novelty-clothing-Womens Novelty Accessories;;c18cae30-6030-46ff-b8ff-55910c5e591f;True;0;True
Womens Novelty Accessories;clothing-shoes-jewelry-novelty-more-novelty-clothing-more-novelty-clothing-womens-novelty-clothing-Womens Novelty Accessories;;c18cae30-6030-46ff-b8ff-55910c5e591f;True;0;True
Womens Novelty Accessories;clothing-shoes-jewelry-novelty-more-novelty-clothing-more-novelty-clothing-womens-novelty-clothing-Womens Novelty Accessories;;c18cae30-6030-46ff-b8ff-55910c5e591f;True;0;True
Womens Novelty Accessories;clothing-shoes-jewelry-novelty-more-novelty-clothing-more-novelty-clothing-womens-novelty-clothing-Womens Novelty Accessories;;c18cae30-6030-46ff-b8ff-55910c5e591f;True;0;True
Womens Novelty Accessories;clothing-shoes-jewelry-novelty-more-novelty-clothing-more-novelty-clothing-womens-novelty-clothing-Womens Novelty Accessories;;c18cae30-6030-46ff-b8ff-55910c5e591f;True;0;True
Womens Novelty Accessories;clothing-shoes-jewelry-novelty-more-novelty-clothing-more-novelty-clothing-womens-novelty-clothing-Womens Novelty Accessories;;c18cae30-6030-46ff-b8ff-55910c5e591f;True;0;True
Womens Novelty Accessories;clothing-shoes-jewelry-novelty-more-novelty-clothing-more-novelty-clothing-womens-novelty-clothing-Womens Novelty Accessories;;c18cae30-6030-46ff-b8ff-55910c5e591f;True;0;True
Womens Novelty Accessories;clothing-shoes-jewelry-novelty-more-novelty-clothing-more-novelty-clothing-womens-novelty-clothing-Womens Novelty Accessories;;c18cae30-6030-46ff-b8ff-55910c5e591f;True;0;True
Womens Novelty Accessories;clothing-shoes-jewelry-novelty-more-novelty-clothing-more-novelty-clothing-womens-novelty-clothing-Womens Novelty Accessories;;c18cae30-6030-46ff-b8ff-55910c5e591f;True;0;True
Womens Novelty Accessories;clothing-shoes-jewelry-novelty-more-novelty-clothing-more-novelty-clothing-womens-novelty-clothing-Womens Novelty Accessories;;c18cae30-6030-46ff-b8ff-55910c5e591f;True;0;True
Womens Novelty Accessories;clothing-shoes-jewelry-novelty-more-novelty-clothing-more-novelty-clothing-womens-novelty-clothing-Womens Novelty Accessories;;c18cae30-6030-46ff-b8ff-55910c5e591f;True;0;True
Womens Novelty Accessories;clothing-shoes-jewelry-novelty-more-novelty-clothing-more-novelty-clothing-womens-novelty-clothing-Womens Novelty Accessories;;c18cae30-6030-46ff-b8ff-55910c5e591f;True;0;True
Womens Novelty Accessories;clothing-shoes-jewelry-novelty-more-novelty-clothing-more-novelty-clothing-womens-novelty-clothing-Womens Novelty Accessories;;c18cae30-6030-46ff-b8ff-55910c5e591f;True;0;True
Womens Novelty Accessories;clothing-shoes-jewelry-novelty-more-novelty-clothing-more-novelty-clothing-womens-novelty-clothing-Womens Novelty Accessories;;c18cae30-6030-46ff-b8ff-55910c5e591f;True;0;True
Womens Novelty Accessories;clothing-shoes-jewelry-novelty-more-novelty-clothing-more-novelty-clothing-womens-novelty-clothing-Womens Novelty Accessories;;c18cae30-6030-46ff-b8ff-55910c5e591f;True;0;True
Womens Novelty Accessories;clothing-shoes-jewelry-novelty-more-novelty-clothing-more-novelty-clothing-womens-novelty-clothing-Womens Novelty Accessories;;c18cae30-6030-46ff-b8ff-55910c5e591f;True;0;True
Womens Novelty Accessories;clothing-shoes-jewelry-novelty-more-novelty-clothing-more-novelty-clothing-womens-novelty-clothing-Womens Novelty Accessories;;c18cae30-6030-46ff-b8ff-55910c5e591f;True;0;True
Womens Novelty Accessories;clothing-shoes-jewelry-novelty-more-novelty-clothing-more-novelty-clothing-womens-novelty-clothing-Womens Novelty Accessories;;c18cae30-6030-46ff-b8ff-55910c5e591f;True;0;True
Womens Novelty Accessories;clothing-shoes-jewelry-novelty-more-novelty-clothing-more-novelty-clothing-womens-novelty-clothing-Womens Novelty Accessories;;c18cae30-6030-46ff-b8ff-55910c5e591f;True;0;True
Womens Novelty Dresses;clothing-shoes-jewelry-novelty-more-novelty-clothing-more-novelty-clothing-womens-novelty-clothing-Womens Novelty Dresses;;c18cae30-6030-46ff-b8ff-55910c5e591f;True;0;True
Womens Novelty Hoodies;clothing-shoes-jewelry-novelty-more-novelty-clothing-more-novelty-clothing-womens-novelty-clothing-Womens Novelty Hoodies;;c18cae30-6030-46ff-b8ff-55910c5e591f;True;0;True
Womens Novelty Jackets & Coats;clothing-shoes-jewelry-novelty-more-novelty-clothing-more-novelty-clothing-womens-novelty-clothing-Womens Novelty Jackets & Coats;;c18cae30-6030-46ff-b8ff-55910c5e591f;True;0;True
Womens Novelty Leggings;clothing-shoes-jewelry-novelty-more-novelty-clothing-more-novelty-clothing-womens-novelty-clothing-Womens Novelty Leggings;;c18cae30-6030-46ff-b8ff-55910c5e591f;True;0;True
Womens Novelty Pants & Capris;clothing-shoes-jewelry-novelty-more-novelty-clothing-more-novelty-clothing-womens-novelty-clothing-Womens Novelty Pants & Capris;;c18cae30-6030-46ff-b8ff-55910c5e591f;True;0;True
Womens Novelty Shorts;clothing-shoes-jewelry-novelty-more-novelty-clothing-more-novelty-clothing-womens-novelty-clothing-Womens Novelty Shorts;;c18cae30-6030-46ff-b8ff-55910c5e591f;True;0;True
Womens Novelty Skirts;clothing-shoes-jewelry-novelty-more-novelty-clothing-more-novelty-clothing-womens-novelty-clothing-Womens Novelty Skirts;;c18cae30-6030-46ff-b8ff-55910c5e591f;True;0;True
Womens Novelty Sleep & Loungewear;clothing-shoes-jewelry-novelty-more-novelty-clothing-more-novelty-clothing-womens-novelty-clothing-Womens Novelty Sleep & Loungewear;;c18cae30-6030-46ff-b8ff-55910c5e591f;True;0;True
Womens Novelty Sleep & Loungewear;clothing-shoes-jewelry-novelty-more-novelty-clothing-more-novelty-clothing-womens-novelty-clothing-Womens Novelty Sleep & Loungewear;;c18cae30-6030-46ff-b8ff-55910c5e591f;True;0;True
Womens Novelty Sleep & Loungewear;clothing-shoes-jewelry-novelty-more-novelty-clothing-more-novelty-clothing-womens-novelty-clothing-Womens Novelty Sleep & Loungewear;;c18cae30-6030-46ff-b8ff-55910c5e591f;True;0;True
Womens Novelty Sleep & Loungewear;clothing-shoes-jewelry-novelty-more-novelty-clothing-more-novelty-clothing-womens-novelty-clothing-Womens Novelty Sleep & Loungewear;;c18cae30-6030-46ff-b8ff-55910c5e591f;True;0;True
Womens Novelty Sleep & Loungewear;clothing-shoes-jewelry-novelty-more-novelty-clothing-more-novelty-clothing-womens-novelty-clothing-Womens Novelty Sleep & Loungewear;;c18cae30-6030-46ff-b8ff-55910c5e591f;True;0;True
Womens Novelty Sleep & Loungewear;clothing-shoes-jewelry-novelty-more-novelty-clothing-more-novelty-clothing-womens-novelty-clothing-Womens Novelty Sleep & Loungewear;;c18cae30-6030-46ff-b8ff-55910c5e591f;True;0;True
Womens Novelty Sleep & Loungewear;clothing-shoes-jewelry-novelty-more-novelty-clothing-more-novelty-clothing-womens-novelty-clothing-Womens Novelty Sleep & Loungewear;;c18cae30-6030-46ff-b8ff-55910c5e591f;True;0;True
Womens Novelty Socks & Hosiery;clothing-shoes-jewelry-novelty-more-novelty-clothing-more-novelty-clothing-womens-novelty-clothing-Womens Novelty Socks & Hosiery;;c18cae30-6030-46ff-b8ff-55910c5e591f;True;0;True
Womens Novelty Socks & Hosiery;clothing-shoes-jewelry-novelty-more-novelty-clothing-more-novelty-clothing-womens-novelty-clothing-Womens Novelty Socks & Hosiery;;c18cae30-6030-46ff-b8ff-55910c5e591f;True;0;True
Womens Novelty Socks & Hosiery;clothing-shoes-jewelry-novelty-more-novelty-clothing-more-novelty-clothing-womens-novelty-clothing-Womens Novelty Socks & Hosiery;;c18cae30-6030-46ff-b8ff-55910c5e591f;True;0;True
Womens Novelty Socks & Hosiery;clothing-shoes-jewelry-novelty-more-novelty-clothing-more-novelty-clothing-womens-novelty-clothing-Womens Novelty Socks & Hosiery;;c18cae30-6030-46ff-b8ff-55910c5e591f;True;0;True
Womens Novelty Socks & Hosiery;clothing-shoes-jewelry-novelty-more-novelty-clothing-more-novelty-clothing-womens-novelty-clothing-Womens Novelty Socks & Hosiery;;c18cae30-6030-46ff-b8ff-55910c5e591f;True;0;True
Womens Novelty Sweaters;clothing-shoes-jewelry-novelty-more-novelty-clothing-more-novelty-clothing-womens-novelty-clothing-Womens Novelty Sweaters;;c18cae30-6030-46ff-b8ff-55910c5e591f;True;0;True
Womens Novelty Sweatshirts;clothing-shoes-jewelry-novelty-more-novelty-clothing-more-novelty-clothing-womens-novelty-clothing-Womens Novelty Sweatshirts;;c18cae30-6030-46ff-b8ff-55910c5e591f;True;0;True
Womens Novelty Swimwear;clothing-shoes-jewelry-novelty-more-novelty-clothing-more-novelty-clothing-womens-novelty-clothing-Womens Novelty Swimwear;;c18cae30-6030-46ff-b8ff-55910c5e591f;True;0;True
Womens Novelty Tops & Tees;clothing-shoes-jewelry-novelty-more-novelty-clothing-more-novelty-clothing-womens-novelty-clothing-Womens Novelty Tops & Tees;;c18cae30-6030-46ff-b8ff-55910c5e591f;True;0;True
Womens Novelty Tops & Tees;clothing-shoes-jewelry-novelty-more-novelty-clothing-more-novelty-clothing-womens-novelty-clothing-Womens Novelty Tops & Tees;;c18cae30-6030-46ff-b8ff-55910c5e591f;True;0;True
Womens Novelty Tops & Tees;clothing-shoes-jewelry-novelty-more-novelty-clothing-more-novelty-clothing-womens-novelty-clothing-Womens Novelty Tops & Tees;;c18cae30-6030-46ff-b8ff-55910c5e591f;True;0;True
Womens Novelty Tops & Tees;clothing-shoes-jewelry-novelty-more-novelty-clothing-more-novelty-clothing-womens-novelty-clothing-Womens Novelty Tops & Tees;;c18cae30-6030-46ff-b8ff-55910c5e591f;True;0;True
Womens Novelty Tops & Tees;clothing-shoes-jewelry-novelty-more-novelty-clothing-more-novelty-clothing-womens-novelty-clothing-Womens Novelty Tops & Tees;;c18cae30-6030-46ff-b8ff-55910c5e591f;True;0;True
Womens Novelty Underwear;clothing-shoes-jewelry-novelty-more-novelty-clothing-more-novelty-clothing-womens-novelty-clothing-Womens Novelty Underwear;;c18cae30-6030-46ff-b8ff-55910c5e591f;True;0;True
Womens Novelty Underwear;clothing-shoes-jewelry-novelty-more-novelty-clothing-more-novelty-clothing-womens-novelty-clothing-Womens Novelty Underwear;;c18cae30-6030-46ff-b8ff-55910c5e591f;True;0;True
Womens Novelty Underwear;clothing-shoes-jewelry-novelty-more-novelty-clothing-more-novelty-clothing-womens-novelty-clothing-Womens Novelty Underwear;;c18cae30-6030-46ff-b8ff-55910c5e591f;True;0;True
Womens Novelty Underwear;clothing-shoes-jewelry-novelty-more-novelty-clothing-more-novelty-clothing-womens-novelty-clothing-Womens Novelty Underwear;;c18cae30-6030-46ff-b8ff-55910c5e591f;True;0;True
Womens Novelty Underwear;clothing-shoes-jewelry-novelty-more-novelty-clothing-more-novelty-clothing-womens-novelty-clothing-Womens Novelty Underwear;;c18cae30-6030-46ff-b8ff-55910c5e591f;True;0;True
Womens Novelty Underwear;clothing-shoes-jewelry-novelty-more-novelty-clothing-more-novelty-clothing-womens-novelty-clothing-Womens Novelty Underwear;;c18cae30-6030-46ff-b8ff-55910c5e591f;True;0;True
Womens Novelty Underwear;clothing-shoes-jewelry-novelty-more-novelty-clothing-more-novelty-clothing-womens-novelty-clothing-Womens Novelty Underwear;;c18cae30-6030-46ff-b8ff-55910c5e591f;True;0;True
Shoe Cleaners;clothing-shoes-jewelry-shoe-jewelry-watch-accessories-shoe-care-accessories-shoe-care-treatments-dyes-shoe-treatments-polishes-Shoe Cleaners;;a5f2f5c0-85eb-4de6-80f3-983b11b37c06;True;0;True
Shoe Polishes;clothing-shoes-jewelry-shoe-jewelry-watch-accessories-shoe-care-accessories-shoe-care-treatments-dyes-shoe-treatments-polishes-Shoe Polishes;;a5f2f5c0-85eb-4de6-80f3-983b11b37c06;True;0;True
Shoe Protective Treatments;clothing-shoes-jewelry-shoe-jewelry-watch-accessories-shoe-care-accessories-shoe-care-treatments-dyes-shoe-treatments-polishes-Shoe Protective Treatments;;a5f2f5c0-85eb-4de6-80f3-983b11b37c06;True;0;True
Bridal Veils;clothing-shoes-jewelry-womens-fashion-womens-accessories-womens-special-occasion-accessories-bridal-accessories-Bridal Veils;;dd1e27af-c273-4b20-8dd7-da6638101784;True;0;True
Womens Business Card Cases;clothing-shoes-jewelry-womens-fashion-womens-accessories-womens-wallets,-card-cases-money-organizers-womens-card-?d-cases-Womens Business Card Cases;;10f3b2ff-e999-413c-8e6c-c739be4ec29c;True;0;True
Womens Card Cases;clothing-shoes-jewelry-womens-fashion-womens-accessories-womens-wallets,-card-cases-money-organizers-womens-card-?d-cases-Womens Card Cases;;10f3b2ff-e999-413c-8e6c-c739be4ec29c;True;0;True
Womens ID Cases;clothing-shoes-jewelry-womens-fashion-womens-accessories-womens-wallets,-card-cases-money-organizers-womens-card-?d-cases-Womens ID Cases;;10f3b2ff-e999-413c-8e6c-c739be4ec29c;True;0;True
Womens Active Wind & Rain Outerwear;clothing-shoes-jewelry-womens-fashion-womens-clothing-womens-coats,-jackets-vests-womens-active-performance-outerwear-Womens Active Wind & Rain Outerwear;;36f50f19-75eb-4d8b-b294-2d4339c9909d;True;0;True
Womens Fleece Jackets & Coats;clothing-shoes-jewelry-womens-fashion-womens-clothing-womens-coats,-jackets-vests-womens-active-performance-outerwear-Womens Fleece Jackets & Coats;;36f50f19-75eb-4d8b-b294-2d4339c9909d;True;0;True
Womens Insulated Shells;clothing-shoes-jewelry-womens-fashion-womens-clothing-womens-coats,-jackets-vests-womens-active-performance-outerwear-Womens Insulated Shells;;36f50f19-75eb-4d8b-b294-2d4339c9909d;True;0;True
Womens Anoraks;clothing-shoes-jewelry-womens-fashion-womens-clothing-womens-coats,-jackets-vests-womens-trench,-rain-anoraks-Womens Anoraks;;329de2e7-9781-4dc9-b30b-1619be84f4b9;True;0;True
Womens Raincoats;clothing-shoes-jewelry-womens-fashion-womens-clothing-womens-coats,-jackets-vests-womens-trench,-rain-anoraks-Womens Raincoats;;329de2e7-9781-4dc9-b30b-1619be84f4b9;True;0;True
Womens Trench Coats;clothing-shoes-jewelry-womens-fashion-womens-clothing-womens-coats,-jackets-vests-womens-trench,-rain-anoraks-Womens Trench Coats;;329de2e7-9781-4dc9-b30b-1619be84f4b9;True;0;True
Womens Bras;clothing-shoes-jewelry-womens-fashion-womens-clothing-womens-lingerie,-sleep-lounge-womens-lingerie-Womens Bras;;0a1ef282-440f-4dce-a0f1-367ad382ee57;True;0;True
Womens Bras;clothing-shoes-jewelry-womens-fashion-womens-clothing-womens-lingerie,-sleep-lounge-womens-lingerie-Womens Bras;;0a1ef282-440f-4dce-a0f1-367ad382ee57;True;0;True
Womens Bras;clothing-shoes-jewelry-womens-fashion-womens-clothing-womens-lingerie,-sleep-lounge-womens-lingerie-Womens Bras;;0a1ef282-440f-4dce-a0f1-367ad382ee57;True;0;True
Womens Bras;clothing-shoes-jewelry-womens-fashion-womens-clothing-womens-lingerie,-sleep-lounge-womens-lingerie-Womens Bras;;0a1ef282-440f-4dce-a0f1-367ad382ee57;True;0;True
Womens Bras;clothing-shoes-jewelry-womens-fashion-womens-clothing-womens-lingerie,-sleep-lounge-womens-lingerie-Womens Bras;;0a1ef282-440f-4dce-a0f1-367ad382ee57;True;0;True
Womens Bras;clothing-shoes-jewelry-womens-fashion-womens-clothing-womens-lingerie,-sleep-lounge-womens-lingerie-Womens Bras;;0a1ef282-440f-4dce-a0f1-367ad382ee57;True;0;True
Womens Bustiers & Corsets;clothing-shoes-jewelry-womens-fashion-womens-clothing-womens-lingerie,-sleep-lounge-womens-lingerie-Womens Bustiers & Corsets;;0a1ef282-440f-4dce-a0f1-367ad382ee57;True;0;True
Womens Chemises & Negligees;clothing-shoes-jewelry-womens-fashion-womens-clothing-womens-lingerie,-sleep-lounge-womens-lingerie-Womens Chemises & Negligees;;0a1ef282-440f-4dce-a0f1-367ad382ee57;True;0;True
Womens Garters;clothing-shoes-jewelry-womens-fashion-womens-clothing-womens-lingerie,-sleep-lounge-womens-lingerie-Womens Garters;;0a1ef282-440f-4dce-a0f1-367ad382ee57;True;0;True
Womens Garters;clothing-shoes-jewelry-womens-fashion-womens-clothing-womens-lingerie,-sleep-lounge-womens-lingerie-Womens Garters;;0a1ef282-440f-4dce-a0f1-367ad382ee57;True;0;True
Womens Garters;clothing-shoes-jewelry-womens-fashion-womens-clothing-womens-lingerie,-sleep-lounge-womens-lingerie-Womens Garters;;0a1ef282-440f-4dce-a0f1-367ad382ee57;True;0;True
Womens Lingerie Accessories;clothing-shoes-jewelry-womens-fashion-womens-clothing-womens-lingerie,-sleep-lounge-womens-lingerie-Womens Lingerie Accessories;;0a1ef282-440f-4dce-a0f1-367ad382ee57;True;0;True
Womens Lingerie Accessories;clothing-shoes-jewelry-womens-fashion-womens-clothing-womens-lingerie,-sleep-lounge-womens-lingerie-Womens Lingerie Accessories;;0a1ef282-440f-4dce-a0f1-367ad382ee57;True;0;True
Womens Lingerie Accessories;clothing-shoes-jewelry-womens-fashion-womens-clothing-womens-lingerie,-sleep-lounge-womens-lingerie-Womens Lingerie Accessories;;0a1ef282-440f-4dce-a0f1-367ad382ee57;True;0;True
Womens Lingerie Accessories;clothing-shoes-jewelry-womens-fashion-womens-clothing-womens-lingerie,-sleep-lounge-womens-lingerie-Womens Lingerie Accessories;;0a1ef282-440f-4dce-a0f1-367ad382ee57;True;0;True
Womens Lingerie Accessories;clothing-shoes-jewelry-womens-fashion-womens-clothing-womens-lingerie,-sleep-lounge-womens-lingerie-Womens Lingerie Accessories;;0a1ef282-440f-4dce-a0f1-367ad382ee57;True;0;True
Womens Lingerie Accessories;clothing-shoes-jewelry-womens-fashion-womens-clothing-womens-lingerie,-sleep-lounge-womens-lingerie-Womens Lingerie Accessories;;0a1ef282-440f-4dce-a0f1-367ad382ee57;True;0;True
Womens Lingerie Camisoles & Tanks;clothing-shoes-jewelry-womens-fashion-womens-clothing-womens-lingerie,-sleep-lounge-womens-lingerie-Womens Lingerie Camisoles & Tanks;;0a1ef282-440f-4dce-a0f1-367ad382ee57;True;0;True
Womens Lingerie Sets;clothing-shoes-jewelry-womens-fashion-womens-clothing-womens-lingerie,-sleep-lounge-womens-lingerie-Womens Lingerie Sets;;0a1ef282-440f-4dce-a0f1-367ad382ee57;True;0;True
Womens Panties;clothing-shoes-jewelry-womens-fashion-womens-clothing-womens-lingerie,-sleep-lounge-womens-lingerie-Womens Panties;;0a1ef282-440f-4dce-a0f1-367ad382ee57;True;0;True
Womens Panties;clothing-shoes-jewelry-womens-fashion-womens-clothing-womens-lingerie,-sleep-lounge-womens-lingerie-Womens Panties;;0a1ef282-440f-4dce-a0f1-367ad382ee57;True;0;True
Womens Panties;clothing-shoes-jewelry-womens-fashion-womens-clothing-womens-lingerie,-sleep-lounge-womens-lingerie-Womens Panties;;0a1ef282-440f-4dce-a0f1-367ad382ee57;True;0;True
Womens Panties;clothing-shoes-jewelry-womens-fashion-womens-clothing-womens-lingerie,-sleep-lounge-womens-lingerie-Womens Panties;;0a1ef282-440f-4dce-a0f1-367ad382ee57;True;0;True
Womens Panties;clothing-shoes-jewelry-womens-fashion-womens-clothing-womens-lingerie,-sleep-lounge-womens-lingerie-Womens Panties;;0a1ef282-440f-4dce-a0f1-367ad382ee57;True;0;True
Womens Panties;clothing-shoes-jewelry-womens-fashion-womens-clothing-womens-lingerie,-sleep-lounge-womens-lingerie-Womens Panties;;0a1ef282-440f-4dce-a0f1-367ad382ee57;True;0;True
Womens Panties;clothing-shoes-jewelry-womens-fashion-womens-clothing-womens-lingerie,-sleep-lounge-womens-lingerie-Womens Panties;;0a1ef282-440f-4dce-a0f1-367ad382ee57;True;0;True
Womens Shapewear;clothing-shoes-jewelry-womens-fashion-womens-clothing-womens-lingerie,-sleep-lounge-womens-lingerie-Womens Shapewear;;0a1ef282-440f-4dce-a0f1-367ad382ee57;True;0;True
Womens Shapewear;clothing-shoes-jewelry-womens-fashion-womens-clothing-womens-lingerie,-sleep-lounge-womens-lingerie-Womens Shapewear;;0a1ef282-440f-4dce-a0f1-367ad382ee57;True;0;True
Womens Shapewear;clothing-shoes-jewelry-womens-fashion-womens-clothing-womens-lingerie,-sleep-lounge-womens-lingerie-Womens Shapewear;;0a1ef282-440f-4dce-a0f1-367ad382ee57;True;0;True
Womens Shapewear;clothing-shoes-jewelry-womens-fashion-womens-clothing-womens-lingerie,-sleep-lounge-womens-lingerie-Womens Shapewear;;0a1ef282-440f-4dce-a0f1-367ad382ee57;True;0;True
Womens Shapewear;clothing-shoes-jewelry-womens-fashion-womens-clothing-womens-lingerie,-sleep-lounge-womens-lingerie-Womens Shapewear;;0a1ef282-440f-4dce-a0f1-367ad382ee57;True;0;True
Womens Shapewear;clothing-shoes-jewelry-womens-fashion-womens-clothing-womens-lingerie,-sleep-lounge-womens-lingerie-Womens Shapewear;;0a1ef282-440f-4dce-a0f1-367ad382ee57;True;0;True
Womens Shapewear;clothing-shoes-jewelry-womens-fashion-womens-clothing-womens-lingerie,-sleep-lounge-womens-lingerie-Womens Shapewear;;0a1ef282-440f-4dce-a0f1-367ad382ee57;True;0;True
Womens Slips;clothing-shoes-jewelry-womens-fashion-womens-clothing-womens-lingerie,-sleep-lounge-womens-lingerie-Womens Slips;;0a1ef282-440f-4dce-a0f1-367ad382ee57;True;0;True
Womens Slips;clothing-shoes-jewelry-womens-fashion-womens-clothing-womens-lingerie,-sleep-lounge-womens-lingerie-Womens Slips;;0a1ef282-440f-4dce-a0f1-367ad382ee57;True;0;True
Womens Slips;clothing-shoes-jewelry-womens-fashion-womens-clothing-womens-lingerie,-sleep-lounge-womens-lingerie-Womens Slips;;0a1ef282-440f-4dce-a0f1-367ad382ee57;True;0;True
Womens Nightgowns & Sleepshirts;clothing-shoes-jewelry-womens-fashion-womens-clothing-womens-lingerie,-sleep-lounge-womens-sleepwear-Womens Nightgowns & Sleepshirts;;99476299-c47b-4512-a1d7-dc9ac7a78b38;True;0;True
Womens Pajama Bottoms;clothing-shoes-jewelry-womens-fashion-womens-clothing-womens-lingerie,-sleep-lounge-womens-sleepwear-Womens Pajama Bottoms;;99476299-c47b-4512-a1d7-dc9ac7a78b38;True;0;True
Womens Pajama Sets;clothing-shoes-jewelry-womens-fashion-womens-clothing-womens-lingerie,-sleep-lounge-womens-sleepwear-Womens Pajama Sets;;99476299-c47b-4512-a1d7-dc9ac7a78b38;True;0;True
Womens Pajama Tops;clothing-shoes-jewelry-womens-fashion-womens-clothing-womens-lingerie,-sleep-lounge-womens-sleepwear-Womens Pajama Tops;;99476299-c47b-4512-a1d7-dc9ac7a78b38;True;0;True
Womens Robes;clothing-shoes-jewelry-womens-fashion-womens-clothing-womens-lingerie,-sleep-lounge-womens-sleepwear-Womens Robes;;99476299-c47b-4512-a1d7-dc9ac7a78b38;True;0;True
Women’s Nightwear Onesies;clothing-shoes-jewelry-womens-fashion-womens-clothing-womens-lingerie,-sleep-lounge-womens-sleepwear-Women’s Nightwear Onesies;;99476299-c47b-4512-a1d7-dc9ac7a78b38;True;0;True
Womens Thermal Underwear Bottoms;clothing-shoes-jewelry-womens-fashion-womens-clothing-womens-lingerie,-sleep-lounge-womens-thermal-underwear-Womens Thermal Underwear Bottoms;;e36fedf7-d4a7-478a-b70d-59889a6fa884;True;0;True
Womens Thermal Underwear Sets;clothing-shoes-jewelry-womens-fashion-womens-clothing-womens-lingerie,-sleep-lounge-womens-thermal-underwear-Womens Thermal Underwear Sets;;e36fedf7-d4a7-478a-b70d-59889a6fa884;True;0;True
Womens Thermal Underwear Tops;clothing-shoes-jewelry-womens-fashion-womens-clothing-womens-lingerie,-sleep-lounge-womens-thermal-underwear-Womens Thermal Underwear Tops;;e36fedf7-d4a7-478a-b70d-59889a6fa884;True;0;True
Womens Calf Socks;clothing-shoes-jewelry-womens-fashion-womens-clothing-womens-socks-hosiery-womens-socks-Womens Calf Socks;;f50abc9a-ed3f-4e94-80c7-06b238b7721f;True;0;True
Womens Bikini Sets;clothing-shoes-jewelry-womens-fashion-womens-clothing-womens-swimsuits-cover-ups-womens-bikini-swimsuits-Womens Bikini Sets;;8a19ee80-40d3-4e04-ad5b-315a167bc7ca;True;0;True
Womens Bikini Tops;clothing-shoes-jewelry-womens-fashion-womens-clothing-womens-swimsuits-cover-ups-womens-bikini-swimsuits-Womens Bikini Tops;;8a19ee80-40d3-4e04-ad5b-315a167bc7ca;True;0;True
Womens Swimwear Bottoms;clothing-shoes-jewelry-womens-fashion-womens-clothing-womens-swimsuits-cover-ups-womens-bikini-swimsuits-Womens Swimwear Bottoms;;8a19ee80-40d3-4e04-ad5b-315a167bc7ca;True;0;True
Womens Tankini Sets;clothing-shoes-jewelry-womens-fashion-womens-clothing-womens-swimsuits-cover-ups-womens-tankini-swimsuits-Womens Tankini Sets;;163aaaac-b275-450b-8d10-adb39351c2a9;True;0;True
Womens Tankini Tops;clothing-shoes-jewelry-womens-fashion-womens-clothing-womens-swimsuits-cover-ups-womens-tankini-swimsuits-Womens Tankini Tops;;163aaaac-b275-450b-8d10-adb39351c2a9;True;0;True
Womens Body Piercing Barbells;clothing-shoes-jewelry-womens-fashion-womens-jewelry-womens-body-jewelry-womens-body-piercing-jewelry-Womens Body Piercing Barbells;;519376d6-5bad-4582-958e-9671ccacbbac;True;0;True
Womens Body Piercing Plugs;clothing-shoes-jewelry-womens-fashion-womens-jewelry-womens-body-jewelry-womens-body-piercing-jewelry-Womens Body Piercing Plugs;;519376d6-5bad-4582-958e-9671ccacbbac;True;0;True
Womens Body Piercing Retainers;clothing-shoes-jewelry-womens-fashion-womens-jewelry-womens-body-jewelry-womens-body-piercing-jewelry-Womens Body Piercing Retainers;;519376d6-5bad-4582-958e-9671ccacbbac;True;0;True
Womens Body Piercing Rings;clothing-shoes-jewelry-womens-fashion-womens-jewelry-womens-body-jewelry-womens-body-piercing-jewelry-Womens Body Piercing Rings;;519376d6-5bad-4582-958e-9671ccacbbac;True;0;True
Womens Body Piercing Screws;clothing-shoes-jewelry-womens-fashion-womens-jewelry-womens-body-jewelry-womens-body-piercing-jewelry-Womens Body Piercing Screws;;519376d6-5bad-4582-958e-9671ccacbbac;True;0;True
Womens Body Piercing Studs;clothing-shoes-jewelry-womens-fashion-womens-jewelry-womens-body-jewelry-womens-body-piercing-jewelry-Womens Body Piercing Studs;;519376d6-5bad-4582-958e-9671ccacbbac;True;0;True
Womens Body Piercing Tapers;clothing-shoes-jewelry-womens-fashion-womens-jewelry-womens-body-jewelry-womens-body-piercing-jewelry-Womens Body Piercing Tapers;;519376d6-5bad-4582-958e-9671ccacbbac;True;0;True
Womens Body Piercing Tunnels;clothing-shoes-jewelry-womens-fashion-womens-jewelry-womens-body-jewelry-womens-body-piercing-jewelry-Womens Body Piercing Tunnels;;519376d6-5bad-4582-958e-9671ccacbbac;True;0;True
Womens Charm Bracelets;clothing-shoes-jewelry-womens-fashion-womens-jewelry-womens-bracelets-womens-charms-charm-bracelets-Womens Charm Bracelets;;fddebca4-5d3f-45ef-8066-2a0635da1efa;True;0;True
Womens Charm Bracelets;clothing-shoes-jewelry-womens-fashion-womens-jewelry-womens-bracelets-womens-charms-charm-bracelets-Womens Charm Bracelets;;fddebca4-5d3f-45ef-8066-2a0635da1efa;True;0;True
Womens Charm Bracelets;clothing-shoes-jewelry-womens-fashion-womens-jewelry-womens-bracelets-womens-charms-charm-bracelets-Womens Charm Bracelets;;fddebca4-5d3f-45ef-8066-2a0635da1efa;True;0;True
Womens Charm Bracelets;clothing-shoes-jewelry-womens-fashion-womens-jewelry-womens-bracelets-womens-charms-charm-bracelets-Womens Charm Bracelets;;fddebca4-5d3f-45ef-8066-2a0635da1efa;True;0;True
Womens Jewelry Charms;clothing-shoes-jewelry-womens-fashion-womens-jewelry-womens-bracelets-womens-charms-charm-bracelets-Womens Jewelry Charms;;fddebca4-5d3f-45ef-8066-2a0635da1efa;True;0;True
Womens Jewelry Charms;clothing-shoes-jewelry-womens-fashion-womens-jewelry-womens-bracelets-womens-charms-charm-bracelets-Womens Jewelry Charms;;fddebca4-5d3f-45ef-8066-2a0635da1efa;True;0;True
Womens Jewelry Charms;clothing-shoes-jewelry-womens-fashion-womens-jewelry-womens-bracelets-womens-charms-charm-bracelets-Womens Jewelry Charms;;fddebca4-5d3f-45ef-8066-2a0635da1efa;True;0;True
Womens Jewelry Charms;clothing-shoes-jewelry-womens-fashion-womens-jewelry-womens-bracelets-womens-charms-charm-bracelets-Womens Jewelry Charms;;fddebca4-5d3f-45ef-8066-2a0635da1efa;True;0;True
Womens Fashion Pendant Necklaces;clothing-shoes-jewelry-womens-fashion-womens-jewelry-womens-necklaces-womens-pendants-Womens Fashion Pendant Necklaces;;e4443d1c-91a7-4aed-b66b-4f0d6228214b;True;0;True
Womens Fashion Pendants Only;clothing-shoes-jewelry-womens-fashion-womens-jewelry-womens-necklaces-womens-pendants-Womens Fashion Pendants Only;;e4443d1c-91a7-4aed-b66b-4f0d6228214b;True;0;True
Womens Road Running Shoes;clothing-shoes-jewelry-womens-fashion-womens-shoes-womens-athletic-shoes-womens-running-shoes-Womens Road Running Shoes;;c6850d46-6979-4933-8362-bee21bf11200;True;0;True
Womens Track & Field & Cross Country Shoes;clothing-shoes-jewelry-womens-fashion-womens-shoes-womens-athletic-shoes-womens-running-shoes-Womens Track & Field & Cross Country Shoes;;c6850d46-6979-4933-8362-bee21bf11200;True;0;True
Womens Trail Running Shoes;clothing-shoes-jewelry-womens-fashion-womens-shoes-womens-athletic-shoes-womens-running-shoes-Womens Trail Running Shoes;;c6850d46-6979-4933-8362-bee21bf11200;True;0;True
Womens Baseball & Softball Shoes;clothing-shoes-jewelry-womens-fashion-womens-shoes-womens-athletic-shoes-womens-team-sports-shoes-Womens Baseball & Softball Shoes;;240fde07-f788-402d-a7ae-b91a6782b302;True;0;True
Womens Basketball Shoes;clothing-shoes-jewelry-womens-fashion-womens-shoes-womens-athletic-shoes-womens-team-sports-shoes-Womens Basketball Shoes;;240fde07-f788-402d-a7ae-b91a6782b302;True;0;True
Womens Field Hockey & Lacrosse Shoes;clothing-shoes-jewelry-womens-fashion-womens-shoes-womens-athletic-shoes-womens-team-sports-shoes-Womens Field Hockey & Lacrosse Shoes;;240fde07-f788-402d-a7ae-b91a6782b302;True;0;True
Womens Soccer Shoes;clothing-shoes-jewelry-womens-fashion-womens-shoes-womens-athletic-shoes-womens-team-sports-shoes-Womens Soccer Shoes;;240fde07-f788-402d-a7ae-b91a6782b302;True;0;True
Womens Volleyball Shoes;clothing-shoes-jewelry-womens-fashion-womens-shoes-womens-athletic-shoes-womens-team-sports-shoes-Womens Volleyball Shoes;;240fde07-f788-402d-a7ae-b91a6782b302;True;0;True
Womens Backpacking Boots;clothing-shoes-jewelry-womens-fashion-womens-shoes-womens-outdoor-shoes-womens-hiking-trekking-shoes-Womens Backpacking Boots;;54463f62-4b17-4fb9-bf6c-50458f1932ff;True;0;True
Womens Hiking Boots;clothing-shoes-jewelry-womens-fashion-womens-shoes-womens-outdoor-shoes-womens-hiking-trekking-shoes-Womens Hiking Boots;;54463f62-4b17-4fb9-bf6c-50458f1932ff;True;0;True
Womens Hiking Shoes;clothing-shoes-jewelry-womens-fashion-womens-shoes-womens-outdoor-shoes-womens-hiking-trekking-shoes-Womens Hiking Shoes;;54463f62-4b17-4fb9-bf6c-50458f1932ff;True;0;True
Womens Mountaineering Boots;clothing-shoes-jewelry-womens-fashion-womens-shoes-womens-outdoor-shoes-womens-hiking-trekking-shoes-Womens Mountaineering Boots;;54463f62-4b17-4fb9-bf6c-50458f1932ff;True;0;True
Maternity Pant Sets;clothing-shoes-jewelry-womens-fashion-womens-shops-maternity-maternity-clothing-sets-Maternity Pant Sets;;04df0306-2ed8-4923-900d-47dbff9c9c9e;True;0;True
Maternity Skirt Sets;clothing-shoes-jewelry-womens-fashion-womens-shops-maternity-maternity-clothing-sets-Maternity Skirt Sets;;04df0306-2ed8-4923-900d-47dbff9c9c9e;True;0;True
Maternity Casual Dresses;clothing-shoes-jewelry-womens-fashion-womens-shops-maternity-maternity-dresses-Maternity Casual Dresses;;9d414c27-89d2-424c-bcbb-52109602c868;True;0;True
Maternity Night Out & Cocktail Dresses;clothing-shoes-jewelry-womens-fashion-womens-shops-maternity-maternity-dresses-Maternity Night Out & Cocktail Dresses;;9d414c27-89d2-424c-bcbb-52109602c868;True;0;True
Maternity Special Occasion Dresses;clothing-shoes-jewelry-womens-fashion-womens-shops-maternity-maternity-dresses-Maternity Special Occasion Dresses;;9d414c27-89d2-424c-bcbb-52109602c868;True;0;True
Maternity Wear to Work Dresses;clothing-shoes-jewelry-womens-fashion-womens-shops-maternity-maternity-dresses-Maternity Wear to Work Dresses;;9d414c27-89d2-424c-bcbb-52109602c868;True;0;True
Maternity Belly Bands;clothing-shoes-jewelry-womens-fashion-womens-shops-maternity-maternity-?ntimate-apparel-Maternity Belly Bands;;6cd0c622-7302-45fe-afe5-1250aeaa0242;True;0;True
Maternity Nursing & Maternity Bras;clothing-shoes-jewelry-womens-fashion-womens-shops-maternity-maternity-?ntimate-apparel-Maternity Nursing & Maternity Bras;;6cd0c622-7302-45fe-afe5-1250aeaa0242;True;0;True
Maternity Panties;clothing-shoes-jewelry-womens-fashion-womens-shops-maternity-maternity-?ntimate-apparel-Maternity Panties;;6cd0c622-7302-45fe-afe5-1250aeaa0242;True;0;True
Maternity Nursing Dresses;clothing-shoes-jewelry-womens-fashion-womens-shops-maternity-maternity-nursing-clothing-Maternity Nursing Dresses;;a9e79d0a-e5c5-4f97-8753-70af39725c3d;True;0;True
Maternity Nursing Sleepwear;clothing-shoes-jewelry-womens-fashion-womens-shops-maternity-maternity-nursing-clothing-Maternity Nursing Sleepwear;;a9e79d0a-e5c5-4f97-8753-70af39725c3d;True;0;True
Maternity Nursing Sleepwear;clothing-shoes-jewelry-womens-fashion-womens-shops-maternity-maternity-nursing-clothing-Maternity Nursing Sleepwear;;a9e79d0a-e5c5-4f97-8753-70af39725c3d;True;0;True
Maternity Nursing Sleepwear;clothing-shoes-jewelry-womens-fashion-womens-shops-maternity-maternity-nursing-clothing-Maternity Nursing Sleepwear;;a9e79d0a-e5c5-4f97-8753-70af39725c3d;True;0;True
Maternity Nursing Tops & Tees;clothing-shoes-jewelry-womens-fashion-womens-shops-maternity-maternity-nursing-clothing-Maternity Nursing Tops & Tees;;a9e79d0a-e5c5-4f97-8753-70af39725c3d;True;0;True
Maternity Nursing Tops & Tees;clothing-shoes-jewelry-womens-fashion-womens-shops-maternity-maternity-nursing-clothing-Maternity Nursing Tops & Tees;;a9e79d0a-e5c5-4f97-8753-70af39725c3d;True;0;True
Maternity Nursing Tops & Tees;clothing-shoes-jewelry-womens-fashion-womens-shops-maternity-maternity-nursing-clothing-Maternity Nursing Tops & Tees;;a9e79d0a-e5c5-4f97-8753-70af39725c3d;True;0;True
Maternity Nursing Tops & Tees;clothing-shoes-jewelry-womens-fashion-womens-shops-maternity-maternity-nursing-clothing-Maternity Nursing Tops & Tees;;a9e79d0a-e5c5-4f97-8753-70af39725c3d;True;0;True
Maternity Nursing Tops & Tees;clothing-shoes-jewelry-womens-fashion-womens-shops-maternity-maternity-nursing-clothing-Maternity Nursing Tops & Tees;;a9e79d0a-e5c5-4f97-8753-70af39725c3d;True;0;True
Maternity Casual Pants;clothing-shoes-jewelry-womens-fashion-womens-shops-maternity-maternity-pants-Maternity Casual Pants;;cb3f2d1b-e4b4-47cc-8195-ba7406bcf326;True;0;True
Maternity Wear to Work Pants;clothing-shoes-jewelry-womens-fashion-womens-shops-maternity-maternity-pants-Maternity Wear to Work Pants;;cb3f2d1b-e4b4-47cc-8195-ba7406bcf326;True;0;True
Maternity Casual Shorts;clothing-shoes-jewelry-womens-fashion-womens-shops-maternity-maternity-shorts-Maternity Casual Shorts;;bcb34ede-5d5a-4882-a2d3-a5b1829b5079;True;0;True
Maternity Denim Shorts;clothing-shoes-jewelry-womens-fashion-womens-shops-maternity-maternity-shorts-Maternity Denim Shorts;;bcb34ede-5d5a-4882-a2d3-a5b1829b5079;True;0;True
Maternity Bikini Swimsuits;clothing-shoes-jewelry-womens-fashion-womens-shops-maternity-maternity-swimwear-Maternity Bikini Swimsuits;;0bb9db3c-23c9-41cd-a22c-d33865f15d1a;True;0;True
Maternity One-Piece Swimsuits;clothing-shoes-jewelry-womens-fashion-womens-shops-maternity-maternity-swimwear-Maternity One-Piece Swimsuits;;0bb9db3c-23c9-41cd-a22c-d33865f15d1a;True;0;True
Maternity Rash Guards;clothing-shoes-jewelry-womens-fashion-womens-shops-maternity-maternity-swimwear-Maternity Rash Guards;;0bb9db3c-23c9-41cd-a22c-d33865f15d1a;True;0;True
Maternity Swimwear Cover-Ups;clothing-shoes-jewelry-womens-fashion-womens-shops-maternity-maternity-swimwear-Maternity Swimwear Cover-Ups;;0bb9db3c-23c9-41cd-a22c-d33865f15d1a;True;0;True
Maternity Tankini Swimsuits;clothing-shoes-jewelry-womens-fashion-womens-shops-maternity-maternity-swimwear-Maternity Tankini Swimsuits;;0bb9db3c-23c9-41cd-a22c-d33865f15d1a;True;0;True
Maternity T-Shirts;clothing-shoes-jewelry-womens-fashion-womens-shops-maternity-maternity-tops-tees-Maternity T-Shirts;;ea1fefa2-7e51-42d3-8098-d3253062fa94;True;0;True
Maternity Tanks & Camis;clothing-shoes-jewelry-womens-fashion-womens-shops-maternity-maternity-tops-tees-Maternity Tanks & Camis;;ea1fefa2-7e51-42d3-8098-d3253062fa94;True;0;True
Maternity Tunics;clothing-shoes-jewelry-womens-fashion-womens-shops-maternity-maternity-tops-tees-Maternity Tunics;;ea1fefa2-7e51-42d3-8098-d3253062fa94;True;0;True
Womens Maternity Blouses & Button-Down Shirts;clothing-shoes-jewelry-womens-fashion-womens-shops-maternity-maternity-tops-tees-Womens Maternity Blouses & Button-Down Shirts;;ea1fefa2-7e51-42d3-8098-d3253062fa94;True;0;True
Womens Activewear Dresses;clothing-shoes-jewelry-womens-fashion-womens-shops-womens-athletic-womens-activewear-Womens Activewear Dresses;;01b01bcb-15a0-42f8-b3b9-739d75445969;True;0;True
Womens Activewear Skirts & Skorts;clothing-shoes-jewelry-womens-fashion-womens-shops-womens-athletic-womens-activewear-Womens Activewear Skirts & Skorts;;01b01bcb-15a0-42f8-b3b9-739d75445969;True;0;True
Womens Activewear Vests;clothing-shoes-jewelry-womens-fashion-womens-shops-womens-athletic-womens-activewear-Womens Activewear Vests;;01b01bcb-15a0-42f8-b3b9-739d75445969;True;0;True
Womens Athletic Base Layers;clothing-shoes-jewelry-womens-fashion-womens-shops-womens-athletic-womens-activewear-Womens Athletic Base Layers;;01b01bcb-15a0-42f8-b3b9-739d75445969;True;0;True
Womens Athletic Clothing Sets;clothing-shoes-jewelry-womens-fashion-womens-shops-womens-athletic-womens-activewear-Womens Athletic Clothing Sets;;01b01bcb-15a0-42f8-b3b9-739d75445969;True;0;True
Womens Athletic Clothing Sets;clothing-shoes-jewelry-womens-fashion-womens-shops-womens-athletic-womens-activewear-Womens Athletic Clothing Sets;;01b01bcb-15a0-42f8-b3b9-739d75445969;True;0;True
Womens Athletic Clothing Sets;clothing-shoes-jewelry-womens-fashion-womens-shops-womens-athletic-womens-activewear-Womens Athletic Clothing Sets;;01b01bcb-15a0-42f8-b3b9-739d75445969;True;0;True
Womens Athletic Clothing Sets;clothing-shoes-jewelry-womens-fashion-womens-shops-womens-athletic-womens-activewear-Womens Athletic Clothing Sets;;01b01bcb-15a0-42f8-b3b9-739d75445969;True;0;True
Womens Athletic Hoodies;clothing-shoes-jewelry-womens-fashion-womens-shops-womens-athletic-womens-activewear-Womens Athletic Hoodies;;01b01bcb-15a0-42f8-b3b9-739d75445969;True;0;True
Womens Athletic Jackets;clothing-shoes-jewelry-womens-fashion-womens-shops-womens-athletic-womens-activewear-Womens Athletic Jackets;;01b01bcb-15a0-42f8-b3b9-739d75445969;True;0;True
Womens Athletic Leggings;clothing-shoes-jewelry-womens-fashion-womens-shops-womens-athletic-womens-activewear-Womens Athletic Leggings;;01b01bcb-15a0-42f8-b3b9-739d75445969;True;0;True
Womens Athletic Pants;clothing-shoes-jewelry-womens-fashion-womens-shops-womens-athletic-womens-activewear-Womens Athletic Pants;;01b01bcb-15a0-42f8-b3b9-739d75445969;True;0;True
Womens Athletic Pants;clothing-shoes-jewelry-womens-fashion-womens-shops-womens-athletic-womens-activewear-Womens Athletic Pants;;01b01bcb-15a0-42f8-b3b9-739d75445969;True;0;True
Womens Athletic Pants;clothing-shoes-jewelry-womens-fashion-womens-shops-womens-athletic-womens-activewear-Womens Athletic Pants;;01b01bcb-15a0-42f8-b3b9-739d75445969;True;0;True
Womens Athletic Shirts & Tees;clothing-shoes-jewelry-womens-fashion-womens-shops-womens-athletic-womens-activewear-Womens Athletic Shirts & Tees;;01b01bcb-15a0-42f8-b3b9-739d75445969;True;0;True
Womens Athletic Shirts & Tees;clothing-shoes-jewelry-womens-fashion-womens-shops-womens-athletic-womens-activewear-Womens Athletic Shirts & Tees;;01b01bcb-15a0-42f8-b3b9-739d75445969;True;0;True
Womens Athletic Shirts & Tees;clothing-shoes-jewelry-womens-fashion-womens-shops-womens-athletic-womens-activewear-Womens Athletic Shirts & Tees;;01b01bcb-15a0-42f8-b3b9-739d75445969;True;0;True
Womens Athletic Shirts & Tees;clothing-shoes-jewelry-womens-fashion-womens-shops-womens-athletic-womens-activewear-Womens Athletic Shirts & Tees;;01b01bcb-15a0-42f8-b3b9-739d75445969;True;0;True
Womens Athletic Shirts & Tees;clothing-shoes-jewelry-womens-fashion-womens-shops-womens-athletic-womens-activewear-Womens Athletic Shirts & Tees;;01b01bcb-15a0-42f8-b3b9-739d75445969;True;0;True
Womens Athletic Shorts;clothing-shoes-jewelry-womens-fashion-womens-shops-womens-athletic-womens-activewear-Womens Athletic Shorts;;01b01bcb-15a0-42f8-b3b9-739d75445969;True;0;True
Womens Athletic Skirts;clothing-shoes-jewelry-womens-fashion-womens-shops-womens-athletic-womens-activewear-Womens Athletic Skirts;;01b01bcb-15a0-42f8-b3b9-739d75445969;True;0;True
Womens Athletic Skorts;clothing-shoes-jewelry-womens-fashion-womens-shops-womens-athletic-womens-activewear-Womens Athletic Skorts;;01b01bcb-15a0-42f8-b3b9-739d75445969;True;0;True
Womens Athletic Socks;clothing-shoes-jewelry-womens-fashion-womens-shops-womens-athletic-womens-activewear-Womens Athletic Socks;;01b01bcb-15a0-42f8-b3b9-739d75445969;True;0;True
Womens Athletic Sweaters;clothing-shoes-jewelry-womens-fashion-womens-shops-womens-athletic-womens-activewear-Womens Athletic Sweaters;;01b01bcb-15a0-42f8-b3b9-739d75445969;True;0;True
Womens Athletic Underwear;clothing-shoes-jewelry-womens-fashion-womens-shops-womens-athletic-womens-activewear-Womens Athletic Underwear;;01b01bcb-15a0-42f8-b3b9-739d75445969;True;0;True
Womens Athletic Underwear;clothing-shoes-jewelry-womens-fashion-womens-shops-womens-athletic-womens-activewear-Womens Athletic Underwear;;01b01bcb-15a0-42f8-b3b9-739d75445969;True;0;True
Womens Athletic Underwear;clothing-shoes-jewelry-womens-fashion-womens-shops-womens-athletic-womens-activewear-Womens Athletic Underwear;;01b01bcb-15a0-42f8-b3b9-739d75445969;True;0;True
Womens Sweatshirts;clothing-shoes-jewelry-womens-fashion-womens-shops-womens-athletic-womens-activewear-Womens Sweatshirts;;01b01bcb-15a0-42f8-b3b9-739d75445969;True;0;True
Womens Food Service Uniforms;clothing-shoes-jewelry-womens-fashion-womens-shops-womens-uniforms,-work-safety-womens-work-safety-clothing-Womens Food Service Uniforms;;a65e2cc5-edda-443e-8755-97bd5f45c3ce;True;0;True
Womens Food Service Uniforms;clothing-shoes-jewelry-womens-fashion-womens-shops-womens-uniforms,-work-safety-womens-work-safety-clothing-Womens Food Service Uniforms;;a65e2cc5-edda-443e-8755-97bd5f45c3ce;True;0;True
Womens Food Service Uniforms;clothing-shoes-jewelry-womens-fashion-womens-shops-womens-uniforms,-work-safety-womens-work-safety-clothing-Womens Food Service Uniforms;;a65e2cc5-edda-443e-8755-97bd5f45c3ce;True;0;True
Womens Medical Uniforms & Scrubs;clothing-shoes-jewelry-womens-fashion-womens-shops-womens-uniforms,-work-safety-womens-work-safety-clothing-Womens Medical Uniforms & Scrubs;;a65e2cc5-edda-443e-8755-97bd5f45c3ce;True;0;True
Womens Medical Uniforms & Scrubs;clothing-shoes-jewelry-womens-fashion-womens-shops-womens-uniforms,-work-safety-womens-work-safety-clothing-Womens Medical Uniforms & Scrubs;;a65e2cc5-edda-443e-8755-97bd5f45c3ce;True;0;True
Womens Medical Uniforms & Scrubs;clothing-shoes-jewelry-womens-fashion-womens-shops-womens-uniforms,-work-safety-womens-work-safety-clothing-Womens Medical Uniforms & Scrubs;;a65e2cc5-edda-443e-8755-97bd5f45c3ce;True;0;True
Womens Medical Uniforms & Scrubs;clothing-shoes-jewelry-womens-fashion-womens-shops-womens-uniforms,-work-safety-womens-work-safety-clothing-Womens Medical Uniforms & Scrubs;;a65e2cc5-edda-443e-8755-97bd5f45c3ce;True;0;True
Womens Medical Uniforms & Scrubs;clothing-shoes-jewelry-womens-fashion-womens-shops-womens-uniforms,-work-safety-womens-work-safety-clothing-Womens Medical Uniforms & Scrubs;;a65e2cc5-edda-443e-8755-97bd5f45c3ce;True;0;True
Womens Medical Uniforms & Scrubs;clothing-shoes-jewelry-womens-fashion-womens-shops-womens-uniforms,-work-safety-womens-work-safety-clothing-Womens Medical Uniforms & Scrubs;;a65e2cc5-edda-443e-8755-97bd5f45c3ce;True;0;True
Womens Military Clothing;clothing-shoes-jewelry-womens-fashion-womens-shops-womens-uniforms,-work-safety-womens-work-safety-clothing-Womens Military Clothing;;a65e2cc5-edda-443e-8755-97bd5f45c3ce;True;0;True
Womens Work Utility & Safety Apparel;clothing-shoes-jewelry-womens-fashion-womens-shops-womens-uniforms,-work-safety-womens-work-safety-clothing-Womens Work Utility & Safety Apparel;;a65e2cc5-edda-443e-8755-97bd5f45c3ce;True;0;True
Womens Work Utility & Safety Apparel;clothing-shoes-jewelry-womens-fashion-womens-shops-womens-uniforms,-work-safety-womens-work-safety-clothing-Womens Work Utility & Safety Apparel;;a65e2cc5-edda-443e-8755-97bd5f45c3ce;True;0;True
Womens Work Utility & Safety Apparel;clothing-shoes-jewelry-womens-fashion-womens-shops-womens-uniforms,-work-safety-womens-work-safety-clothing-Womens Work Utility & Safety Apparel;;a65e2cc5-edda-443e-8755-97bd5f45c3ce;True;0;True
Womens Work Utility & Safety Apparel;clothing-shoes-jewelry-womens-fashion-womens-shops-womens-uniforms,-work-safety-womens-work-safety-clothing-Womens Work Utility & Safety Apparel;;a65e2cc5-edda-443e-8755-97bd5f45c3ce;True;0;True
Womens Work Utility & Safety Apparel;clothing-shoes-jewelry-womens-fashion-womens-shops-womens-uniforms,-work-safety-womens-work-safety-clothing-Womens Work Utility & Safety Apparel;;a65e2cc5-edda-443e-8755-97bd5f45c3ce;True;0;True
Womens Fire & Safety Shoes;clothing-shoes-jewelry-womens-fashion-womens-shops-womens-uniforms,-work-safety-womens-work-safety-footwear-Womens Fire & Safety Shoes;;66ca7113-fc63-4926-a153-feb42a2f8798;True;0;True
Womens Health Care & Food Service Shoes;clothing-shoes-jewelry-womens-fashion-womens-shops-womens-uniforms,-work-safety-womens-work-safety-footwear-Womens Health Care & Food Service Shoes;;66ca7113-fc63-4926-a153-feb42a2f8798;True;0;True
Womens Industrial & Construction Shoes;clothing-shoes-jewelry-womens-fashion-womens-shops-womens-uniforms,-work-safety-womens-work-safety-footwear-Womens Industrial & Construction Shoes;;66ca7113-fc63-4926-a153-feb42a2f8798;True;0;True
Womens Industrial & Construction Shoes;clothing-shoes-jewelry-womens-fashion-womens-shops-womens-uniforms,-work-safety-womens-work-safety-footwear-Womens Industrial & Construction Shoes;;66ca7113-fc63-4926-a153-feb42a2f8798;True;0;True
Womens Industrial & Construction Shoes;clothing-shoes-jewelry-womens-fashion-womens-shops-womens-uniforms,-work-safety-womens-work-safety-footwear-Womens Industrial & Construction Shoes;;66ca7113-fc63-4926-a153-feb42a2f8798;True;0;True
Womens Military & Tactical Boots;clothing-shoes-jewelry-womens-fashion-womens-shops-womens-uniforms,-work-safety-womens-work-safety-footwear-Womens Military & Tactical Boots;;66ca7113-fc63-4926-a153-feb42a2f8798;True;0;True
Womens Uniform Dress Shoes;clothing-shoes-jewelry-womens-fashion-womens-shops-womens-uniforms,-work-safety-womens-work-safety-footwear-Womens Uniform Dress Shoes;;66ca7113-fc63-4926-a153-feb42a2f8798;True;0;True
Lab Compound Binocular Microscopes;electronics-camera-photo-binoculars-telescopes-optics-microscopes-lab-compound-microscopes-Lab Compound Binocular Microscopes;;4d8f3f86-bd23-4a6d-9418-16140787168b;True;0;True
Lab Compound Monocular Microscopes;electronics-camera-photo-binoculars-telescopes-optics-microscopes-lab-compound-microscopes-Lab Compound Monocular Microscopes;;4d8f3f86-bd23-4a6d-9418-16140787168b;True;0;True
Lab Compound Trinocular Microscopes;electronics-camera-photo-binoculars-telescopes-optics-microscopes-lab-compound-microscopes-Lab Compound Trinocular Microscopes;;4d8f3f86-bd23-4a6d-9418-16140787168b;True;0;True
Camcorder Batteries;electronics-camera-photo-camera-photo-accessories-camera-camcorder-batteries-chargers-camera-camcorder-batteries-Camcorder Batteries;;8187f8c2-d015-48e0-9082-cde3f2801432;True;0;True
Camera Batteries;electronics-camera-photo-camera-photo-accessories-camera-camcorder-batteries-chargers-camera-camcorder-batteries-Camera Batteries;;8187f8c2-d015-48e0-9082-cde3f2801432;True;0;True
Camera Battery Chargers;electronics-camera-photo-camera-photo-accessories-camera-camcorder-batteries-chargers-camera-camcorder-battery-chargers-Camera Battery Chargers;;80567078-178c-49df-8e98-e12256956345;True;0;True
Filter Step-down Rings;electronics-camera-photo-camera-photo-accessories-camera-photo-filters-filter-accessories-Filter Step-down Rings;;f44f72f3-57ff-42c0-8820-b6ea47b810dc;True;0;True
Microscope Lens Adapters;electronics-camera-photo-camera-photo-accessories-telescope-microscope-accessories-microscope-accessories-Microscope Lens Adapters;;8c537218-d26f-4999-abbd-e714c175dc68;True;0;True
Microscope Lenses;electronics-camera-photo-camera-photo-accessories-telescope-microscope-accessories-microscope-accessories-Microscope Lenses;;8c537218-d26f-4999-abbd-e714c175dc68;True;0;True
Telescope Eyepieces;electronics-camera-photo-camera-photo-accessories-telescope-microscope-accessories-telescope-accessories-Telescope Eyepieces;;f010928e-abbe-4e6d-91ee-586a64057946;True;0;True
Telescope Finder Scopes;electronics-camera-photo-camera-photo-accessories-telescope-microscope-accessories-telescope-accessories-Telescope Finder Scopes;;f010928e-abbe-4e6d-91ee-586a64057946;True;0;True
Telescope Motor Drives;electronics-camera-photo-camera-photo-accessories-telescope-microscope-accessories-telescope-accessories-Telescope Motor Drives;;f010928e-abbe-4e6d-91ee-586a64057946;True;0;True
Telescope Photo Adapters;electronics-camera-photo-camera-photo-accessories-telescope-microscope-accessories-telescope-accessories-Telescope Photo Adapters;;f010928e-abbe-4e6d-91ee-586a64057946;True;0;True
Lighting Diffusers;electronics-camera-photo-lighting-studio-equipment-camera-photo-lighting-lighting-controls-modifiers-Lighting Diffusers;;f6525b8a-2b46-4c9f-9f62-5d226bb86632;True;0;True
Lighting Filters;electronics-camera-photo-lighting-studio-equipment-camera-photo-lighting-lighting-controls-modifiers-Lighting Filters;;f6525b8a-2b46-4c9f-9f62-5d226bb86632;True;0;True
Lighting Reflectors;electronics-camera-photo-lighting-studio-equipment-camera-photo-lighting-lighting-controls-modifiers-Lighting Reflectors;;f6525b8a-2b46-4c9f-9f62-5d226bb86632;True;0;True
Photographic Lighting Umbrellas;electronics-camera-photo-lighting-studio-equipment-camera-photo-lighting-lighting-controls-modifiers-Photographic Lighting Umbrellas;;f6525b8a-2b46-4c9f-9f62-5d226bb86632;True;0;True
Photographic Lighting Monolights;electronics-camera-photo-lighting-studio-equipment-camera-photo-lighting-photographic-strobe-lighting-Photographic Lighting Monolights;;c6fb114d-1c33-42f7-a28d-19df4d853e0a;True;0;True
Archival Photo Storage Boxes;electronics-camera-photo-lighting-studio-equipment-photo-studio-equipment-photographic-storage-materials-Archival Photo Storage Boxes;;29aca705-88b0-4122-b525-8bd464d7f70c;True;0;True
Digital Picture Frames;electronics-camera-photo-lighting-studio-equipment-photo-studio-equipment-photographic-storage-materials-Digital Picture Frames;;29aca705-88b0-4122-b525-8bd464d7f70c;True;0;True
Photographic Storage Pages;electronics-camera-photo-lighting-studio-equipment-photo-studio-equipment-photographic-storage-materials-Photographic Storage Pages;;29aca705-88b0-4122-b525-8bd464d7f70c;True;0;True
Storage & Presentation Portfolios;electronics-camera-photo-lighting-studio-equipment-photo-studio-equipment-photographic-storage-materials-Storage & Presentation Portfolios;;29aca705-88b0-4122-b525-8bd464d7f70c;True;0;True
Webcam Mounts;electronics-computers-accessories-computer-accessories-peripherals-computer-audio-video-accessories-webcams-Webcam Mounts;;ecc79f2d-6116-42a3-aae4-ad583e3d9918;True;0;True
Webcam Stands;electronics-computers-accessories-computer-accessories-peripherals-computer-audio-video-accessories-webcams-Webcam Stands;;ecc79f2d-6116-42a3-aae4-ad583e3d9918;True;0;True
Webcams;electronics-computers-accessories-computer-accessories-peripherals-computer-audio-video-accessories-webcams-Webcams;;ecc79f2d-6116-42a3-aae4-ad583e3d9918;True;0;True
Cat 5 Ethernet Cables;electronics-computers-accessories-computer-accessories-peripherals-computer-cables-?nterconnects-ethernet-cables-Cat 5 Ethernet Cables;;d8358a4c-975e-4783-9ec2-a9e9bc479b5e;True;0;True
Cat 5e Ethernet Cables;electronics-computers-accessories-computer-accessories-peripherals-computer-cables-?nterconnects-ethernet-cables-Cat 5e Ethernet Cables;;d8358a4c-975e-4783-9ec2-a9e9bc479b5e;True;0;True
Cat 6 Ethernet Cables;electronics-computers-accessories-computer-accessories-peripherals-computer-cables-?nterconnects-ethernet-cables-Cat 6 Ethernet Cables;;d8358a4c-975e-4783-9ec2-a9e9bc479b5e;True;0;True
Cat 7 Ethernet Cables;electronics-computers-accessories-computer-accessories-peripherals-computer-cables-?nterconnects-ethernet-cables-Cat 7 Ethernet Cables;;d8358a4c-975e-4783-9ec2-a9e9bc479b5e;True;0;True
Computer Keyboard Skins;electronics-computers-accessories-computer-accessories-peripherals-computer-keyboards,-mice-accessories-computer-keyboard-mice-accessories-Computer Keyboard Skins;;cddd71db-5676-4885-b543-5480e4dc05f0;True;0;True
External Blu-ray Drives;electronics-computers-accessories-computer-components-computer-external-components-external-optical-drives-External Blu-ray Drives;;09ae7a67-dace-4201-8399-67a09b6e15f4;True;0;True
External CD & DVD Drives;electronics-computers-accessories-computer-components-computer-external-components-external-optical-drives-External CD & DVD Drives;;09ae7a67-dace-4201-8399-67a09b6e15f4;True;0;True
External Disc Duplicators;electronics-computers-accessories-computer-components-computer-external-components-external-optical-drives-External Disc Duplicators;;09ae7a67-dace-4201-8399-67a09b6e15f4;True;0;True
Computer Case Fans;electronics-computers-accessories-computer-components-computer-?nternal-components-?nternal-fans-cooling-components-Computer Case Fans;;63951bb4-c4f2-4eca-add5-8147c8ce6051;True;0;True
Computer CPU Cooling Fans;electronics-computers-accessories-computer-components-computer-?nternal-components-?nternal-fans-cooling-components-Computer CPU Cooling Fans;;63951bb4-c4f2-4eca-add5-8147c8ce6051;True;0;True
Desktop Computer Fan Grills;electronics-computers-accessories-computer-components-computer-?nternal-components-?nternal-fans-cooling-components-Desktop Computer Fan Grills;;63951bb4-c4f2-4eca-add5-8147c8ce6051;True;0;True
Heatsinks;electronics-computers-accessories-computer-components-computer-?nternal-components-?nternal-fans-cooling-components-Heatsinks;;63951bb4-c4f2-4eca-add5-8147c8ce6051;True;0;True
Water Cooling Systems;electronics-computers-accessories-computer-components-computer-?nternal-components-?nternal-fans-cooling-components-Water Cooling Systems;;63951bb4-c4f2-4eca-add5-8147c8ce6051;True;0;True
Internal Blu-ray Drives;electronics-computers-accessories-computer-components-computer-?nternal-components-?nternal-optical-drives-Internal Blu-ray Drives;;1a467c93-9e61-43f7-863c-3aa6d685208b;True;0;True
Internal USB Port Cards;electronics-computers-accessories-computer-components-computer-?nternal-components-network-?/o-port-cards-Internal USB Port Cards;;45b36c7e-e08e-43e6-a5ac-7052bc5ac6a6;True;0;True
RAID Controllers;electronics-computers-accessories-computer-components-computer-?nternal-components-network-?/o-port-cards-RAID Controllers;;45b36c7e-e08e-43e6-a5ac-7052bc5ac6a6;True;0;True
Digital Coaxial Cables;electronics-electronics-accessories-supplies-audio-video-accessories-audio-video-cables-?nterconnects-audio-cables-Digital Coaxial Cables;;115c687f-5cc5-4f20-bfca-4f4dd2528e9e;True;0;True
Fiber Optic Cables;electronics-electronics-accessories-supplies-audio-video-accessories-audio-video-cables-?nterconnects-audio-cables-Fiber Optic Cables;;115c687f-5cc5-4f20-bfca-4f4dd2528e9e;True;0;True
RCA Cables;electronics-electronics-accessories-supplies-audio-video-accessories-audio-video-cables-?nterconnects-audio-cables-RCA Cables;;115c687f-5cc5-4f20-bfca-4f4dd2528e9e;True;0;True
Speaker Cables;electronics-electronics-accessories-supplies-audio-video-accessories-audio-video-cables-?nterconnects-audio-cables-Speaker Cables;;115c687f-5cc5-4f20-bfca-4f4dd2528e9e;True;0;True
Stereo 1/4-inch & 1/8-inch Jack Cables;electronics-electronics-accessories-supplies-audio-video-accessories-audio-video-cables-?nterconnects-audio-cables-Stereo 1/4-inch & 1/8-inch Jack Cables;;115c687f-5cc5-4f20-bfca-4f4dd2528e9e;True;0;True
Subwoofer Cables;electronics-electronics-accessories-supplies-audio-video-accessories-audio-video-cables-?nterconnects-audio-cables-Subwoofer Cables;;115c687f-5cc5-4f20-bfca-4f4dd2528e9e;True;0;True
Component Video Cables;electronics-electronics-accessories-supplies-audio-video-accessories-audio-video-cables-?nterconnects-video-cables-Component Video Cables;;94781624-636d-46cc-a4f1-f211ff0ce1b6;True;0;True
Composite Video Cables;electronics-electronics-accessories-supplies-audio-video-accessories-audio-video-cables-?nterconnects-video-cables-Composite Video Cables;;94781624-636d-46cc-a4f1-f211ff0ce1b6;True;0;True
DVI Cables;electronics-electronics-accessories-supplies-audio-video-accessories-audio-video-cables-?nterconnects-video-cables-DVI Cables;;94781624-636d-46cc-a4f1-f211ff0ce1b6;True;0;True
F-Pin-Coaxial Tip Cables;electronics-electronics-accessories-supplies-audio-video-accessories-audio-video-cables-?nterconnects-video-cables-F-Pin-Coaxial Tip Cables;;94781624-636d-46cc-a4f1-f211ff0ce1b6;True;0;True
HDMI Cables;electronics-electronics-accessories-supplies-audio-video-accessories-audio-video-cables-?nterconnects-video-cables-HDMI Cables;;94781624-636d-46cc-a4f1-f211ff0ce1b6;True;0;True
S-Video Cables;electronics-electronics-accessories-supplies-audio-video-accessories-audio-video-cables-?nterconnects-video-cables-S-Video Cables;;94781624-636d-46cc-a4f1-f211ff0ce1b6;True;0;True
Satellite Finders;electronics-electronics-accessories-supplies-audio-video-accessories-satellite-tv-parts-equipment-satellite-tv-mounting-accessories-Satellite Finders;;994f7d77-43ef-4a5a-a204-d33f9c00c6e1;True;0;True
Satellite TV Dish Mounts;electronics-electronics-accessories-supplies-audio-video-accessories-satellite-tv-parts-equipment-satellite-tv-mounting-accessories-Satellite TV Dish Mounts;;994f7d77-43ef-4a5a-a204-d33f9c00c6e1;True;0;True
Car Amplifier Battery Wiring & Terminals;electronics-vehicle-electronics-car-electronics-accessories-car-audio-video-?nstallation-products-car-amplifier-?nstallation-products-Car Amplifier Battery Wiring & Terminals;;99bf7372-f131-420a-b731-c42657b6315a;True;0;True
Car Amplifier Capacitors;electronics-vehicle-electronics-car-electronics-accessories-car-audio-video-?nstallation-products-car-amplifier-?nstallation-products-Car Amplifier Capacitors;;99bf7372-f131-420a-b731-c42657b6315a;True;0;True
Car Amplifier Cooling Fans;electronics-vehicle-electronics-car-electronics-accessories-car-audio-video-?nstallation-products-car-amplifier-?nstallation-products-Car Amplifier Cooling Fans;;99bf7372-f131-420a-b731-c42657b6315a;True;0;True
Car Amplifier Fuse Holders;electronics-vehicle-electronics-car-electronics-accessories-car-audio-video-?nstallation-products-car-amplifier-?nstallation-products-Car Amplifier Fuse Holders;;99bf7372-f131-420a-b731-c42657b6315a;True;0;True
Car Amplifier Heat-Shrink Tubing;electronics-vehicle-electronics-car-electronics-accessories-car-audio-video-?nstallation-products-car-amplifier-?nstallation-products-Car Amplifier Heat-Shrink Tubing;;99bf7372-f131-420a-b731-c42657b6315a;True;0;True
Car Amplifier Interconnect Cables;electronics-vehicle-electronics-car-electronics-accessories-car-audio-video-?nstallation-products-car-amplifier-?nstallation-products-Car Amplifier Interconnect Cables;;99bf7372-f131-420a-b731-c42657b6315a;True;0;True
Car Amplifier Noise Filters;electronics-vehicle-electronics-car-electronics-accessories-car-audio-video-?nstallation-products-car-amplifier-?nstallation-products-Car Amplifier Noise Filters;;99bf7372-f131-420a-b731-c42657b6315a;True;0;True
Car Amplifier Power & Ground Cable;electronics-vehicle-electronics-car-electronics-accessories-car-audio-video-?nstallation-products-car-amplifier-?nstallation-products-Car Amplifier Power & Ground Cable;;99bf7372-f131-420a-b731-c42657b6315a;True;0;True
Car Amplifier Power-Cable Terminals;electronics-vehicle-electronics-car-electronics-accessories-car-audio-video-?nstallation-products-car-amplifier-?nstallation-products-Car Amplifier Power-Cable Terminals;;99bf7372-f131-420a-b731-c42657b6315a;True;0;True
Car Amplifier Wiring Kits;electronics-vehicle-electronics-car-electronics-accessories-car-audio-video-?nstallation-products-car-amplifier-?nstallation-products-Car Amplifier Wiring Kits;;99bf7372-f131-420a-b731-c42657b6315a;True;0;True
Car Speaker Bass Blockers;electronics-vehicle-electronics-car-electronics-accessories-car-audio-video-?nstallation-products-car-electronics-speaker-?nstallation-Car Speaker Bass Blockers;;cf212d95-b689-4d78-9da9-74a7f920294d;True;0;True
Car Speaker Wire;electronics-vehicle-electronics-car-electronics-accessories-car-audio-video-?nstallation-products-car-electronics-speaker-?nstallation-Car Speaker Wire;;cf212d95-b689-4d78-9da9-74a7f920294d;True;0;True
Car Dual-Channel Amplifiers;electronics-vehicle-electronics-car-electronics-car-audio-car-amplifiers-Car Dual-Channel Amplifiers;;873fe07c-f2a9-4def-bacc-a49383b98bb0;True;0;True
Car Mono Amplifiers;electronics-vehicle-electronics-car-electronics-car-audio-car-amplifiers-Car Mono Amplifiers;;873fe07c-f2a9-4def-bacc-a49383b98bb0;True;0;True
Car Multichannel Amplifiers;electronics-vehicle-electronics-car-electronics-car-audio-car-amplifiers-Car Multichannel Amplifiers;;873fe07c-f2a9-4def-bacc-a49383b98bb0;True;0;True
Car Component Subwoofers;electronics-vehicle-electronics-car-electronics-car-audio-car-audio-subwoofers-Car Component Subwoofers;;5cf3b42a-7c04-4cd5-996c-8b141643d6d7;True;0;True
Car Enclosed Subwoofer Systems;electronics-vehicle-electronics-car-electronics-car-audio-car-audio-subwoofers-Car Enclosed Subwoofer Systems;;5cf3b42a-7c04-4cd5-996c-8b141643d6d7;True;0;True
Car Subwoofer Boxes & Enclosures;electronics-vehicle-electronics-car-electronics-car-audio-car-audio-subwoofers-Car Subwoofer Boxes & Enclosures;;5cf3b42a-7c04-4cd5-996c-8b141643d6d7;True;0;True
Car Center-Channel Speakers;electronics-vehicle-electronics-car-electronics-car-audio-car-speakers-Car Center-Channel Speakers;;e3340d61-c21a-43b1-b819-167ebc244417;True;0;True
Car Coaxial Speakers;electronics-vehicle-electronics-car-electronics-car-audio-car-speakers-Car Coaxial Speakers;;e3340d61-c21a-43b1-b819-167ebc244417;True;0;True
Car Component Speakers;electronics-vehicle-electronics-car-electronics-car-audio-car-speakers-Car Component Speakers;;e3340d61-c21a-43b1-b819-167ebc244417;True;0;True
Car Kick-Panel Speaker Enclosures;electronics-vehicle-electronics-car-electronics-car-audio-car-speakers-Car Kick-Panel Speaker Enclosures;;e3340d61-c21a-43b1-b819-167ebc244417;True;0;True
Car Tweeters;electronics-vehicle-electronics-car-electronics-car-audio-car-speakers-Car Tweeters;;e3340d61-c21a-43b1-b819-167ebc244417;True;0;True
Fruit & Herbal Tea Blends;grocery-gourmet-food-beverages-coffee-tea-cocoa-tea-beverages-fruit-herbal-tea-Fruit & Herbal Tea Blends;;f31b2bdd-2807-42bb-846c-ab8449216a23;True;0;True
Fruit Tea;grocery-gourmet-food-beverages-coffee-tea-cocoa-tea-beverages-fruit-herbal-tea-Fruit Tea;;f31b2bdd-2807-42bb-846c-ab8449216a23;True;0;True
Dried Chanterelle Mushrooms;grocery-gourmet-food-fresh-produce-dried-fruits-vegetables-dried-vegetables-dried-mushrooms-Dried Chanterelle Mushrooms;;be3695b1-c61f-432b-981b-23986ec35679;True;0;True
Dried Eringi Mushrooms;grocery-gourmet-food-fresh-produce-dried-fruits-vegetables-dried-vegetables-dried-mushrooms-Dried Eringi Mushrooms;;be3695b1-c61f-432b-981b-23986ec35679;True;0;True
Dried Lobster Mushrooms;grocery-gourmet-food-fresh-produce-dried-fruits-vegetables-dried-vegetables-dried-mushrooms-Dried Lobster Mushrooms;;be3695b1-c61f-432b-981b-23986ec35679;True;0;True
Dried Maitake Mushrooms;grocery-gourmet-food-fresh-produce-dried-fruits-vegetables-dried-vegetables-dried-mushrooms-Dried Maitake Mushrooms;;be3695b1-c61f-432b-981b-23986ec35679;True;0;True
Dried Matsutake Mushrooms;grocery-gourmet-food-fresh-produce-dried-fruits-vegetables-dried-vegetables-dried-mushrooms-Dried Matsutake Mushrooms;;be3695b1-c61f-432b-981b-23986ec35679;True;0;True
Dried Morel Mushrooms;grocery-gourmet-food-fresh-produce-dried-fruits-vegetables-dried-vegetables-dried-mushrooms-Dried Morel Mushrooms;;be3695b1-c61f-432b-981b-23986ec35679;True;0;True
Dried Oyster Mushrooms;grocery-gourmet-food-fresh-produce-dried-fruits-vegetables-dried-vegetables-dried-mushrooms-Dried Oyster Mushrooms;;be3695b1-c61f-432b-981b-23986ec35679;True;0;True
Dried Porcini Mushrooms;grocery-gourmet-food-fresh-produce-dried-fruits-vegetables-dried-vegetables-dried-mushrooms-Dried Porcini Mushrooms;;be3695b1-c61f-432b-981b-23986ec35679;True;0;True
Dried Portabello Mushrooms;grocery-gourmet-food-fresh-produce-dried-fruits-vegetables-dried-vegetables-dried-mushrooms-Dried Portabello Mushrooms;;be3695b1-c61f-432b-981b-23986ec35679;True;0;True
Dried Shiitake Mushrooms;grocery-gourmet-food-fresh-produce-dried-fruits-vegetables-dried-vegetables-dried-mushrooms-Dried Shiitake Mushrooms;;be3695b1-c61f-432b-981b-23986ec35679;True;0;True
Dried Truffles;grocery-gourmet-food-fresh-produce-dried-fruits-vegetables-dried-vegetables-dried-mushrooms-Dried Truffles;;be3695b1-c61f-432b-981b-23986ec35679;True;0;True
Dried Woodear Mushrooms;grocery-gourmet-food-fresh-produce-dried-fruits-vegetables-dried-vegetables-dried-mushrooms-Dried Woodear Mushrooms;;be3695b1-c61f-432b-981b-23986ec35679;True;0;True
Fresh Ruby Red Grapefruit;grocery-gourmet-food-fresh-produce-fresh-fruits-fresh-citrus-fruits-fresh-grapefruit-Fresh Ruby Red Grapefruit;;6b94c742-ebd8-40ca-94e4-2a82852d1456;True;0;True
Fresh Clementines;grocery-gourmet-food-fresh-produce-fresh-fruits-fresh-citrus-fruits-fresh-mandarian-oranges-Fresh Clementines;;d0bf9ad8-72b4-46a2-a499-90742f0ec5ec;True;0;True
Fresh Satsuma Oranges;grocery-gourmet-food-fresh-produce-fresh-fruits-fresh-citrus-fruits-fresh-mandarian-oranges-Fresh Satsuma Oranges;;d0bf9ad8-72b4-46a2-a499-90742f0ec5ec;True;0;True
Fresh Cayenne Peppers;grocery-gourmet-food-fresh-produce-fresh-vegetables-fresh-peppers-fresh-chili-peppers-Fresh Cayenne Peppers;;70fac848-d4fd-49b1-97ff-e15de36930ba;True;0;True
Fresh Cherry Peppers;grocery-gourmet-food-fresh-produce-fresh-vegetables-fresh-peppers-fresh-chili-peppers-Fresh Cherry Peppers;;70fac848-d4fd-49b1-97ff-e15de36930ba;True;0;True
Fresh Jalapenos Peppers;grocery-gourmet-food-fresh-produce-fresh-vegetables-fresh-peppers-fresh-chili-peppers-Fresh Jalapenos Peppers;;70fac848-d4fd-49b1-97ff-e15de36930ba;True;0;True
Fresh Thai Chili Peppers;grocery-gourmet-food-fresh-produce-fresh-vegetables-fresh-peppers-fresh-chili-peppers-Fresh Thai Chili Peppers;;70fac848-d4fd-49b1-97ff-e15de36930ba;True;0;True
Anchovies;grocery-gourmet-food-meat-seafood-seafood-fresh-seafood-fresh-fish-Anchovies;;00520753-ca81-4bb2-ae2f-1c5ba49ba8dd;True;0;True
Catfish;grocery-gourmet-food-meat-seafood-seafood-fresh-seafood-fresh-fish-Catfish;;00520753-ca81-4bb2-ae2f-1c5ba49ba8dd;True;0;True
Cod;grocery-gourmet-food-meat-seafood-seafood-fresh-seafood-fresh-fish-Cod;;00520753-ca81-4bb2-ae2f-1c5ba49ba8dd;True;0;True
Flounder;grocery-gourmet-food-meat-seafood-seafood-fresh-seafood-fresh-fish-Flounder;;00520753-ca81-4bb2-ae2f-1c5ba49ba8dd;True;0;True
Haddock;grocery-gourmet-food-meat-seafood-seafood-fresh-seafood-fresh-fish-Haddock;;00520753-ca81-4bb2-ae2f-1c5ba49ba8dd;True;0;True
Mahi Mahi;grocery-gourmet-food-meat-seafood-seafood-fresh-seafood-fresh-fish-Mahi Mahi;;00520753-ca81-4bb2-ae2f-1c5ba49ba8dd;True;0;True
Salmon;grocery-gourmet-food-meat-seafood-seafood-fresh-seafood-fresh-fish-Salmon;;00520753-ca81-4bb2-ae2f-1c5ba49ba8dd;True;0;True
Sardines;grocery-gourmet-food-meat-seafood-seafood-fresh-seafood-fresh-fish-Sardines;;00520753-ca81-4bb2-ae2f-1c5ba49ba8dd;True;0;True
Sea Bass Fish;grocery-gourmet-food-meat-seafood-seafood-fresh-seafood-fresh-fish-Sea Bass Fish;;00520753-ca81-4bb2-ae2f-1c5ba49ba8dd;True;0;True
Swordfish;grocery-gourmet-food-meat-seafood-seafood-fresh-seafood-fresh-fish-Swordfish;;00520753-ca81-4bb2-ae2f-1c5ba49ba8dd;True;0;True
Tilapia;grocery-gourmet-food-meat-seafood-seafood-fresh-seafood-fresh-fish-Tilapia;;00520753-ca81-4bb2-ae2f-1c5ba49ba8dd;True;0;True
Tuna;grocery-gourmet-food-meat-seafood-seafood-fresh-seafood-fresh-fish-Tuna;;00520753-ca81-4bb2-ae2f-1c5ba49ba8dd;True;0;True
Clams;grocery-gourmet-food-meat-seafood-seafood-fresh-seafood-fresh-shellfish-Clams;;38f7d8d4-f1de-4eda-afcf-8bf23c86b2ee;True;0;True
Crab;grocery-gourmet-food-meat-seafood-seafood-fresh-seafood-fresh-shellfish-Crab;;38f7d8d4-f1de-4eda-afcf-8bf23c86b2ee;True;0;True
Lobster;grocery-gourmet-food-meat-seafood-seafood-fresh-seafood-fresh-shellfish-Lobster;;38f7d8d4-f1de-4eda-afcf-8bf23c86b2ee;True;0;True
Mussels;grocery-gourmet-food-meat-seafood-seafood-fresh-seafood-fresh-shellfish-Mussels;;38f7d8d4-f1de-4eda-afcf-8bf23c86b2ee;True;0;True
Oysters;grocery-gourmet-food-meat-seafood-seafood-fresh-seafood-fresh-shellfish-Oysters;;38f7d8d4-f1de-4eda-afcf-8bf23c86b2ee;True;0;True
Scallops;grocery-gourmet-food-meat-seafood-seafood-fresh-seafood-fresh-shellfish-Scallops;;38f7d8d4-f1de-4eda-afcf-8bf23c86b2ee;True;0;True
Shrimp & Prawns;grocery-gourmet-food-meat-seafood-seafood-fresh-seafood-fresh-shellfish-Shrimp & Prawns;;38f7d8d4-f1de-4eda-afcf-8bf23c86b2ee;True;0;True
Canned & Jarred Blueberries;grocery-gourmet-food-pantry-staples-canned-jarred-packaged-foods-canned-jarred-fruits-canned-jarred-berries-Canned & Jarred Blueberries;;27eb2af8-4aa6-4b96-b9cf-d5b69953753a;True;0;True
Canned & Jarred Cranberries;grocery-gourmet-food-pantry-staples-canned-jarred-packaged-foods-canned-jarred-fruits-canned-jarred-berries-Canned & Jarred Cranberries;;27eb2af8-4aa6-4b96-b9cf-d5b69953753a;True;0;True
Canned & Jarred Raspberries;grocery-gourmet-food-pantry-staples-canned-jarred-packaged-foods-canned-jarred-fruits-canned-jarred-berries-Canned & Jarred Raspberries;;27eb2af8-4aa6-4b96-b9cf-d5b69953753a;True;0;True
Canned & Jarred Strawberries;grocery-gourmet-food-pantry-staples-canned-jarred-packaged-foods-canned-jarred-fruits-canned-jarred-berries-Canned & Jarred Strawberries;;27eb2af8-4aa6-4b96-b9cf-d5b69953753a;True;0;True
Canned & Jarred Crushed Tomatoes;grocery-gourmet-food-pantry-staples-canned-jarred-packaged-foods-canned-jarred-vegetables-canned-jarred-tomatoes-Canned & Jarred Crushed Tomatoes;;545aeef4-d6ce-42f4-ad6e-1d185f51075d;True;0;True
Canned & Jarred Diced Tomatoes;grocery-gourmet-food-pantry-staples-canned-jarred-packaged-foods-canned-jarred-vegetables-canned-jarred-tomatoes-Canned & Jarred Diced Tomatoes;;545aeef4-d6ce-42f4-ad6e-1d185f51075d;True;0;True
Canned & Jarred Peeled Tomatoes;grocery-gourmet-food-pantry-staples-canned-jarred-packaged-foods-canned-jarred-vegetables-canned-jarred-tomatoes-Canned & Jarred Peeled Tomatoes;;545aeef4-d6ce-42f4-ad6e-1d185f51075d;True;0;True
Canned & Jarred Stewed Tomatoes;grocery-gourmet-food-pantry-staples-canned-jarred-packaged-foods-canned-jarred-vegetables-canned-jarred-tomatoes-Canned & Jarred Stewed Tomatoes;;545aeef4-d6ce-42f4-ad6e-1d185f51075d;True;0;True
Canned & Jarred Sun-Dried Tomatoes;grocery-gourmet-food-pantry-staples-canned-jarred-packaged-foods-canned-jarred-vegetables-canned-jarred-tomatoes-Canned & Jarred Sun-Dried Tomatoes;;545aeef4-d6ce-42f4-ad6e-1d185f51075d;True;0;True
Canned & Jarred Tomato Pastes;grocery-gourmet-food-pantry-staples-canned-jarred-packaged-foods-canned-jarred-vegetables-canned-jarred-tomatoes-Canned & Jarred Tomato Pastes;;545aeef4-d6ce-42f4-ad6e-1d185f51075d;True;0;True
Canned & Jarred Tomato Sauces;grocery-gourmet-food-pantry-staples-canned-jarred-packaged-foods-canned-jarred-vegetables-canned-jarred-tomatoes-Canned & Jarred Tomato Sauces;;545aeef4-d6ce-42f4-ad6e-1d185f51075d;True;0;True
Sun-Dried Tomato Pastes;grocery-gourmet-food-pantry-staples-canned-jarred-packaged-foods-canned-jarred-vegetables-canned-jarred-tomatoes-Sun-Dried Tomato Pastes;;545aeef4-d6ce-42f4-ad6e-1d185f51075d;True;0;True
Packaged Potato Side Dishes;grocery-gourmet-food-pantry-staples-canned-jarred-packaged-foods-packaged-meals-side-dishes-packaged-potatoes-stuffings-Packaged Potato Side Dishes;;be78a028-dfab-4b44-b57f-f3f104016d83;True;0;True
Packaged Stuffing Side Dishes;grocery-gourmet-food-pantry-staples-canned-jarred-packaged-foods-packaged-meals-side-dishes-packaged-potatoes-stuffings-Packaged Stuffing Side Dishes;;be78a028-dfab-4b44-b57f-f3f104016d83;True;0;True
Packaged Dirty Rice;grocery-gourmet-food-pantry-staples-canned-jarred-packaged-foods-packaged-meals-side-dishes-packaged-rice-dishes-Packaged Dirty Rice;;672fa560-4513-434a-80ea-bddcddc79fb6;True;0;True
Packaged Jambalaya;grocery-gourmet-food-pantry-staples-canned-jarred-packaged-foods-packaged-meals-side-dishes-packaged-rice-dishes-Packaged Jambalaya;;672fa560-4513-434a-80ea-bddcddc79fb6;True;0;True
Packaged Paella;grocery-gourmet-food-pantry-staples-canned-jarred-packaged-foods-packaged-meals-side-dishes-packaged-rice-dishes-Packaged Paella;;672fa560-4513-434a-80ea-bddcddc79fb6;True;0;True
Packaged Pilaf;grocery-gourmet-food-pantry-staples-canned-jarred-packaged-foods-packaged-meals-side-dishes-packaged-rice-dishes-Packaged Pilaf;;672fa560-4513-434a-80ea-bddcddc79fb6;True;0;True
Packaged Risotto;grocery-gourmet-food-pantry-staples-canned-jarred-packaged-foods-packaged-meals-side-dishes-packaged-rice-dishes-Packaged Risotto;;672fa560-4513-434a-80ea-bddcddc79fb6;True;0;True
Packaged Seasoned Rice;grocery-gourmet-food-pantry-staples-canned-jarred-packaged-foods-packaged-meals-side-dishes-packaged-rice-dishes-Packaged Seasoned Rice;;672fa560-4513-434a-80ea-bddcddc79fb6;True;0;True
Canned & Jarred Clams;grocery-gourmet-food-pantry-staples-canned-jarred-packaged-foods-packaged-meat,-poultry-seafood-canned-jarred-seafood-Canned & Jarred Clams;;4b8ac98c-1fdd-4f58-800b-04fc07fb19a6;True;0;True
Canned & Jarred Mussels & Cockles;grocery-gourmet-food-pantry-staples-canned-jarred-packaged-foods-packaged-meat,-poultry-seafood-canned-jarred-seafood-Canned & Jarred Mussels & Cockles;;4b8ac98c-1fdd-4f58-800b-04fc07fb19a6;True;0;True
Canned & Jarred Oysters;grocery-gourmet-food-pantry-staples-canned-jarred-packaged-foods-packaged-meat,-poultry-seafood-canned-jarred-seafood-Canned & Jarred Oysters;;4b8ac98c-1fdd-4f58-800b-04fc07fb19a6;True;0;True
Canned & Jarred Trout;grocery-gourmet-food-pantry-staples-canned-jarred-packaged-foods-packaged-meat,-poultry-seafood-canned-jarred-seafood-Canned & Jarred Trout;;4b8ac98c-1fdd-4f58-800b-04fc07fb19a6;True;0;True
Canned & Packaged Caviars & Roes;grocery-gourmet-food-pantry-staples-canned-jarred-packaged-foods-packaged-meat,-poultry-seafood-canned-jarred-seafood-Canned & Packaged Caviars & Roes;;4b8ac98c-1fdd-4f58-800b-04fc07fb19a6;True;0;True
Canned & Packaged Mackerel;grocery-gourmet-food-pantry-staples-canned-jarred-packaged-foods-packaged-meat,-poultry-seafood-canned-jarred-seafood-Canned & Packaged Mackerel;;4b8ac98c-1fdd-4f58-800b-04fc07fb19a6;True;0;True
Canned & Packaged Salmon;grocery-gourmet-food-pantry-staples-canned-jarred-packaged-foods-packaged-meat,-poultry-seafood-canned-jarred-seafood-Canned & Packaged Salmon;;4b8ac98c-1fdd-4f58-800b-04fc07fb19a6;True;0;True
Canned & Packaged Sardines;grocery-gourmet-food-pantry-staples-canned-jarred-packaged-foods-packaged-meat,-poultry-seafood-canned-jarred-seafood-Canned & Packaged Sardines;;4b8ac98c-1fdd-4f58-800b-04fc07fb19a6;True;0;True
Packaged Anchovies;grocery-gourmet-food-pantry-staples-canned-jarred-packaged-foods-packaged-meat,-poultry-seafood-canned-jarred-seafood-Packaged Anchovies;;4b8ac98c-1fdd-4f58-800b-04fc07fb19a6;True;0;True
Packaged Crabmeat;grocery-gourmet-food-pantry-staples-canned-jarred-packaged-foods-packaged-meat,-poultry-seafood-canned-jarred-seafood-Packaged Crabmeat;;4b8ac98c-1fdd-4f58-800b-04fc07fb19a6;True;0;True
Packaged Pickled Herrings;grocery-gourmet-food-pantry-staples-canned-jarred-packaged-foods-packaged-meat,-poultry-seafood-canned-jarred-seafood-Packaged Pickled Herrings;;4b8ac98c-1fdd-4f58-800b-04fc07fb19a6;True;0;True
Packaged Tuna Fish;grocery-gourmet-food-pantry-staples-canned-jarred-packaged-foods-packaged-meat,-poultry-seafood-canned-jarred-seafood-Packaged Tuna Fish;;4b8ac98c-1fdd-4f58-800b-04fc07fb19a6;True;0;True
Balsamic Vinaigrette Salad Dressings;grocery-gourmet-food-pantry-staples-condiments-salad-dressings-salad-dressings-vinaigrette-salad-dressings-Balsamic Vinaigrette Salad Dressings;;bdde1b1d-d85c-40fb-bb9a-f38cc1c1aa5e;True;0;True
Garlic Vinaigrette Salad Dressings;grocery-gourmet-food-pantry-staples-condiments-salad-dressings-salad-dressings-vinaigrette-salad-dressings-Garlic Vinaigrette Salad Dressings;;bdde1b1d-d85c-40fb-bb9a-f38cc1c1aa5e;True;0;True
Raspberry Vinaigrette Salad Dressings;grocery-gourmet-food-pantry-staples-condiments-salad-dressings-salad-dressings-vinaigrette-salad-dressings-Raspberry Vinaigrette Salad Dressings;;bdde1b1d-d85c-40fb-bb9a-f38cc1c1aa5e;True;0;True
Sesame Vinaigrette Salad Dressings;grocery-gourmet-food-pantry-staples-condiments-salad-dressings-salad-dressings-vinaigrette-salad-dressings-Sesame Vinaigrette Salad Dressings;;bdde1b1d-d85c-40fb-bb9a-f38cc1c1aa5e;True;0;True
Wine Vinaigrette Salad Dressings;grocery-gourmet-food-pantry-staples-condiments-salad-dressings-salad-dressings-vinaigrette-salad-dressings-Wine Vinaigrette Salad Dressings;;bdde1b1d-d85c-40fb-bb9a-f38cc1c1aa5e;True;0;True
Almond Oils;grocery-gourmet-food-pantry-staples-cooking-baking-grocery-supplies-cooking-oils,-vinegars-sprays-cooking-baking-oils-Almond Oils;;718e77e0-bca4-4d01-9f64-62e96f4fdaa7;True;0;True
Avocado Oils;grocery-gourmet-food-pantry-staples-cooking-baking-grocery-supplies-cooking-oils,-vinegars-sprays-cooking-baking-oils-Avocado Oils;;718e77e0-bca4-4d01-9f64-62e96f4fdaa7;True;0;True
Canola Oils;grocery-gourmet-food-pantry-staples-cooking-baking-grocery-supplies-cooking-oils,-vinegars-sprays-cooking-baking-oils-Canola Oils;;718e77e0-bca4-4d01-9f64-62e96f4fdaa7;True;0;True
Coconut Oils;grocery-gourmet-food-pantry-staples-cooking-baking-grocery-supplies-cooking-oils,-vinegars-sprays-cooking-baking-oils-Coconut Oils;;718e77e0-bca4-4d01-9f64-62e96f4fdaa7;True;0;True
Corn Oils;grocery-gourmet-food-pantry-staples-cooking-baking-grocery-supplies-cooking-oils,-vinegars-sprays-cooking-baking-oils-Corn Oils;;718e77e0-bca4-4d01-9f64-62e96f4fdaa7;True;0;True
Flaxseed Oils;grocery-gourmet-food-pantry-staples-cooking-baking-grocery-supplies-cooking-oils,-vinegars-sprays-cooking-baking-oils-Flaxseed Oils;;718e77e0-bca4-4d01-9f64-62e96f4fdaa7;True;0;True
Grapeseed Oils;grocery-gourmet-food-pantry-staples-cooking-baking-grocery-supplies-cooking-oils,-vinegars-sprays-cooking-baking-oils-Grapeseed Oils;;718e77e0-bca4-4d01-9f64-62e96f4fdaa7;True;0;True
Hazelnut Oils;grocery-gourmet-food-pantry-staples-cooking-baking-grocery-supplies-cooking-oils,-vinegars-sprays-cooking-baking-oils-Hazelnut Oils;;718e77e0-bca4-4d01-9f64-62e96f4fdaa7;True;0;True
Olive Oils;grocery-gourmet-food-pantry-staples-cooking-baking-grocery-supplies-cooking-oils,-vinegars-sprays-cooking-baking-oils-Olive Oils;;718e77e0-bca4-4d01-9f64-62e96f4fdaa7;True;0;True
Peanut Oils;grocery-gourmet-food-pantry-staples-cooking-baking-grocery-supplies-cooking-oils,-vinegars-sprays-cooking-baking-oils-Peanut Oils;;718e77e0-bca4-4d01-9f64-62e96f4fdaa7;True;0;True
Safflower Oils;grocery-gourmet-food-pantry-staples-cooking-baking-grocery-supplies-cooking-oils,-vinegars-sprays-cooking-baking-oils-Safflower Oils;;718e77e0-bca4-4d01-9f64-62e96f4fdaa7;True;0;True
Sesame Oils;grocery-gourmet-food-pantry-staples-cooking-baking-grocery-supplies-cooking-oils,-vinegars-sprays-cooking-baking-oils-Sesame Oils;;718e77e0-bca4-4d01-9f64-62e96f4fdaa7;True;0;True
Soybean Oils;grocery-gourmet-food-pantry-staples-cooking-baking-grocery-supplies-cooking-oils,-vinegars-sprays-cooking-baking-oils-Soybean Oils;;718e77e0-bca4-4d01-9f64-62e96f4fdaa7;True;0;True
Sunflower Oils;grocery-gourmet-food-pantry-staples-cooking-baking-grocery-supplies-cooking-oils,-vinegars-sprays-cooking-baking-oils-Sunflower Oils;;718e77e0-bca4-4d01-9f64-62e96f4fdaa7;True;0;True
Truffle Oils;grocery-gourmet-food-pantry-staples-cooking-baking-grocery-supplies-cooking-oils,-vinegars-sprays-cooking-baking-oils-Truffle Oils;;718e77e0-bca4-4d01-9f64-62e96f4fdaa7;True;0;True
Vegetable Oils;grocery-gourmet-food-pantry-staples-cooking-baking-grocery-supplies-cooking-oils,-vinegars-sprays-cooking-baking-oils-Vegetable Oils;;718e77e0-bca4-4d01-9f64-62e96f4fdaa7;True;0;True
Walnut Oils;grocery-gourmet-food-pantry-staples-cooking-baking-grocery-supplies-cooking-oils,-vinegars-sprays-cooking-baking-oils-Walnut Oils;;718e77e0-bca4-4d01-9f64-62e96f4fdaa7;True;0;True
Apple Cider Vinegars;grocery-gourmet-food-pantry-staples-cooking-baking-grocery-supplies-cooking-oils,-vinegars-sprays-cooking-baking-vinegars-Apple Cider Vinegars;;ea7bb7be-cfa3-47d8-a291-83f92ff8501c;True;0;True
Balsamic Vinegars;grocery-gourmet-food-pantry-staples-cooking-baking-grocery-supplies-cooking-oils,-vinegars-sprays-cooking-baking-vinegars-Balsamic Vinegars;;ea7bb7be-cfa3-47d8-a291-83f92ff8501c;True;0;True
Fruit Vinegars;grocery-gourmet-food-pantry-staples-cooking-baking-grocery-supplies-cooking-oils,-vinegars-sprays-cooking-baking-vinegars-Fruit Vinegars;;ea7bb7be-cfa3-47d8-a291-83f92ff8501c;True;0;True
Malt Vinegars;grocery-gourmet-food-pantry-staples-cooking-baking-grocery-supplies-cooking-oils,-vinegars-sprays-cooking-baking-vinegars-Malt Vinegars;;ea7bb7be-cfa3-47d8-a291-83f92ff8501c;True;0;True
Red Wine Vinegars;grocery-gourmet-food-pantry-staples-cooking-baking-grocery-supplies-cooking-oils,-vinegars-sprays-cooking-baking-vinegars-Red Wine Vinegars;;ea7bb7be-cfa3-47d8-a291-83f92ff8501c;True;0;True
Rice Vinegar;grocery-gourmet-food-pantry-staples-cooking-baking-grocery-supplies-cooking-oils,-vinegars-sprays-cooking-baking-vinegars-Rice Vinegar;;ea7bb7be-cfa3-47d8-a291-83f92ff8501c;True;0;True
White Vinegars;grocery-gourmet-food-pantry-staples-cooking-baking-grocery-supplies-cooking-oils,-vinegars-sprays-cooking-baking-vinegars-White Vinegars;;ea7bb7be-cfa3-47d8-a291-83f92ff8501c;True;0;True
White Wine Vinegars;grocery-gourmet-food-pantry-staples-cooking-baking-grocery-supplies-cooking-oils,-vinegars-sprays-cooking-baking-vinegars-White Wine Vinegars;;ea7bb7be-cfa3-47d8-a291-83f92ff8501c;True;0;True
Brown Sugar;grocery-gourmet-food-pantry-staples-cooking-baking-grocery-supplies-syrups,-sugars-sweeteners-sugars-Brown Sugar;;0e699a6a-a36e-4d66-9d09-201883e058eb;True;0;True
Brown Sugar;grocery-gourmet-food-pantry-staples-cooking-baking-grocery-supplies-syrups,-sugars-sweeteners-sugars-Brown Sugar;;0e699a6a-a36e-4d66-9d09-201883e058eb;True;0;True
Brown Sugar;grocery-gourmet-food-pantry-staples-cooking-baking-grocery-supplies-syrups,-sugars-sweeteners-sugars-Brown Sugar;;0e699a6a-a36e-4d66-9d09-201883e058eb;True;0;True
Brown Sugar;grocery-gourmet-food-pantry-staples-cooking-baking-grocery-supplies-syrups,-sugars-sweeteners-sugars-Brown Sugar;;0e699a6a-a36e-4d66-9d09-201883e058eb;True;0;True
Brown Sugar;grocery-gourmet-food-pantry-staples-cooking-baking-grocery-supplies-syrups,-sugars-sweeteners-sugars-Brown Sugar;;0e699a6a-a36e-4d66-9d09-201883e058eb;True;0;True
Coarse Sugar;grocery-gourmet-food-pantry-staples-cooking-baking-grocery-supplies-syrups,-sugars-sweeteners-sugars-Coarse Sugar;;0e699a6a-a36e-4d66-9d09-201883e058eb;True;0;True
Coconut Sugar;grocery-gourmet-food-pantry-staples-cooking-baking-grocery-supplies-syrups,-sugars-sweeteners-sugars-Coconut Sugar;;0e699a6a-a36e-4d66-9d09-201883e058eb;True;0;True
Maple Sugar;grocery-gourmet-food-pantry-staples-cooking-baking-grocery-supplies-syrups,-sugars-sweeteners-sugars-Maple Sugar;;0e699a6a-a36e-4d66-9d09-201883e058eb;True;0;True
Rock Sugar;grocery-gourmet-food-pantry-staples-cooking-baking-grocery-supplies-syrups,-sugars-sweeteners-sugars-Rock Sugar;;0e699a6a-a36e-4d66-9d09-201883e058eb;True;0;True
Sugar Cubes;grocery-gourmet-food-pantry-staples-cooking-baking-grocery-supplies-syrups,-sugars-sweeteners-sugars-Sugar Cubes;;0e699a6a-a36e-4d66-9d09-201883e058eb;True;0;True
Vanilla Sugar;grocery-gourmet-food-pantry-staples-cooking-baking-grocery-supplies-syrups,-sugars-sweeteners-sugars-Vanilla Sugar;;0e699a6a-a36e-4d66-9d09-201883e058eb;True;0;True
White Sugars;grocery-gourmet-food-pantry-staples-cooking-baking-grocery-supplies-syrups,-sugars-sweeteners-sugars-White Sugars;;0e699a6a-a36e-4d66-9d09-201883e058eb;True;0;True
White Sugars;grocery-gourmet-food-pantry-staples-cooking-baking-grocery-supplies-syrups,-sugars-sweeteners-sugars-White Sugars;;0e699a6a-a36e-4d66-9d09-201883e058eb;True;0;True
White Sugars;grocery-gourmet-food-pantry-staples-cooking-baking-grocery-supplies-syrups,-sugars-sweeteners-sugars-White Sugars;;0e699a6a-a36e-4d66-9d09-201883e058eb;True;0;True
White Sugars;grocery-gourmet-food-pantry-staples-cooking-baking-grocery-supplies-syrups,-sugars-sweeteners-sugars-White Sugars;;0e699a6a-a36e-4d66-9d09-201883e058eb;True;0;True
White Sugars;grocery-gourmet-food-pantry-staples-cooking-baking-grocery-supplies-syrups,-sugars-sweeteners-sugars-White Sugars;;0e699a6a-a36e-4d66-9d09-201883e058eb;True;0;True
Chile Paste;grocery-gourmet-food-pantry-staples-sauces-gravies-marinades-sauces-asian-sauces-Chile Paste;;30f150e9-cb90-400a-983d-e511c0229d8d;True;0;True
Chili Sauces;grocery-gourmet-food-pantry-staples-sauces-gravies-marinades-sauces-asian-sauces-Chili Sauces;;30f150e9-cb90-400a-983d-e511c0229d8d;True;0;True
Coconut Sauce;grocery-gourmet-food-pantry-staples-sauces-gravies-marinades-sauces-asian-sauces-Coconut Sauce;;30f150e9-cb90-400a-983d-e511c0229d8d;True;0;True
Curry Sauce;grocery-gourmet-food-pantry-staples-sauces-gravies-marinades-sauces-asian-sauces-Curry Sauce;;30f150e9-cb90-400a-983d-e511c0229d8d;True;0;True
Fish Sauces;grocery-gourmet-food-pantry-staples-sauces-gravies-marinades-sauces-asian-sauces-Fish Sauces;;30f150e9-cb90-400a-983d-e511c0229d8d;True;0;True
Oyster Sauces;grocery-gourmet-food-pantry-staples-sauces-gravies-marinades-sauces-asian-sauces-Oyster Sauces;;30f150e9-cb90-400a-983d-e511c0229d8d;True;0;True
Peanut Sauce;grocery-gourmet-food-pantry-staples-sauces-gravies-marinades-sauces-asian-sauces-Peanut Sauce;;30f150e9-cb90-400a-983d-e511c0229d8d;True;0;True
Plum Sauce;grocery-gourmet-food-pantry-staples-sauces-gravies-marinades-sauces-asian-sauces-Plum Sauce;;30f150e9-cb90-400a-983d-e511c0229d8d;True;0;True
Pomegranate Molasses;grocery-gourmet-food-pantry-staples-sauces-gravies-marinades-sauces-asian-sauces-Pomegranate Molasses;;30f150e9-cb90-400a-983d-e511c0229d8d;True;0;True
Satay Sauces;grocery-gourmet-food-pantry-staples-sauces-gravies-marinades-sauces-asian-sauces-Satay Sauces;;30f150e9-cb90-400a-983d-e511c0229d8d;True;0;True
Soy Sauce;grocery-gourmet-food-pantry-staples-sauces-gravies-marinades-sauces-asian-sauces-Soy Sauce;;30f150e9-cb90-400a-983d-e511c0229d8d;True;0;True
Stir-Fry Sauces;grocery-gourmet-food-pantry-staples-sauces-gravies-marinades-sauces-asian-sauces-Stir-Fry Sauces;;30f150e9-cb90-400a-983d-e511c0229d8d;True;0;True
Sweet & Sour Sauce;grocery-gourmet-food-pantry-staples-sauces-gravies-marinades-sauces-asian-sauces-Sweet & Sour Sauce;;30f150e9-cb90-400a-983d-e511c0229d8d;True;0;True
Teriyaki Sauce;grocery-gourmet-food-pantry-staples-sauces-gravies-marinades-sauces-asian-sauces-Teriyaki Sauce;;30f150e9-cb90-400a-983d-e511c0229d8d;True;0;True
Alfredo Sauces;grocery-gourmet-food-pantry-staples-sauces-gravies-marinades-sauces-?talian-sauces-Alfredo Sauces;;6047dede-0589-407f-88c5-276b16668afb;True;0;True
Marinara Sauces;grocery-gourmet-food-pantry-staples-sauces-gravies-marinades-sauces-?talian-sauces-Marinara Sauces;;6047dede-0589-407f-88c5-276b16668afb;True;0;True
Pesto Sauces;grocery-gourmet-food-pantry-staples-sauces-gravies-marinades-sauces-?talian-sauces-Pesto Sauces;;6047dede-0589-407f-88c5-276b16668afb;True;0;True
Pizza Sauces;grocery-gourmet-food-pantry-staples-sauces-gravies-marinades-sauces-?talian-sauces-Pizza Sauces;;6047dede-0589-407f-88c5-276b16668afb;True;0;True
Adobo Sauce;grocery-gourmet-food-pantry-staples-sauces-gravies-marinades-sauces-spanish-mexican-sauces-Adobo Sauce;;d177ff71-4c24-41dd-841d-fb297b089aac;True;0;True
Enchilada Sauce;grocery-gourmet-food-pantry-staples-sauces-gravies-marinades-sauces-spanish-mexican-sauces-Enchilada Sauce;;d177ff71-4c24-41dd-841d-fb297b089aac;True;0;True
Sofrito Sauces;grocery-gourmet-food-pantry-staples-sauces-gravies-marinades-sauces-spanish-mexican-sauces-Sofrito Sauces;;d177ff71-4c24-41dd-841d-fb297b089aac;True;0;True
Taco Sauce;grocery-gourmet-food-pantry-staples-sauces-gravies-marinades-sauces-spanish-mexican-sauces-Taco Sauce;;d177ff71-4c24-41dd-841d-fb297b089aac;True;0;True
Carrier Oils;health-household-health-care-products-alternative-medicine-products-aromatherapy-products-carrier-essential-oils-Carrier Oils;;80f91714-74ce-40d1-9d94-23c4b9424a8d;True;0;True
Essential Oil Blends;health-household-health-care-products-alternative-medicine-products-aromatherapy-products-carrier-essential-oils-Essential Oil Blends;;80f91714-74ce-40d1-9d94-23c4b9424a8d;True;0;True
Essential Oil Sets;health-household-health-care-products-alternative-medicine-products-aromatherapy-products-carrier-essential-oils-Essential Oil Sets;;80f91714-74ce-40d1-9d94-23c4b9424a8d;True;0;True
Essential Oil Singles;health-household-health-care-products-alternative-medicine-products-aromatherapy-products-carrier-essential-oils-Essential Oil Singles;;80f91714-74ce-40d1-9d94-23c4b9424a8d;True;0;True
First Aid Bandaging Pads;health-household-health-care-products-first-aid-supplies-bandages-bandaging-supplies-gauze-pads-First Aid Bandaging Pads;;0cdab136-6161-4729-8e95-d8175987d54e;True;0;True
First Aid Gauze;health-household-health-care-products-first-aid-supplies-bandages-bandaging-supplies-gauze-pads-First Aid Gauze;;0cdab136-6161-4729-8e95-d8175987d54e;True;0;True
Insect & Pest Repellent Body Treatments;health-household-health-care-products-first-aid-supplies-?tching-rash-treatments-?nsect-pest-repellents-Insect & Pest Repellent Body Treatments;;b27620a3-d24b-4f04-9b24-d300d060c006;True;0;True
Insect & Pest Repellent Body Treatments;health-household-health-care-products-first-aid-supplies-?tching-rash-treatments-?nsect-pest-repellents-Insect & Pest Repellent Body Treatments;;b27620a3-d24b-4f04-9b24-d300d060c006;True;0;True
Insect & Pest Repellent Body Treatments;health-household-health-care-products-first-aid-supplies-?tching-rash-treatments-?nsect-pest-repellents-Insect & Pest Repellent Body Treatments;;b27620a3-d24b-4f04-9b24-d300d060c006;True;0;True
Insect & Pest Repellent Body Treatments;health-household-health-care-products-first-aid-supplies-?tching-rash-treatments-?nsect-pest-repellents-Insect & Pest Repellent Body Treatments;;b27620a3-d24b-4f04-9b24-d300d060c006;True;0;True
Wearable Insect & Pest Repellents;health-household-health-care-products-first-aid-supplies-?tching-rash-treatments-?nsect-pest-repellents-Wearable Insect & Pest Repellents;;b27620a3-d24b-4f04-9b24-d300d060c006;True;0;True
Wearable Insect & Pest Repellents;health-household-health-care-products-first-aid-supplies-?tching-rash-treatments-?nsect-pest-repellents-Wearable Insect & Pest Repellents;;b27620a3-d24b-4f04-9b24-d300d060c006;True;0;True
Wearable Insect & Pest Repellents;health-household-health-care-products-first-aid-supplies-?tching-rash-treatments-?nsect-pest-repellents-Wearable Insect & Pest Repellents;;b27620a3-d24b-4f04-9b24-d300d060c006;True;0;True
Cough Drops;health-household-health-care-products-otc-medications-treatments-cough-cold-medicine-cough-sore-throat-medicine-Cough Drops;;fb5fc2c3-330b-4a89-9129-f03f6aa82421;True;0;True
Cough Syrups;health-household-health-care-products-otc-medications-treatments-cough-cold-medicine-cough-sore-throat-medicine-Cough Syrups;;fb5fc2c3-330b-4a89-9129-f03f6aa82421;True;0;True
Decongestant Sprays;health-household-health-care-products-otc-medications-treatments-cough-cold-medicine-nasal-sprays-drops-Decongestant Sprays;;d1e7bd51-0e82-4990-87d6-9309117168fb;True;0;True
Moisturizing Nasal Sprays;health-household-health-care-products-otc-medications-treatments-cough-cold-medicine-nasal-sprays-drops-Moisturizing Nasal Sprays;;d1e7bd51-0e82-4990-87d6-9309117168fb;True;0;True
Adhesive Heat Patches;health-household-health-care-products-otc-medications-treatments-pain-relief-medications-treatments-hot-cold-therapies-Adhesive Heat Patches;;71e84b14-bec3-4381-be53-1463231347cd;True;0;True
Cold Packs;health-household-health-care-products-otc-medications-treatments-pain-relief-medications-treatments-hot-cold-therapies-Cold Packs;;71e84b14-bec3-4381-be53-1463231347cd;True;0;True
Heating Pads;health-household-health-care-products-otc-medications-treatments-pain-relief-medications-treatments-hot-cold-therapies-Heating Pads;;71e84b14-bec3-4381-be53-1463231347cd;True;0;True
Hot Water Bottles;health-household-health-care-products-otc-medications-treatments-pain-relief-medications-treatments-hot-cold-therapies-Hot Water Bottles;;71e84b14-bec3-4381-be53-1463231347cd;True;0;True
Microwavable Heat Pads;health-household-health-care-products-otc-medications-treatments-pain-relief-medications-treatments-hot-cold-therapies-Microwavable Heat Pads;;71e84b14-bec3-4381-be53-1463231347cd;True;0;True
Joint & Muscle Pain Relief Medications;health-household-health-care-products-otc-medications-treatments-pain-relief-medications-treatments-joint-muscle-pain-relief-Joint & Muscle Pain Relief Medications;;e93526ba-f70b-4756-bca3-abde1a933334;True;0;True
Joint & Muscle Pain Relief Treatments;health-household-health-care-products-otc-medications-treatments-pain-relief-medications-treatments-joint-muscle-pain-relief-Joint & Muscle Pain Relief Treatments;;e93526ba-f70b-4756-bca3-abde1a933334;True;0;True
Joint & Muscle Pain Relief Treatments;health-household-health-care-products-otc-medications-treatments-pain-relief-medications-treatments-joint-muscle-pain-relief-Joint & Muscle Pain Relief Treatments;;e93526ba-f70b-4756-bca3-abde1a933334;True;0;True
Acetaminophen;health-household-health-care-products-otc-medications-treatments-pain-relief-medications-treatments-non-aspirin-pain-relievers-Acetaminophen;;7f749f41-0bab-4f45-be9a-96afa62f5133;True;0;True
Ibuprofen;health-household-health-care-products-otc-medications-treatments-pain-relief-medications-treatments-non-aspirin-pain-relievers-Ibuprofen;;7f749f41-0bab-4f45-be9a-96afa62f5133;True;0;True
Naproxen Sodium;health-household-health-care-products-otc-medications-treatments-pain-relief-medications-treatments-non-aspirin-pain-relievers-Naproxen Sodium;;7f749f41-0bab-4f45-be9a-96afa62f5133;True;0;True
Automatic Arm Blood Pressure Monitors;health-household-home-use-medical-supplies-equipment-activity-health-wellness-monitors-blood-pressure-monitors-arm-blood-pressure-monitors-Automatic Arm Blood Pressure Monitors;;ca2c5611-68a9-4931-a7af-d92aab2cf4f4;True;0;True
Manual Arm Blood Pressure Monitors;health-household-home-use-medical-supplies-equipment-activity-health-wellness-monitors-blood-pressure-monitors-arm-blood-pressure-monitors-Manual Arm Blood Pressure Monitors;;ca2c5611-68a9-4931-a7af-d92aab2cf4f4;True;0;True
Bath & Shower Grab Bars;health-household-home-use-medical-supplies-equipment-mobility-daily-living-aids-bathroom-safety,-aids-accessories-bath-shower-aids-Bath & Shower Grab Bars;;92f44ac0-1d5d-4c19-9d00-53f0147e76f9;True;0;True
Bath & Shower Safety Mats;health-household-home-use-medical-supplies-equipment-mobility-daily-living-aids-bathroom-safety,-aids-accessories-bath-shower-aids-Bath & Shower Safety Mats;;92f44ac0-1d5d-4c19-9d00-53f0147e76f9;True;0;True
Bath & Shower Safety Seating & Transfer Benches;health-household-home-use-medical-supplies-equipment-mobility-daily-living-aids-bathroom-safety,-aids-accessories-bath-shower-aids-Bath & Shower Safety Seating & Transfer Benches;;92f44ac0-1d5d-4c19-9d00-53f0147e76f9;True;0;True
Bathtub Lifts;health-household-home-use-medical-supplies-equipment-mobility-daily-living-aids-bathroom-safety,-aids-accessories-bath-shower-aids-Bathtub Lifts;;92f44ac0-1d5d-4c19-9d00-53f0147e76f9;True;0;True
Bathtub Safety Rails;health-household-home-use-medical-supplies-equipment-mobility-daily-living-aids-bathroom-safety,-aids-accessories-bath-shower-aids-Bathtub Safety Rails;;92f44ac0-1d5d-4c19-9d00-53f0147e76f9;True;0;True
Bedpans;health-household-home-use-medical-supplies-equipment-mobility-daily-living-aids-bathroom-safety,-aids-accessories-bedpans-urinals-Bedpans;;d17b5770-87c5-4b22-8d27-2c7ccc6ad6af;True;0;True
Female Urinals;health-household-home-use-medical-supplies-equipment-mobility-daily-living-aids-bathroom-safety,-aids-accessories-bedpans-urinals-Female Urinals;;d17b5770-87c5-4b22-8d27-2c7ccc6ad6af;True;0;True
Male Urinals;health-household-home-use-medical-supplies-equipment-mobility-daily-living-aids-bathroom-safety,-aids-accessories-bedpans-urinals-Male Urinals;;d17b5770-87c5-4b22-8d27-2c7ccc6ad6af;True;0;True
Bedside Commode Liners;health-household-home-use-medical-supplies-equipment-mobility-daily-living-aids-bathroom-safety,-aids-accessories-commodes-liners-Bedside Commode Liners;;8d7ea358-78b1-4cde-a58c-3198bb8a93e6;True;0;True
Bedside Commodes;health-household-home-use-medical-supplies-equipment-mobility-daily-living-aids-bathroom-safety,-aids-accessories-commodes-liners-Bedside Commodes;;8d7ea358-78b1-4cde-a58c-3198bb8a93e6;True;0;True
Rinse-Free Body Cleansers;health-household-home-use-medical-supplies-equipment-mobility-daily-living-aids-bathroom-safety,-aids-accessories-rinse-free-body-cleansers-wipes-Rinse-Free Body Cleansers;;bd24a4c6-58cf-4804-b269-c0641350a66a;True;0;True
Rinse-Free Body Wipes;health-household-home-use-medical-supplies-equipment-mobility-daily-living-aids-bathroom-safety,-aids-accessories-rinse-free-body-cleansers-wipes-Rinse-Free Body Wipes;;bd24a4c6-58cf-4804-b269-c0641350a66a;True;0;True
Daily Living Toilet Tissue Aids;health-household-home-use-medical-supplies-equipment-mobility-daily-living-aids-bathroom-safety,-aids-accessories-toilet-assistance-safety-aids-Daily Living Toilet Tissue Aids;;de00d438-eeeb-4410-b6de-ecdfd96e9632;True;0;True
Raised Toilet Seats;health-household-home-use-medical-supplies-equipment-mobility-daily-living-aids-bathroom-safety,-aids-accessories-toilet-assistance-safety-aids-Raised Toilet Seats;;de00d438-eeeb-4410-b6de-ecdfd96e9632;True;0;True
Toilet Assistance Cushions;health-household-home-use-medical-supplies-equipment-mobility-daily-living-aids-bathroom-safety,-aids-accessories-toilet-assistance-safety-aids-Toilet Assistance Cushions;;de00d438-eeeb-4410-b6de-ecdfd96e9632;True;0;True
Toilet Assistance Steps;health-household-home-use-medical-supplies-equipment-mobility-daily-living-aids-bathroom-safety,-aids-accessories-toilet-assistance-safety-aids-Toilet Assistance Steps;;de00d438-eeeb-4410-b6de-ecdfd96e9632;True;0;True
Toilet Safety Frames & Rails;health-household-home-use-medical-supplies-equipment-mobility-daily-living-aids-bathroom-safety,-aids-accessories-toilet-assistance-safety-aids-Toilet Safety Frames & Rails;;de00d438-eeeb-4410-b6de-ecdfd96e9632;True;0;True
Hearing Aid & Amplifier Cleaning Kits;health-household-home-use-medical-supplies-equipment-mobility-daily-living-aids-hearing-aids,-amplifiers-accessories-hearing-aid-amplifier-dryers-cleaners-Hearing Aid & Amplifier Cleaning Kits;;bd3d74ad-5a14-4490-a5f2-400389ceb621;True;0;True
Hearing Aid & Amplifier Dryers;health-household-home-use-medical-supplies-equipment-mobility-daily-living-aids-hearing-aids,-amplifiers-accessories-hearing-aid-amplifier-dryers-cleaners-Hearing Aid & Amplifier Dryers;;bd3d74ad-5a14-4490-a5f2-400389ceb621;True;0;True
Cane & Crutch Feet & Tips;health-household-home-use-medical-supplies-equipment-mobility-daily-living-aids-mobility-aids-equipment-canes,-crutches-accessories-Cane & Crutch Feet & Tips;;e0031e48-e742-422d-8edd-ce4dfacbc7e2;True;0;True
Crutch Accessories;health-household-home-use-medical-supplies-equipment-mobility-daily-living-aids-mobility-aids-equipment-canes,-crutches-accessories-Crutch Accessories;;e0031e48-e742-422d-8edd-ce4dfacbc7e2;True;0;True
Crutch Accessories;health-household-home-use-medical-supplies-equipment-mobility-daily-living-aids-mobility-aids-equipment-canes,-crutches-accessories-Crutch Accessories;;e0031e48-e742-422d-8edd-ce4dfacbc7e2;True;0;True
Crutch Accessories;health-household-home-use-medical-supplies-equipment-mobility-daily-living-aids-mobility-aids-equipment-canes,-crutches-accessories-Crutch Accessories;;e0031e48-e742-422d-8edd-ce4dfacbc7e2;True;0;True
Crutches;health-household-home-use-medical-supplies-equipment-mobility-daily-living-aids-mobility-aids-equipment-canes,-crutches-accessories-Crutches;;e0031e48-e742-422d-8edd-ce4dfacbc7e2;True;0;True
Walking Cane Accessories;health-household-home-use-medical-supplies-equipment-mobility-daily-living-aids-mobility-aids-equipment-canes,-crutches-accessories-Walking Cane Accessories;;e0031e48-e742-422d-8edd-ce4dfacbc7e2;True;0;True
Walking Cane Accessories;health-household-home-use-medical-supplies-equipment-mobility-daily-living-aids-mobility-aids-equipment-canes,-crutches-accessories-Walking Cane Accessories;;e0031e48-e742-422d-8edd-ce4dfacbc7e2;True;0;True
Walking Cane Accessories;health-household-home-use-medical-supplies-equipment-mobility-daily-living-aids-mobility-aids-equipment-canes,-crutches-accessories-Walking Cane Accessories;;e0031e48-e742-422d-8edd-ce4dfacbc7e2;True;0;True
Walking Cane Accessories;health-household-home-use-medical-supplies-equipment-mobility-daily-living-aids-mobility-aids-equipment-canes,-crutches-accessories-Walking Cane Accessories;;e0031e48-e742-422d-8edd-ce4dfacbc7e2;True;0;True
Walking Cane Accessories;health-household-home-use-medical-supplies-equipment-mobility-daily-living-aids-mobility-aids-equipment-canes,-crutches-accessories-Walking Cane Accessories;;e0031e48-e742-422d-8edd-ce4dfacbc7e2;True;0;True
Walking Canes;health-household-home-use-medical-supplies-equipment-mobility-daily-living-aids-mobility-aids-equipment-canes,-crutches-accessories-Walking Canes;;e0031e48-e742-422d-8edd-ce4dfacbc7e2;True;0;True
Rolling Walkers;health-household-home-use-medical-supplies-equipment-mobility-daily-living-aids-mobility-aids-equipment-walkers,-rollators-accessories-Rolling Walkers;;5f4f3ba0-594b-4c0a-9d6c-cf0ff82169da;True;0;True
Standard Walkers;health-household-home-use-medical-supplies-equipment-mobility-daily-living-aids-mobility-aids-equipment-walkers,-rollators-accessories-Standard Walkers;;5f4f3ba0-594b-4c0a-9d6c-cf0ff82169da;True;0;True
Walker & Rollator Accessory Sets;health-household-home-use-medical-supplies-equipment-mobility-daily-living-aids-mobility-aids-equipment-walkers,-rollators-accessories-Walker & Rollator Accessory Sets;;5f4f3ba0-594b-4c0a-9d6c-cf0ff82169da;True;0;True
Walker & Rollator Cup Holders;health-household-home-use-medical-supplies-equipment-mobility-daily-living-aids-mobility-aids-equipment-walkers,-rollators-accessories-Walker & Rollator Cup Holders;;5f4f3ba0-594b-4c0a-9d6c-cf0ff82169da;True;0;True
Walker & Rollator Seat & Roller Bar Covers;health-household-home-use-medical-supplies-equipment-mobility-daily-living-aids-mobility-aids-equipment-walkers,-rollators-accessories-Walker & Rollator Seat & Roller Bar Covers;;5f4f3ba0-594b-4c0a-9d6c-cf0ff82169da;True;0;True
Walker Accessories;health-household-home-use-medical-supplies-equipment-mobility-daily-living-aids-mobility-aids-equipment-walkers,-rollators-accessories-Walker Accessories;;5f4f3ba0-594b-4c0a-9d6c-cf0ff82169da;True;0;True
Walker Accessories;health-household-home-use-medical-supplies-equipment-mobility-daily-living-aids-mobility-aids-equipment-walkers,-rollators-accessories-Walker Accessories;;5f4f3ba0-594b-4c0a-9d6c-cf0ff82169da;True;0;True
Walker Accessories;health-household-home-use-medical-supplies-equipment-mobility-daily-living-aids-mobility-aids-equipment-walkers,-rollators-accessories-Walker Accessories;;5f4f3ba0-594b-4c0a-9d6c-cf0ff82169da;True;0;True
Walker Accessories;health-household-home-use-medical-supplies-equipment-mobility-daily-living-aids-mobility-aids-equipment-walkers,-rollators-accessories-Walker Accessories;;5f4f3ba0-594b-4c0a-9d6c-cf0ff82169da;True;0;True
Walker Accessories;health-household-home-use-medical-supplies-equipment-mobility-daily-living-aids-mobility-aids-equipment-walkers,-rollators-accessories-Walker Accessories;;5f4f3ba0-594b-4c0a-9d6c-cf0ff82169da;True;0;True
Power Scooter Accessories;health-household-home-use-medical-supplies-equipment-mobility-daily-living-aids-mobility-aids-equipment-wheelchairs,-mobility-scooters-accessories-Power Scooter Accessories;;042126c7-300a-4a34-8db4-94908b51744e;True;0;True
Powered Mobility Scooters;health-household-home-use-medical-supplies-equipment-mobility-daily-living-aids-mobility-aids-equipment-wheelchairs,-mobility-scooters-accessories-Powered Mobility Scooters;;042126c7-300a-4a34-8db4-94908b51744e;True;0;True
Wheelchair & Mobility Scooter Accessories & Parts;health-household-home-use-medical-supplies-equipment-mobility-daily-living-aids-mobility-aids-equipment-wheelchairs,-mobility-scooters-accessories-Wheelchair & Mobility Scooter Accessories & Parts;;042126c7-300a-4a34-8db4-94908b51744e;True;0;True
Wheelchair & Mobility Scooter Accessories & Parts;health-household-home-use-medical-supplies-equipment-mobility-daily-living-aids-mobility-aids-equipment-wheelchairs,-mobility-scooters-accessories-Wheelchair & Mobility Scooter Accessories & Parts;;042126c7-300a-4a34-8db4-94908b51744e;True;0;True
Wheelchair & Mobility Scooter Accessories & Parts;health-household-home-use-medical-supplies-equipment-mobility-daily-living-aids-mobility-aids-equipment-wheelchairs,-mobility-scooters-accessories-Wheelchair & Mobility Scooter Accessories & Parts;;042126c7-300a-4a34-8db4-94908b51744e;True;0;True
Wheelchair & Mobility Scooter Accessories & Parts;health-household-home-use-medical-supplies-equipment-mobility-daily-living-aids-mobility-aids-equipment-wheelchairs,-mobility-scooters-accessories-Wheelchair & Mobility Scooter Accessories & Parts;;042126c7-300a-4a34-8db4-94908b51744e;True;0;True
Wheelchair & Mobility Scooter Accessories & Parts;health-household-home-use-medical-supplies-equipment-mobility-daily-living-aids-mobility-aids-equipment-wheelchairs,-mobility-scooters-accessories-Wheelchair & Mobility Scooter Accessories & Parts;;042126c7-300a-4a34-8db4-94908b51744e;True;0;True
Wheelchair & Mobility Scooter Accessories & Parts;health-household-home-use-medical-supplies-equipment-mobility-daily-living-aids-mobility-aids-equipment-wheelchairs,-mobility-scooters-accessories-Wheelchair & Mobility Scooter Accessories & Parts;;042126c7-300a-4a34-8db4-94908b51744e;True;0;True
Wheelchair & Mobility Scooter Accessories & Parts;health-household-home-use-medical-supplies-equipment-mobility-daily-living-aids-mobility-aids-equipment-wheelchairs,-mobility-scooters-accessories-Wheelchair & Mobility Scooter Accessories & Parts;;042126c7-300a-4a34-8db4-94908b51744e;True;0;True
Wheelchair & Mobility Scooter Accessories & Parts;health-household-home-use-medical-supplies-equipment-mobility-daily-living-aids-mobility-aids-equipment-wheelchairs,-mobility-scooters-accessories-Wheelchair & Mobility Scooter Accessories & Parts;;042126c7-300a-4a34-8db4-94908b51744e;True;0;True
Wheelchair & Mobility Scooter Accessories & Parts;health-household-home-use-medical-supplies-equipment-mobility-daily-living-aids-mobility-aids-equipment-wheelchairs,-mobility-scooters-accessories-Wheelchair & Mobility Scooter Accessories & Parts;;042126c7-300a-4a34-8db4-94908b51744e;True;0;True
Wheelchair & Mobility Scooter Accessories & Parts;health-household-home-use-medical-supplies-equipment-mobility-daily-living-aids-mobility-aids-equipment-wheelchairs,-mobility-scooters-accessories-Wheelchair & Mobility Scooter Accessories & Parts;;042126c7-300a-4a34-8db4-94908b51744e;True;0;True
Wheelchair Accessories;health-household-home-use-medical-supplies-equipment-mobility-daily-living-aids-mobility-aids-equipment-wheelchairs,-mobility-scooters-accessories-Wheelchair Accessories;;042126c7-300a-4a34-8db4-94908b51744e;True;0;True
Wheelchair Accessories;health-household-home-use-medical-supplies-equipment-mobility-daily-living-aids-mobility-aids-equipment-wheelchairs,-mobility-scooters-accessories-Wheelchair Accessories;;042126c7-300a-4a34-8db4-94908b51744e;True;0;True
Wheelchair Accessories;health-household-home-use-medical-supplies-equipment-mobility-daily-living-aids-mobility-aids-equipment-wheelchairs,-mobility-scooters-accessories-Wheelchair Accessories;;042126c7-300a-4a34-8db4-94908b51744e;True;0;True
Wheelchair Accessories;health-household-home-use-medical-supplies-equipment-mobility-daily-living-aids-mobility-aids-equipment-wheelchairs,-mobility-scooters-accessories-Wheelchair Accessories;;042126c7-300a-4a34-8db4-94908b51744e;True;0;True
Wheelchair Accessories;health-household-home-use-medical-supplies-equipment-mobility-daily-living-aids-mobility-aids-equipment-wheelchairs,-mobility-scooters-accessories-Wheelchair Accessories;;042126c7-300a-4a34-8db4-94908b51744e;True;0;True
Wheelchairs;health-household-home-use-medical-supplies-equipment-mobility-daily-living-aids-mobility-aids-equipment-wheelchairs,-mobility-scooters-accessories-Wheelchairs;;042126c7-300a-4a34-8db4-94908b51744e;True;0;True
Wheelchairs;health-household-home-use-medical-supplies-equipment-mobility-daily-living-aids-mobility-aids-equipment-wheelchairs,-mobility-scooters-accessories-Wheelchairs;;042126c7-300a-4a34-8db4-94908b51744e;True;0;True
Wheelchairs;health-household-home-use-medical-supplies-equipment-mobility-daily-living-aids-mobility-aids-equipment-wheelchairs,-mobility-scooters-accessories-Wheelchairs;;042126c7-300a-4a34-8db4-94908b51744e;True;0;True
Wheelchairs;health-household-home-use-medical-supplies-equipment-mobility-daily-living-aids-mobility-aids-equipment-wheelchairs,-mobility-scooters-accessories-Wheelchairs;;042126c7-300a-4a34-8db4-94908b51744e;True;0;True
Wheelchairs;health-household-home-use-medical-supplies-equipment-mobility-daily-living-aids-mobility-aids-equipment-wheelchairs,-mobility-scooters-accessories-Wheelchairs;;042126c7-300a-4a34-8db4-94908b51744e;True;0;True
Household Angle Brooms;health-household-household-supplies-household-cleaning-tools-household-brooms,-dustpans-accessories-household-brooms-Household Angle Brooms;;ef223fea-ee69-49e4-aff7-0314c0a7238b;True;0;True
Household Hand Brooms;health-household-household-supplies-household-cleaning-tools-household-brooms,-dustpans-accessories-household-brooms-Household Hand Brooms;;ef223fea-ee69-49e4-aff7-0314c0a7238b;True;0;True
Household Push Brooms;health-household-household-supplies-household-cleaning-tools-household-brooms,-dustpans-accessories-household-brooms-Household Push Brooms;;ef223fea-ee69-49e4-aff7-0314c0a7238b;True;0;True
Household Dustpans;health-household-household-supplies-household-cleaning-tools-household-brooms,-dustpans-accessories-household-sweeping-parts-accessories-Household Dustpans;;5ef4c947-1c2a-403f-9a3a-c6d13b40a549;True;0;True
Household Dust Mops;health-household-household-supplies-household-cleaning-tools-household-mops,-buckets-accessories-household-wet-mops-Household Dust Mops;;2ebbada9-62cb-42cc-8ab6-54b5edf309e7;True;0;True
Household Sponge Mops;health-household-household-supplies-household-cleaning-tools-household-mops,-buckets-accessories-household-wet-mops-Household Sponge Mops;;2ebbada9-62cb-42cc-8ab6-54b5edf309e7;True;0;True
Household String Mops;health-household-household-supplies-household-cleaning-tools-household-mops,-buckets-accessories-household-wet-mops-Household String Mops;;2ebbada9-62cb-42cc-8ab6-54b5edf309e7;True;0;True
Household Replacement Mop Pads;health-household-household-supplies-household-cleaning-tools-household-mops,-buckets-accessories-mopping-accessories-Household Replacement Mop Pads;;2c1a3485-c2cd-4fbe-9ced-0aede5b116b0;True;0;True
Mop Handles;health-household-household-supplies-household-cleaning-tools-household-mops,-buckets-accessories-mopping-accessories-Mop Handles;;2c1a3485-c2cd-4fbe-9ced-0aede5b116b0;True;0;True
Mop Heads & Sponges;health-household-household-supplies-household-cleaning-tools-household-mops,-buckets-accessories-mopping-accessories-Mop Heads & Sponges;;2c1a3485-c2cd-4fbe-9ced-0aede5b116b0;True;0;True
Mop Heads & Sponges;health-household-household-supplies-household-cleaning-tools-household-mops,-buckets-accessories-mopping-accessories-Mop Heads & Sponges;;2c1a3485-c2cd-4fbe-9ced-0aede5b116b0;True;0;True
Mop Heads & Sponges;health-household-household-supplies-household-cleaning-tools-household-mops,-buckets-accessories-mopping-accessories-Mop Heads & Sponges;;2c1a3485-c2cd-4fbe-9ced-0aede5b116b0;True;0;True
Household Dishwasher Cleaners;health-household-household-supplies-household-cleaning-kitchen-cleaners-dishwasher-garbage-disposal-cleaners-Household Dishwasher Cleaners;;21a6160c-a907-46ae-ba06-682aafbbcde5;True;0;True
Household Garbage Disposal Cleaners;health-household-household-supplies-household-cleaning-kitchen-cleaners-dishwasher-garbage-disposal-cleaners-Household Garbage Disposal Cleaners;;21a6160c-a907-46ae-ba06-682aafbbcde5;True;0;True
Anal Plugs;health-household-sexual-wellness-products-adult-sex-toys-games-sex-toys-anal-sex-toys-Anal Plugs;;f3eeaf51-56ff-4a73-9a41-a79c564c1b0b;True;0;True
Nipple Sucker Toys;health-household-sexual-wellness-products-adult-sex-toys-games-sex-toys-nipple-toys-Nipple Sucker Toys;;e1898947-5b15-4c98-97d5-2e90545740c5;True;0;True
Clitoral Vibrators;health-household-sexual-wellness-products-adult-sex-toys-games-sex-toys-vibrators-Clitoral Vibrators;;0609d0a7-72ae-48c9-ae43-274121b7b2a1;True;0;True
Couple Vibrators;health-household-sexual-wellness-products-adult-sex-toys-games-sex-toys-vibrators-Couple Vibrators;;0609d0a7-72ae-48c9-ae43-274121b7b2a1;True;0;True
Finger Vibrators;health-household-sexual-wellness-products-adult-sex-toys-games-sex-toys-vibrators-Finger Vibrators;;0609d0a7-72ae-48c9-ae43-274121b7b2a1;True;0;True
Erotic Massage Gels;health-household-sexual-wellness-products-sensual-delights-erotic-massagers-vibrators-erotic-massage-gels,-lotions-oils-Erotic Massage Gels;;93fc9550-32e8-4d01-9c87-3910fd230085;True;0;True
Sports Nutrition Hemp Protein Powders;health-household-sports-nutrition-products-sports-nutrition-protein-sports-nutrition-protein-powders-sports-nutrition-plant-protein-powders-Sports Nutrition Hemp Protein Powders;;a9f89748-0e81-42c2-9f74-12cb54fc549f;True;0;True
Sports Nutrition Pea Protein Powders;health-household-sports-nutrition-products-sports-nutrition-protein-sports-nutrition-protein-powders-sports-nutrition-plant-protein-powders-Sports Nutrition Pea Protein Powders;;a9f89748-0e81-42c2-9f74-12cb54fc549f;True;0;True
Sports Nutrition Rice Protein Powders;health-household-sports-nutrition-products-sports-nutrition-protein-sports-nutrition-protein-powders-sports-nutrition-plant-protein-powders-Sports Nutrition Rice Protein Powders;;a9f89748-0e81-42c2-9f74-12cb54fc549f;True;0;True
Sports Nutrition Soy Protein Powders;health-household-sports-nutrition-products-sports-nutrition-protein-sports-nutrition-protein-powders-sports-nutrition-plant-protein-powders-Sports Nutrition Soy Protein Powders;;a9f89748-0e81-42c2-9f74-12cb54fc549f;True;0;True
Omega 3 Nutritional Supplements;health-household-vitamins-dietary-supplements-nutritional-supplements-essential-fatty-acid-nutritional-supplements-omega-oil-nutritional-supplements-Omega 3 Nutritional Supplements;;3b2035fa-065d-43b7-9e93-0428f9f1005f;True;0;True
Omega 3-6-9 Oil Nutritional Supplements;health-household-vitamins-dietary-supplements-nutritional-supplements-essential-fatty-acid-nutritional-supplements-omega-oil-nutritional-supplements-Omega 3-6-9 Oil Nutritional Supplements;;3b2035fa-065d-43b7-9e93-0428f9f1005f;True;0;True
Omega-6 Oil Nutritional Supplements;health-household-vitamins-dietary-supplements-nutritional-supplements-essential-fatty-acid-nutritional-supplements-omega-oil-nutritional-supplements-Omega-6 Oil Nutritional Supplements;;3b2035fa-065d-43b7-9e93-0428f9f1005f;True;0;True
Bathroom Countertop Soap Dispensers;home-kitchen-bath-products-bathroom-accessories-bathroom-holders-dispensers-bathroom-dispensers-Bathroom Countertop Soap Dispensers;;26f1306d-fbb8-4f90-a71e-6c19304dc933;True;0;True
Bathroom Lotion Dispensers;home-kitchen-bath-products-bathroom-accessories-bathroom-holders-dispensers-bathroom-dispensers-Bathroom Lotion Dispensers;;26f1306d-fbb8-4f90-a71e-6c19304dc933;True;0;True
Bathroom Shower Dispensers;home-kitchen-bath-products-bathroom-accessories-bathroom-holders-dispensers-bathroom-dispensers-Bathroom Shower Dispensers;;26f1306d-fbb8-4f90-a71e-6c19304dc933;True;0;True
Adjustable Bed Bases;home-kitchen-furniture-bedroom-furniture-beds-bed-frames-bed-bases-foundations-Adjustable Bed Bases;;f496f0b4-57fd-48b9-894a-e1865e8d6547;True;0;True
Bed Slats;home-kitchen-furniture-bedroom-furniture-beds-bed-frames-bed-bases-foundations-Bed Slats;;f496f0b4-57fd-48b9-894a-e1865e8d6547;True;0;True
Bunkie Boards;home-kitchen-furniture-bedroom-furniture-beds-bed-frames-bed-bases-foundations-Bunkie Boards;;f496f0b4-57fd-48b9-894a-e1865e8d6547;True;0;True
Headboards;home-kitchen-furniture-bedroom-furniture-beds-bed-frames-headboards-footboards-Headboards;;4598e693-a4ed-4afa-be74-c8cfa85dfcd8;True;0;True
Nesting Tables;home-kitchen-furniture-living-room-furniture-living-room-tables-end-tables-Nesting Tables;;db24c747-1a87-49df-9d4f-b8a26c21bc3a;True;0;True
Fireplace Mantel Shelves;home-kitchen-heating-cooling-air-quality-stoves-fireplaces-fireplace-parts-accessories-fireplace-mantels-surrounds-Fireplace Mantel Shelves;;5216212a-653f-47a2-a45b-869093c511d2;True;0;True
Fireplace Mantel Surrounds;home-kitchen-heating-cooling-air-quality-stoves-fireplaces-fireplace-parts-accessories-fireplace-mantels-surrounds-Fireplace Mantel Surrounds;;5216212a-653f-47a2-a45b-869093c511d2;True;0;True
Devotional Candles;home-kitchen-home-decor-products-candles-candleholders-candles-specialty-candles-Devotional Candles;;515c19d3-8f18-4c0c-8480-4f4692d00fc1;True;0;True
Hanukkah Candles;home-kitchen-home-decor-products-candles-candleholders-candles-specialty-candles-Hanukkah Candles;;515c19d3-8f18-4c0c-8480-4f4692d00fc1;True;0;True
Novelty Candles;home-kitchen-home-decor-products-candles-candleholders-candles-specialty-candles-Novelty Candles;;515c19d3-8f18-4c0c-8480-4f4692d00fc1;True;0;True
Seasonal Celebration Candles;home-kitchen-home-decor-products-candles-candleholders-candles-specialty-candles-Seasonal Celebration Candles;;515c19d3-8f18-4c0c-8480-4f4692d00fc1;True;0;True
Unity Candles;home-kitchen-home-decor-products-candles-candleholders-candles-specialty-candles-Unity Candles;;515c19d3-8f18-4c0c-8480-4f4692d00fc1;True;0;True
Kids & Baby Window Films;home-kitchen-home-decor-products-kids-room-decor-kids-room-decor-window-treatments-kids-baby-window-stickers-films-Kids & Baby Window Films;;91c2ec09-c645-47a1-b08b-f91a99ecdf7e;True;0;True
Kids Room Window Stickers;home-kitchen-home-decor-products-kids-room-decor-kids-room-decor-window-treatments-kids-baby-window-stickers-films-Kids Room Window Stickers;;91c2ec09-c645-47a1-b08b-f91a99ecdf7e;True;0;True
Window Treatment Tiers;home-kitchen-home-decor-products-window-treatments-draperies-curtains-tiers,-swags-valances-Window Treatment Tiers;;8035548f-f164-43d0-be49-00f5d1513586;True;0;True
Window Treatment Valances;home-kitchen-home-decor-products-window-treatments-draperies-curtains-tiers,-swags-valances-Window Treatment Valances;;8035548f-f164-43d0-be49-00f5d1513586;True;0;True
Bread Proofing Baskets;home-kitchen-kitchen-dining-bakeware-baking-tools-accessories-baking-pastry-utensils-Bread Proofing Baskets;;dec3d702-d214-48cf-a76a-803e5d232731;True;0;True
Cake Testers;home-kitchen-kitchen-dining-bakeware-baking-tools-accessories-baking-pastry-utensils-Cake Testers;;dec3d702-d214-48cf-a76a-803e5d232731;True;0;True
Dough & Pastry Blenders;home-kitchen-kitchen-dining-bakeware-baking-tools-accessories-baking-pastry-utensils-Dough & Pastry Blenders;;dec3d702-d214-48cf-a76a-803e5d232731;True;0;True
Pastry & Basting Brushes;home-kitchen-kitchen-dining-bakeware-baking-tools-accessories-baking-pastry-utensils-Pastry & Basting Brushes;;dec3d702-d214-48cf-a76a-803e5d232731;True;0;True
Fondant & Gum Paste Molds;home-kitchen-kitchen-dining-bakeware-candy-making-supplies-candy,-chocolate-fondant-molds-Fondant & Gum Paste Molds;;94f00817-f420-4e13-8976-306385b1ed80;True;0;True
Matcha Sets;home-kitchen-kitchen-dining-coffee-tea-espresso-tea-accessories-japanese-tea-ceremony-utensils-Matcha Sets;;0ec9202f-f327-4be6-b057-ad57ef3dbccd;True;0;True
Matcha Bowls;home-kitchen-kitchen-dining-coffee-tea-espresso-tea-accessories-matcha-bowls-whisks-Matcha Bowls;;4cae7079-afc9-4427-add1-b06c94d6d229;True;0;True
Matcha Whisks;home-kitchen-kitchen-dining-coffee-tea-espresso-tea-accessories-matcha-bowls-whisks-Matcha Whisks;;4cae7079-afc9-4427-add1-b06c94d6d229;True;0;True
Long-Handled Tea Strainers;home-kitchen-kitchen-dining-coffee-tea-espresso-tea-accessories-tea-strainers-filters-Long-Handled Tea Strainers;;b62b1d45-b51f-4dc3-b7d8-17ef571527d1;True;0;True
Tea Ball Strainers;home-kitchen-kitchen-dining-coffee-tea-espresso-tea-accessories-tea-strainers-filters-Tea Ball Strainers;;b62b1d45-b51f-4dc3-b7d8-17ef571527d1;True;0;True
Tea Filters;home-kitchen-kitchen-dining-coffee-tea-espresso-tea-accessories-tea-strainers-filters-Tea Filters;;b62b1d45-b51f-4dc3-b7d8-17ef571527d1;True;0;True
Bar Coasters;home-kitchen-kitchen-dining-dining-entertaining-bar-tools-drinkware-bar-tools-Bar Coasters;;f47a703a-aa20-42c2-9439-6b912234abec;True;0;True
Blenders & Ice Crushers;home-kitchen-kitchen-dining-dining-entertaining-bar-tools-drinkware-bar-tools-Blenders & Ice Crushers;;f47a703a-aa20-42c2-9439-6b912234abec;True;0;True
Cocktail Napkins;home-kitchen-kitchen-dining-dining-entertaining-bar-tools-drinkware-bar-tools-Cocktail Napkins;;f47a703a-aa20-42c2-9439-6b912234abec;True;0;True
Cocktail Picks;home-kitchen-kitchen-dining-dining-entertaining-bar-tools-drinkware-bar-tools-Cocktail Picks;;f47a703a-aa20-42c2-9439-6b912234abec;True;0;True
Decanters;home-kitchen-kitchen-dining-dining-entertaining-bar-tools-drinkware-bar-tools-Decanters;;f47a703a-aa20-42c2-9439-6b912234abec;True;0;True
Decanters;home-kitchen-kitchen-dining-dining-entertaining-bar-tools-drinkware-bar-tools-Decanters;;f47a703a-aa20-42c2-9439-6b912234abec;True;0;True
Decanters;home-kitchen-kitchen-dining-dining-entertaining-bar-tools-drinkware-bar-tools-Decanters;;f47a703a-aa20-42c2-9439-6b912234abec;True;0;True
Drinking Flasks;home-kitchen-kitchen-dining-dining-entertaining-bar-tools-drinkware-bar-tools-Drinking Flasks;;f47a703a-aa20-42c2-9439-6b912234abec;True;0;True
Glass Markers & Charms;home-kitchen-kitchen-dining-dining-entertaining-bar-tools-drinkware-bar-tools-Glass Markers & Charms;;f47a703a-aa20-42c2-9439-6b912234abec;True;0;True
Glass Rimming Salts & Sugars;home-kitchen-kitchen-dining-dining-entertaining-bar-tools-drinkware-bar-tools-Glass Rimming Salts & Sugars;;f47a703a-aa20-42c2-9439-6b912234abec;True;0;True
Seltzer Bottles & Chargers;home-kitchen-kitchen-dining-dining-entertaining-bar-tools-drinkware-bar-tools-Seltzer Bottles & Chargers;;f47a703a-aa20-42c2-9439-6b912234abec;True;0;True
Swizzle Sticks;home-kitchen-kitchen-dining-dining-entertaining-bar-tools-drinkware-bar-tools-Swizzle Sticks;;f47a703a-aa20-42c2-9439-6b912234abec;True;0;True
Bouillon Cups;home-kitchen-kitchen-dining-dining-entertaining-dinnerware-bowls-Bouillon Cups;;14a63780-f0f0-4f4f-afb4-e392e0f2158c;True;0;True
Bowl Sets;home-kitchen-kitchen-dining-dining-entertaining-dinnerware-bowls-Bowl Sets;;14a63780-f0f0-4f4f-afb4-e392e0f2158c;True;0;True
Cereal Bowls;home-kitchen-kitchen-dining-dining-entertaining-dinnerware-bowls-Cereal Bowls;;14a63780-f0f0-4f4f-afb4-e392e0f2158c;True;0;True
Dessert Bowls;home-kitchen-kitchen-dining-dining-entertaining-dinnerware-bowls-Dessert Bowls;;14a63780-f0f0-4f4f-afb4-e392e0f2158c;True;0;True
Pasta Bowls;home-kitchen-kitchen-dining-dining-entertaining-dinnerware-bowls-Pasta Bowls;;14a63780-f0f0-4f4f-afb4-e392e0f2158c;True;0;True
Rice Bowls;home-kitchen-kitchen-dining-dining-entertaining-dinnerware-bowls-Rice Bowls;;14a63780-f0f0-4f4f-afb4-e392e0f2158c;True;0;True
Salad Bowls;home-kitchen-kitchen-dining-dining-entertaining-dinnerware-bowls-Salad Bowls;;14a63780-f0f0-4f4f-afb4-e392e0f2158c;True;0;True
Snack Bowls;home-kitchen-kitchen-dining-dining-entertaining-dinnerware-bowls-Snack Bowls;;14a63780-f0f0-4f4f-afb4-e392e0f2158c;True;0;True
Soup Bowls;home-kitchen-kitchen-dining-dining-entertaining-dinnerware-bowls-Soup Bowls;;14a63780-f0f0-4f4f-afb4-e392e0f2158c;True;0;True
Cup & Saucer Sets;home-kitchen-kitchen-dining-dining-entertaining-dinnerware-cups,-mugs-saucers-Cup & Saucer Sets;;12ea4e4a-435a-49a5-b09f-3ea90a25dbff;True;0;True
Demitasse Cups;home-kitchen-kitchen-dining-dining-entertaining-dinnerware-cups,-mugs-saucers-Demitasse Cups;;12ea4e4a-435a-49a5-b09f-3ea90a25dbff;True;0;True
Infusion Mugs;home-kitchen-kitchen-dining-dining-entertaining-dinnerware-cups,-mugs-saucers-Infusion Mugs;;12ea4e4a-435a-49a5-b09f-3ea90a25dbff;True;0;True
Mug Sets;home-kitchen-kitchen-dining-dining-entertaining-dinnerware-cups,-mugs-saucers-Mug Sets;;12ea4e4a-435a-49a5-b09f-3ea90a25dbff;True;0;True
Mugs;home-kitchen-kitchen-dining-dining-entertaining-dinnerware-cups,-mugs-saucers-Mugs;;12ea4e4a-435a-49a5-b09f-3ea90a25dbff;True;0;True
Tabletop Saucers;home-kitchen-kitchen-dining-dining-entertaining-dinnerware-cups,-mugs-saucers-Tabletop Saucers;;12ea4e4a-435a-49a5-b09f-3ea90a25dbff;True;0;True
Teacups;home-kitchen-kitchen-dining-dining-entertaining-dinnerware-cups,-mugs-saucers-Teacups;;12ea4e4a-435a-49a5-b09f-3ea90a25dbff;True;0;True
Appetizer Plates;home-kitchen-kitchen-dining-dining-entertaining-dinnerware-plates-Appetizer Plates;;4bfbc307-6b4f-4c3d-8fa1-b00703d6fbf4;True;0;True
Bread & Butter Plates;home-kitchen-kitchen-dining-dining-entertaining-dinnerware-plates-Bread & Butter Plates;;4bfbc307-6b4f-4c3d-8fa1-b00703d6fbf4;True;0;True
Charger & Service Plates;home-kitchen-kitchen-dining-dining-entertaining-dinnerware-plates-Charger & Service Plates;;4bfbc307-6b4f-4c3d-8fa1-b00703d6fbf4;True;0;True
Dessert Plates;home-kitchen-kitchen-dining-dining-entertaining-dinnerware-plates-Dessert Plates;;4bfbc307-6b4f-4c3d-8fa1-b00703d6fbf4;True;0;True
Dinner Plates;home-kitchen-kitchen-dining-dining-entertaining-dinnerware-plates-Dinner Plates;;4bfbc307-6b4f-4c3d-8fa1-b00703d6fbf4;True;0;True
Salad Plates;home-kitchen-kitchen-dining-dining-entertaining-dinnerware-plates-Salad Plates;;4bfbc307-6b4f-4c3d-8fa1-b00703d6fbf4;True;0;True
Specialty Tableware Plates;home-kitchen-kitchen-dining-dining-entertaining-dinnerware-plates-Specialty Tableware Plates;;4bfbc307-6b4f-4c3d-8fa1-b00703d6fbf4;True;0;True
Specialty Tableware Plates;home-kitchen-kitchen-dining-dining-entertaining-dinnerware-plates-Specialty Tableware Plates;;4bfbc307-6b4f-4c3d-8fa1-b00703d6fbf4;True;0;True
Specialty Tableware Plates;home-kitchen-kitchen-dining-dining-entertaining-dinnerware-plates-Specialty Tableware Plates;;4bfbc307-6b4f-4c3d-8fa1-b00703d6fbf4;True;0;True
Specialty Tableware Plates;home-kitchen-kitchen-dining-dining-entertaining-dinnerware-plates-Specialty Tableware Plates;;4bfbc307-6b4f-4c3d-8fa1-b00703d6fbf4;True;0;True
Butter Knives & Picks;home-kitchen-kitchen-dining-dining-entertaining-flatware-flatware-knives-Butter Knives & Picks;;e62b48f7-06c0-4317-8f6e-13832b90ccd8;True;0;True
Dinner Knives;home-kitchen-kitchen-dining-dining-entertaining-flatware-flatware-knives-Dinner Knives;;e62b48f7-06c0-4317-8f6e-13832b90ccd8;True;0;True
Dessert Forks;home-kitchen-kitchen-dining-dining-entertaining-flatware-forks-Dessert Forks;;26539376-7a0e-49ba-8e52-51d5e158483e;True;0;True
Dinner Forks;home-kitchen-kitchen-dining-dining-entertaining-flatware-forks-Dinner Forks;;26539376-7a0e-49ba-8e52-51d5e158483e;True;0;True
Salad Forks;home-kitchen-kitchen-dining-dining-entertaining-flatware-forks-Salad Forks;;26539376-7a0e-49ba-8e52-51d5e158483e;True;0;True
Specialty Forks;home-kitchen-kitchen-dining-dining-entertaining-flatware-forks-Specialty Forks;;26539376-7a0e-49ba-8e52-51d5e158483e;True;0;True
Specialty Forks;home-kitchen-kitchen-dining-dining-entertaining-flatware-forks-Specialty Forks;;26539376-7a0e-49ba-8e52-51d5e158483e;True;0;True
Cake, Pie & Pastry Servers;home-kitchen-kitchen-dining-dining-entertaining-flatware-serving-utensils-Cake, Pie & Pastry Servers;;d925d9e7-2250-4d8b-bf0b-015f352b170d;True;0;True
Cheese Servers;home-kitchen-kitchen-dining-dining-entertaining-flatware-serving-utensils-Cheese Servers;;d925d9e7-2250-4d8b-bf0b-015f352b170d;True;0;True
Ladles;home-kitchen-kitchen-dining-dining-entertaining-flatware-serving-utensils-Ladles;;d925d9e7-2250-4d8b-bf0b-015f352b170d;True;0;True
Ladles;home-kitchen-kitchen-dining-dining-entertaining-flatware-serving-utensils-Ladles;;d925d9e7-2250-4d8b-bf0b-015f352b170d;True;0;True
Ladles;home-kitchen-kitchen-dining-dining-entertaining-flatware-serving-utensils-Ladles;;d925d9e7-2250-4d8b-bf0b-015f352b170d;True;0;True
Salad Servers;home-kitchen-kitchen-dining-dining-entertaining-flatware-serving-utensils-Salad Servers;;d925d9e7-2250-4d8b-bf0b-015f352b170d;True;0;True
Serving Forks;home-kitchen-kitchen-dining-dining-entertaining-flatware-serving-utensils-Serving Forks;;d925d9e7-2250-4d8b-bf0b-015f352b170d;True;0;True
Serving Forks;home-kitchen-kitchen-dining-dining-entertaining-flatware-serving-utensils-Serving Forks;;d925d9e7-2250-4d8b-bf0b-015f352b170d;True;0;True
Serving Spoons;home-kitchen-kitchen-dining-dining-entertaining-flatware-serving-utensils-Serving Spoons;;d925d9e7-2250-4d8b-bf0b-015f352b170d;True;0;True
Serving Spoons;home-kitchen-kitchen-dining-dining-entertaining-flatware-serving-utensils-Serving Spoons;;d925d9e7-2250-4d8b-bf0b-015f352b170d;True;0;True
Serving Spoons;home-kitchen-kitchen-dining-dining-entertaining-flatware-serving-utensils-Serving Spoons;;d925d9e7-2250-4d8b-bf0b-015f352b170d;True;0;True
Serving Spoons;home-kitchen-kitchen-dining-dining-entertaining-flatware-serving-utensils-Serving Spoons;;d925d9e7-2250-4d8b-bf0b-015f352b170d;True;0;True
Tongs;home-kitchen-kitchen-dining-dining-entertaining-flatware-serving-utensils-Tongs;;d925d9e7-2250-4d8b-bf0b-015f352b170d;True;0;True
Tongs;home-kitchen-kitchen-dining-dining-entertaining-flatware-serving-utensils-Tongs;;d925d9e7-2250-4d8b-bf0b-015f352b170d;True;0;True
Tongs;home-kitchen-kitchen-dining-dining-entertaining-flatware-serving-utensils-Tongs;;d925d9e7-2250-4d8b-bf0b-015f352b170d;True;0;True
Caviar Spoons;home-kitchen-kitchen-dining-dining-entertaining-flatware-spoons-Caviar Spoons;;823cf24e-43ef-441d-9829-f6cd07341022;True;0;True
Coffee & Espresso Spoons;home-kitchen-kitchen-dining-dining-entertaining-flatware-spoons-Coffee & Espresso Spoons;;823cf24e-43ef-441d-9829-f6cd07341022;True;0;True
Dessert Spoons;home-kitchen-kitchen-dining-dining-entertaining-flatware-spoons-Dessert Spoons;;823cf24e-43ef-441d-9829-f6cd07341022;True;0;True
Iced Tea Spoons;home-kitchen-kitchen-dining-dining-entertaining-flatware-spoons-Iced Tea Spoons;;823cf24e-43ef-441d-9829-f6cd07341022;True;0;True
Jam Spoons;home-kitchen-kitchen-dining-dining-entertaining-flatware-spoons-Jam Spoons;;823cf24e-43ef-441d-9829-f6cd07341022;True;0;True
Soup Spoons;home-kitchen-kitchen-dining-dining-entertaining-flatware-spoons-Soup Spoons;;823cf24e-43ef-441d-9829-f6cd07341022;True;0;True
Specialty Spoons;home-kitchen-kitchen-dining-dining-entertaining-flatware-spoons-Specialty Spoons;;823cf24e-43ef-441d-9829-f6cd07341022;True;0;True
Teaspoons;home-kitchen-kitchen-dining-dining-entertaining-flatware-spoons-Teaspoons;;823cf24e-43ef-441d-9829-f6cd07341022;True;0;True
Highball Glasses;home-kitchen-kitchen-dining-dining-entertaining-glassware-drinkware-cocktail-drinkware-Highball Glasses;;39952157-fb03-4fd3-95a6-ff53b20358a2;True;0;True
Hurricane Glasses;home-kitchen-kitchen-dining-dining-entertaining-glassware-drinkware-cocktail-drinkware-Hurricane Glasses;;39952157-fb03-4fd3-95a6-ff53b20358a2;True;0;True
Irish Coffee Glasses;home-kitchen-kitchen-dining-dining-entertaining-glassware-drinkware-cocktail-drinkware-Irish Coffee Glasses;;39952157-fb03-4fd3-95a6-ff53b20358a2;True;0;True
Margarita Glasses;home-kitchen-kitchen-dining-dining-entertaining-glassware-drinkware-cocktail-drinkware-Margarita Glasses;;39952157-fb03-4fd3-95a6-ff53b20358a2;True;0;True
Martini Glasses;home-kitchen-kitchen-dining-dining-entertaining-glassware-drinkware-cocktail-drinkware-Martini Glasses;;39952157-fb03-4fd3-95a6-ff53b20358a2;True;0;True
Mint Julep Cups;home-kitchen-kitchen-dining-dining-entertaining-glassware-drinkware-cocktail-drinkware-Mint Julep Cups;;39952157-fb03-4fd3-95a6-ff53b20358a2;True;0;True
Moscow Mule Mugs;home-kitchen-kitchen-dining-dining-entertaining-glassware-drinkware-cocktail-drinkware-Moscow Mule Mugs;;39952157-fb03-4fd3-95a6-ff53b20358a2;True;0;True
Old Fashioned Glasses;home-kitchen-kitchen-dining-dining-entertaining-glassware-drinkware-cocktail-drinkware-Old Fashioned Glasses;;39952157-fb03-4fd3-95a6-ff53b20358a2;True;0;True
Cordial Glasses;home-kitchen-kitchen-dining-dining-entertaining-glassware-drinkware-liqueur-spirits-glasses-Cordial Glasses;;dc6d3295-316c-456d-9196-33df8417e45e;True;0;True
Shot Glasses;home-kitchen-kitchen-dining-dining-entertaining-glassware-drinkware-liqueur-spirits-glasses-Shot Glasses;;dc6d3295-316c-456d-9196-33df8417e45e;True;0;True
Snifters;home-kitchen-kitchen-dining-dining-entertaining-glassware-drinkware-liqueur-spirits-glasses-Snifters;;dc6d3295-316c-456d-9196-33df8417e45e;True;0;True
Champagne Glasses;home-kitchen-kitchen-dining-dining-entertaining-glassware-drinkware-wine-champagne-glasses-Champagne Glasses;;2630d5ff-bcff-4a7f-9048-189027b783cf;True;0;True
Wine Glasses;home-kitchen-kitchen-dining-dining-entertaining-glassware-drinkware-wine-champagne-glasses-Wine Glasses;;2630d5ff-bcff-4a7f-9048-189027b783cf;True;0;True
Novelty Coffee Mugs;home-kitchen-kitchen-dining-dining-entertaining-novelty-dining-entertaining-novelty-drinkware-Novelty Coffee Mugs;;7266b56e-b5d8-4a87-a402-5e6dabae0be2;True;0;True
Novelty Drinking Glasses;home-kitchen-kitchen-dining-dining-entertaining-novelty-dining-entertaining-novelty-drinkware-Novelty Drinking Glasses;;7266b56e-b5d8-4a87-a402-5e6dabae0be2;True;0;True
Carafes & Pitchers;home-kitchen-kitchen-dining-dining-entertaining-serveware-beverage-serveware-Carafes & Pitchers;;56c9e3c6-ca9d-4bae-a179-67528b62ff19;True;0;True
Carafes & Pitchers;home-kitchen-kitchen-dining-dining-entertaining-serveware-beverage-serveware-Carafes & Pitchers;;56c9e3c6-ca9d-4bae-a179-67528b62ff19;True;0;True
Cream & Sugar Dishes;home-kitchen-kitchen-dining-dining-entertaining-serveware-beverage-serveware-Cream & Sugar Dishes;;56c9e3c6-ca9d-4bae-a179-67528b62ff19;True;0;True
Cream & Sugar Dishes;home-kitchen-kitchen-dining-dining-entertaining-serveware-beverage-serveware-Cream & Sugar Dishes;;56c9e3c6-ca9d-4bae-a179-67528b62ff19;True;0;True
Cream & Sugar Dishes;home-kitchen-kitchen-dining-dining-entertaining-serveware-beverage-serveware-Cream & Sugar Dishes;;56c9e3c6-ca9d-4bae-a179-67528b62ff19;True;0;True
Cream & Sugar Dishes;home-kitchen-kitchen-dining-dining-entertaining-serveware-beverage-serveware-Cream & Sugar Dishes;;56c9e3c6-ca9d-4bae-a179-67528b62ff19;True;0;True
Cream & Sugar Dishes;home-kitchen-kitchen-dining-dining-entertaining-serveware-beverage-serveware-Cream & Sugar Dishes;;56c9e3c6-ca9d-4bae-a179-67528b62ff19;True;0;True
Iced Beverage Dispensers;home-kitchen-kitchen-dining-dining-entertaining-serveware-beverage-serveware-Iced Beverage Dispensers;;56c9e3c6-ca9d-4bae-a179-67528b62ff19;True;0;True
Jugs;home-kitchen-kitchen-dining-dining-entertaining-serveware-beverage-serveware-Jugs;;56c9e3c6-ca9d-4bae-a179-67528b62ff19;True;0;True
Punch Bowls;home-kitchen-kitchen-dining-dining-entertaining-serveware-beverage-serveware-Punch Bowls;;56c9e3c6-ca9d-4bae-a179-67528b62ff19;True;0;True
Teapots & Coffee Servers;home-kitchen-kitchen-dining-dining-entertaining-serveware-beverage-serveware-Teapots & Coffee Servers;;56c9e3c6-ca9d-4bae-a179-67528b62ff19;True;0;True
Teapots & Coffee Servers;home-kitchen-kitchen-dining-dining-entertaining-serveware-beverage-serveware-Teapots & Coffee Servers;;56c9e3c6-ca9d-4bae-a179-67528b62ff19;True;0;True
Teapots & Coffee Servers;home-kitchen-kitchen-dining-dining-entertaining-serveware-beverage-serveware-Teapots & Coffee Servers;;56c9e3c6-ca9d-4bae-a179-67528b62ff19;True;0;True
Teapots & Coffee Servers;home-kitchen-kitchen-dining-dining-entertaining-serveware-beverage-serveware-Teapots & Coffee Servers;;56c9e3c6-ca9d-4bae-a179-67528b62ff19;True;0;True
Teapots & Coffee Servers;home-kitchen-kitchen-dining-dining-entertaining-serveware-beverage-serveware-Teapots & Coffee Servers;;56c9e3c6-ca9d-4bae-a179-67528b62ff19;True;0;True
Teapots & Coffee Servers;home-kitchen-kitchen-dining-dining-entertaining-serveware-beverage-serveware-Teapots & Coffee Servers;;56c9e3c6-ca9d-4bae-a179-67528b62ff19;True;0;True
Gravy Boats;home-kitchen-kitchen-dining-dining-entertaining-serveware-gravy-boats-stands-Gravy Boats;;d3b71c91-ea23-4380-ab4b-801e248f132f;True;0;True
Serving Dish Covers;home-kitchen-kitchen-dining-dining-entertaining-serveware-serveware-Serving Dish Covers;;1b86383e-5aae-485a-bd7b-059080694493;True;0;True
Centerpiece Serving Bowls;home-kitchen-kitchen-dining-dining-entertaining-serveware-serving-bowls-tureens-Centerpiece Serving Bowls;;d1793edc-c8ec-45ff-8330-262c14621ed7;True;0;True
Condiment Pots;home-kitchen-kitchen-dining-dining-entertaining-serveware-serving-bowls-tureens-Condiment Pots;;d1793edc-c8ec-45ff-8330-262c14621ed7;True;0;True
Fruit Bowls;home-kitchen-kitchen-dining-dining-entertaining-serveware-serving-bowls-tureens-Fruit Bowls;;d1793edc-c8ec-45ff-8330-262c14621ed7;True;0;True
Nut Bowls;home-kitchen-kitchen-dining-dining-entertaining-serveware-serving-bowls-tureens-Nut Bowls;;d1793edc-c8ec-45ff-8330-262c14621ed7;True;0;True
Serving Bowls;home-kitchen-kitchen-dining-dining-entertaining-serveware-serving-bowls-tureens-Serving Bowls;;d1793edc-c8ec-45ff-8330-262c14621ed7;True;0;True
Serving Tureens;home-kitchen-kitchen-dining-dining-entertaining-serveware-serving-bowls-tureens-Serving Tureens;;d1793edc-c8ec-45ff-8330-262c14621ed7;True;0;True
Trifle Bowls;home-kitchen-kitchen-dining-dining-entertaining-serveware-serving-bowls-tureens-Trifle Bowls;;d1793edc-c8ec-45ff-8330-262c14621ed7;True;0;True
Candy Dishes;home-kitchen-kitchen-dining-dining-entertaining-serveware-serving-dishes,-trays-platters-Candy Dishes;;ff0a3f40-1daf-4a1d-9bc3-de9356077c12;True;0;True
Chip & Dip Sets;home-kitchen-kitchen-dining-dining-entertaining-serveware-serving-dishes,-trays-platters-Chip & Dip Sets;;ff0a3f40-1daf-4a1d-9bc3-de9356077c12;True;0;True
Deviled Egg Plates;home-kitchen-kitchen-dining-dining-entertaining-serveware-serving-dishes,-trays-platters-Deviled Egg Plates;;ff0a3f40-1daf-4a1d-9bc3-de9356077c12;True;0;True
Divided Serving Trays & Platters;home-kitchen-kitchen-dining-dining-entertaining-serveware-serving-dishes,-trays-platters-Divided Serving Trays & Platters;;ff0a3f40-1daf-4a1d-9bc3-de9356077c12;True;0;True
Platters;home-kitchen-kitchen-dining-dining-entertaining-serveware-serving-dishes,-trays-platters-Platters;;ff0a3f40-1daf-4a1d-9bc3-de9356077c12;True;0;True
Serving Boards;home-kitchen-kitchen-dining-dining-entertaining-serveware-serving-dishes,-trays-platters-Serving Boards;;ff0a3f40-1daf-4a1d-9bc3-de9356077c12;True;0;True
Serving Trays;home-kitchen-kitchen-dining-dining-entertaining-serveware-serving-dishes,-trays-platters-Serving Trays;;ff0a3f40-1daf-4a1d-9bc3-de9356077c12;True;0;True
Taco Holders;home-kitchen-kitchen-dining-dining-entertaining-serveware-serving-dishes,-trays-platters-Taco Holders;;ff0a3f40-1daf-4a1d-9bc3-de9356077c12;True;0;True
Tiered Serving Trays & Platters;home-kitchen-kitchen-dining-dining-entertaining-serveware-serving-dishes,-trays-platters-Tiered Serving Trays & Platters;;ff0a3f40-1daf-4a1d-9bc3-de9356077c12;True;0;True
Tortilla Servers;home-kitchen-kitchen-dining-dining-entertaining-serveware-serving-dishes,-trays-platters-Tortilla Servers;;ff0a3f40-1daf-4a1d-9bc3-de9356077c12;True;0;True
Omelet Pans;home-kitchen-kitchen-dining-kitchen-cookware-pots-pans-skillets-Omelet Pans;;1d57fab3-9100-4593-86e6-419511a7284c;True;0;True
Multipots & Pasta Pots;home-kitchen-kitchen-dining-kitchen-cookware-pots-pans-steamers,-stock-pasta-pots-Multipots & Pasta Pots;;971631cc-5338-4cbf-81e9-7a5f330e62be;True;0;True
Steamer Cookware;home-kitchen-kitchen-dining-kitchen-cookware-pots-pans-steamers,-stock-pasta-pots-Steamer Cookware;;971631cc-5338-4cbf-81e9-7a5f330e62be;True;0;True
Stockpots;home-kitchen-kitchen-dining-kitchen-cookware-pots-pans-steamers,-stock-pasta-pots-Stockpots;;971631cc-5338-4cbf-81e9-7a5f330e62be;True;0;True
Electric Meat Grinders;home-kitchen-kitchen-dining-kitchen-small-appliances-specialty-kitchen-appliances-food-grinders-mills-Electric Meat Grinders;;809c2646-a9df-48e7-be47-23dd94a970f3;True;0;True
Electric Spice Grinders;home-kitchen-kitchen-dining-kitchen-small-appliances-specialty-kitchen-appliances-food-grinders-mills-Electric Spice Grinders;;809c2646-a9df-48e7-be47-23dd94a970f3;True;0;True
Grain Mills;home-kitchen-kitchen-dining-kitchen-small-appliances-specialty-kitchen-appliances-food-grinders-mills-Grain Mills;;809c2646-a9df-48e7-be47-23dd94a970f3;True;0;True
Wet Grinders;home-kitchen-kitchen-dining-kitchen-small-appliances-specialty-kitchen-appliances-food-grinders-mills-Wet Grinders;;809c2646-a9df-48e7-be47-23dd94a970f3;True;0;True
Coffee Pod Baskets;home-kitchen-kitchen-dining-kitchen-storage-organization-food-storage-coffee-pod-holders-Coffee Pod Baskets;;2c9b4195-f215-4bea-ad40-c594943b800f;True;0;True
Coffee Pod Drawers;home-kitchen-kitchen-dining-kitchen-storage-organization-food-storage-coffee-pod-holders-Coffee Pod Drawers;;2c9b4195-f215-4bea-ad40-c594943b800f;True;0;True
Coffee Pod Stands;home-kitchen-kitchen-dining-kitchen-storage-organization-food-storage-coffee-pod-holders-Coffee Pod Stands;;2c9b4195-f215-4bea-ad40-c594943b800f;True;0;True
Cereal Containers;home-kitchen-kitchen-dining-kitchen-storage-organization-food-storage-food-containers-Cereal Containers;;948abdc7-c2ab-468d-92b6-2136d81b7559;True;0;True
Coffee Storage Containers;home-kitchen-kitchen-dining-kitchen-storage-organization-food-storage-food-containers-Coffee Storage Containers;;948abdc7-c2ab-468d-92b6-2136d81b7559;True;0;True
Food Container Sets;home-kitchen-kitchen-dining-kitchen-storage-organization-food-storage-food-containers-Food Container Sets;;948abdc7-c2ab-468d-92b6-2136d81b7559;True;0;True
Individual Household Food Containers;home-kitchen-kitchen-dining-kitchen-storage-organization-food-storage-food-containers-Individual Household Food Containers;;948abdc7-c2ab-468d-92b6-2136d81b7559;True;0;True
Pasta Containers;home-kitchen-kitchen-dining-kitchen-storage-organization-food-storage-food-containers-Pasta Containers;;948abdc7-c2ab-468d-92b6-2136d81b7559;True;0;True
Rice Containers;home-kitchen-kitchen-dining-kitchen-storage-organization-food-storage-food-containers-Rice Containers;;948abdc7-c2ab-468d-92b6-2136d81b7559;True;0;True
Beverage Container Insulators;home-kitchen-kitchen-dining-kitchen-storage-organization-vacuum-flasks-?nsulated-beverage-containers-Beverage Container Insulators;;8d25c241-b794-4b6a-9518-73d5abf134b6;True;0;True
Insulated Cups & Mugs;home-kitchen-kitchen-dining-kitchen-storage-organization-vacuum-flasks-?nsulated-beverage-containers-Insulated Cups & Mugs;;8d25c241-b794-4b6a-9518-73d5abf134b6;True;0;True
Insulated Tumblers;home-kitchen-kitchen-dining-kitchen-storage-organization-vacuum-flasks-?nsulated-beverage-containers-Insulated Tumblers;;8d25c241-b794-4b6a-9518-73d5abf134b6;True;0;True
Bottle Openers;home-kitchen-kitchen-dining-kitchen-utensils-gadgets-bar-wine-tools-corkscrews-openers-Bottle Openers;;4279846d-11b7-41c7-b103-e6c5bc17a43e;True;0;True
Screwpull Levers;home-kitchen-kitchen-dining-kitchen-utensils-gadgets-bar-wine-tools-corkscrews-openers-Screwpull Levers;;4279846d-11b7-41c7-b103-e6c5bc17a43e;True;0;True
Waiter Corkscrews;home-kitchen-kitchen-dining-kitchen-utensils-gadgets-bar-wine-tools-corkscrews-openers-Waiter Corkscrews;;4279846d-11b7-41c7-b103-e6c5bc17a43e;True;0;True
Wing Corkscrews;home-kitchen-kitchen-dining-kitchen-utensils-gadgets-bar-wine-tools-corkscrews-openers-Wing Corkscrews;;4279846d-11b7-41c7-b103-e6c5bc17a43e;True;0;True
Ice Bucket Kits;home-kitchen-kitchen-dining-kitchen-utensils-gadgets-bar-wine-tools-?ce-buckets-tongs-Ice Bucket Kits;;0bc822b5-e982-4904-9daa-e68529bcdb16;True;0;True
Ice Buckets;home-kitchen-kitchen-dining-kitchen-utensils-gadgets-bar-wine-tools-?ce-buckets-tongs-Ice Buckets;;0bc822b5-e982-4904-9daa-e68529bcdb16;True;0;True
Ice Tongs;home-kitchen-kitchen-dining-kitchen-utensils-gadgets-bar-wine-tools-?ce-buckets-tongs-Ice Tongs;;0bc822b5-e982-4904-9daa-e68529bcdb16;True;0;True
Wine Pourers;home-kitchen-kitchen-dining-kitchen-utensils-gadgets-bar-wine-tools-wine-stoppers-pourers-Wine Pourers;;49b7406a-15fd-4dc9-aa35-87354e5de5fc;True;0;True
Wine Stoppers;home-kitchen-kitchen-dining-kitchen-utensils-gadgets-bar-wine-tools-wine-stoppers-pourers-Wine Stoppers;;49b7406a-15fd-4dc9-aa35-87354e5de5fc;True;0;True
Fruit & Vegetable Corers;home-kitchen-kitchen-dining-kitchen-utensils-gadgets-fruit-vegetable-tools-fruit-vegetable-corers-pitters-Fruit & Vegetable Corers;;215f9b0c-b10a-4c65-99b2-fc63c1e5a2df;True;0;True
Fruit & Vegetable Pitters;home-kitchen-kitchen-dining-kitchen-utensils-gadgets-fruit-vegetable-tools-fruit-vegetable-corers-pitters-Fruit & Vegetable Pitters;;215f9b0c-b10a-4c65-99b2-fc63c1e5a2df;True;0;True
Grapefruit Knives;home-kitchen-kitchen-dining-kitchen-utensils-gadgets-fruit-vegetable-tools-grapefruit-utensils-Grapefruit Knives;;4a9a8ce4-60d2-4207-b4b9-a716eff2088a;True;0;True
Potato Mashers;home-kitchen-kitchen-dining-kitchen-utensils-gadgets-fruit-vegetable-tools-potato-mashers-ricers-Potato Mashers;;431eaf74-6c7b-4457-8e7d-4d04a259fd78;True;0;True
Potato Ricers;home-kitchen-kitchen-dining-kitchen-utensils-gadgets-fruit-vegetable-tools-potato-mashers-ricers-Potato Ricers;;431eaf74-6c7b-4457-8e7d-4d04a259fd78;True;0;True
Egg Slicers;home-kitchen-kitchen-dining-kitchen-utensils-gadgets-graters,-peelers-slicers-mandolines-slicers-Egg Slicers;;3ed790a2-474b-40ee-841f-778744b84996;True;0;True
Mandolines;home-kitchen-kitchen-dining-kitchen-utensils-gadgets-graters,-peelers-slicers-mandolines-slicers-Mandolines;;3ed790a2-474b-40ee-841f-778744b84996;True;0;True
Cookbook Stands;home-kitchen-kitchen-dining-kitchen-utensils-gadgets-kitchen-accessories-cookbook-stands-recipe-holders-Cookbook Stands;;4920c1cc-c5bf-4cb5-aaaf-4a41a3916621;True;0;True
Recipe Holders;home-kitchen-kitchen-dining-kitchen-utensils-gadgets-kitchen-accessories-cookbook-stands-recipe-holders-Recipe Holders;;4920c1cc-c5bf-4cb5-aaaf-4a41a3916621;True;0;True
Digital Kitchen Scales;home-kitchen-kitchen-dining-kitchen-utensils-gadgets-measuring-tools-scales-kitchen-scales-Digital Kitchen Scales;;8493afc4-2550-4022-98e6-dfc629d0fadd;True;0;True
Mechanical Cook Scales;home-kitchen-kitchen-dining-kitchen-utensils-gadgets-measuring-tools-scales-kitchen-scales-Mechanical Cook Scales;;8493afc4-2550-4022-98e6-dfc629d0fadd;True;0;True
Electric Pasta Makers;home-kitchen-kitchen-dining-kitchen-utensils-gadgets-pasta-pizza-tools-pasta-makers-accessories-Electric Pasta Makers;;7f6ecfb1-8ebd-4aa9-9e00-46ab6a0781cc;True;0;True
Manual Pasta Makers;home-kitchen-kitchen-dining-kitchen-utensils-gadgets-pasta-pizza-tools-pasta-makers-accessories-Manual Pasta Makers;;7f6ecfb1-8ebd-4aa9-9e00-46ab6a0781cc;True;0;True
Seasoning & Spice Choppers;home-kitchen-kitchen-dining-kitchen-utensils-gadgets-seasoning-spice-tools-choppers-mincers-Seasoning & Spice Choppers;;e5f70b29-cfe5-4dd1-b4ef-b76ec5f88fbd;True;0;True
Garlic Keepers;home-kitchen-kitchen-dining-kitchen-utensils-gadgets-seasoning-spice-tools-garlic-tools-Garlic Keepers;;741bfe20-6432-4ae8-af17-d37142392d59;True;0;True
Garlic Peelers;home-kitchen-kitchen-dining-kitchen-utensils-gadgets-seasoning-spice-tools-garlic-tools-Garlic Peelers;;741bfe20-6432-4ae8-af17-d37142392d59;True;0;True
Garlic Presses;home-kitchen-kitchen-dining-kitchen-utensils-gadgets-seasoning-spice-tools-garlic-tools-Garlic Presses;;741bfe20-6432-4ae8-af17-d37142392d59;True;0;True
Coffee Filters;home-kitchen-kitchen-dining-small-appliance-parts-accessories-coffee-espresso-machine-parts-accessories-coffee-machine-accessories-Coffee Filters;;62d9eb64-fc9b-4093-a12c-f8a1b6e11c56;True;0;True
Coffee Filters;home-kitchen-kitchen-dining-small-appliance-parts-accessories-coffee-espresso-machine-parts-accessories-coffee-machine-accessories-Coffee Filters;;62d9eb64-fc9b-4093-a12c-f8a1b6e11c56;True;0;True
Coffee Filters;home-kitchen-kitchen-dining-small-appliance-parts-accessories-coffee-espresso-machine-parts-accessories-coffee-machine-accessories-Coffee Filters;;62d9eb64-fc9b-4093-a12c-f8a1b6e11c56;True;0;True
Coffee Filters;home-kitchen-kitchen-dining-small-appliance-parts-accessories-coffee-espresso-machine-parts-accessories-coffee-machine-accessories-Coffee Filters;;62d9eb64-fc9b-4093-a12c-f8a1b6e11c56;True;0;True
Coffeemaker Pots;home-kitchen-kitchen-dining-small-appliance-parts-accessories-coffee-espresso-machine-parts-accessories-coffee-machine-accessories-Coffeemaker Pots;;62d9eb64-fc9b-4093-a12c-f8a1b6e11c56;True;0;True
Thermal Carafes;home-kitchen-kitchen-dining-small-appliance-parts-accessories-coffee-espresso-machine-parts-accessories-coffee-machine-accessories-Thermal Carafes;;62d9eb64-fc9b-4093-a12c-f8a1b6e11c56;True;0;True
Espresso Hand Tampers;home-kitchen-kitchen-dining-small-appliance-parts-accessories-coffee-espresso-machine-parts-accessories-espresso-machine-accessories-Espresso Hand Tampers;;7763a375-5cc8-4489-912e-df8d62ee90fa;True;0;True
Espresso Steaming Pitchers;home-kitchen-kitchen-dining-small-appliance-parts-accessories-coffee-espresso-machine-parts-accessories-espresso-machine-accessories-Espresso Steaming Pitchers;;7763a375-5cc8-4489-912e-df8d62ee90fa;True;0;True
Resistor Networks;industrial-scientific-electronic-components-industrial-electrical-passive-components-?ndustrial-electrical-resistors-fixed-resistors-Resistor Networks;;c7915943-84ec-4dd9-a8dc-0c7a1408d27d;True;0;True
Single Fixed Resistors;industrial-scientific-electronic-components-industrial-electrical-passive-components-?ndustrial-electrical-resistors-fixed-resistors-Single Fixed Resistors;;c7915943-84ec-4dd9-a8dc-0c7a1408d27d;True;0;True
Potentiometers;industrial-scientific-electronic-components-industrial-electrical-passive-components-?ndustrial-electrical-resistors-variable-resistors-Potentiometers;;47f6406c-bd91-4587-a059-be27526c2e28;True;0;True
Rheostats;industrial-scientific-electronic-components-industrial-electrical-passive-components-?ndustrial-electrical-resistors-variable-resistors-Rheostats;;47f6406c-bd91-4587-a059-be27526c2e28;True;0;True
Cylindrical Connectors;industrial-scientific-electronic-components-interconnects-?ndustrial-electrical-connectors-circular-connectors-Cylindrical Connectors;;86639ec3-08f5-48f9-a3cc-47b527ae0fa5;True;0;True
Miniature Cylindrical Connectors;industrial-scientific-electronic-components-interconnects-?ndustrial-electrical-connectors-circular-connectors-Miniature Cylindrical Connectors;;86639ec3-08f5-48f9-a3cc-47b527ae0fa5;True;0;True
AND Logic Gates;industrial-scientific-electronic-components-semiconductor-products-logic-products-logic-gates-AND Logic Gates;;3b5f7589-c016-4c50-bfc2-efd86fe5769c;True;0;True
Buffer Logic Gates;industrial-scientific-electronic-components-semiconductor-products-logic-products-logic-gates-Buffer Logic Gates;;3b5f7589-c016-4c50-bfc2-efd86fe5769c;True;0;True
Inverter Logic Gates;industrial-scientific-electronic-components-semiconductor-products-logic-products-logic-gates-Inverter Logic Gates;;3b5f7589-c016-4c50-bfc2-efd86fe5769c;True;0;True
NAND Logic Gates;industrial-scientific-electronic-components-semiconductor-products-logic-products-logic-gates-NAND Logic Gates;;3b5f7589-c016-4c50-bfc2-efd86fe5769c;True;0;True
Audio Amplifiers;industrial-scientific-electronic-components-semiconductor-products-signal-components-signal-amplifiers-Audio Amplifiers;;75e9f185-448c-4857-9e69-ad8fbe34fb27;True;0;True
Differential Amplifiers;industrial-scientific-electronic-components-semiconductor-products-signal-components-signal-amplifiers-Differential Amplifiers;;75e9f185-448c-4857-9e69-ad8fbe34fb27;True;0;True
Voltage Feedback Amplifiers;industrial-scientific-electronic-components-semiconductor-products-signal-components-signal-amplifiers-Voltage Feedback Amplifiers;;75e9f185-448c-4857-9e69-ad8fbe34fb27;True;0;True
Commercial Coin & Money Exchangers;industrial-scientific-food-service-equipment-supplies-concession-vending-equipment-vending-machines-parts-vending-machine-replacement-parts-Commercial Coin & Money Exchangers;;a4d1089a-e5f6-4b8a-9def-1b6f31c670dc;True;0;True
Vending Machine Keys & Locks;industrial-scientific-food-service-equipment-supplies-concession-vending-equipment-vending-machines-parts-vending-machine-replacement-parts-Vending Machine Keys & Locks;;a4d1089a-e5f6-4b8a-9def-1b6f31c670dc;True;0;True
Vending Machine Labels;industrial-scientific-food-service-equipment-supplies-concession-vending-equipment-vending-machines-parts-vending-machine-replacement-parts-Vending Machine Labels;;a4d1089a-e5f6-4b8a-9def-1b6f31c670dc;True;0;True
Commercial Bag Sealers;industrial-scientific-food-service-equipment-supplies-restaurant-appliances-equipment-commercial-food-preparation-equipment-commercial-food-packaging-equipment-Commercial Bag Sealers;;2bc3a85b-c34d-4f38-8c8f-ecd4b5fda3b4;True;0;True
Commercial Shrink Wrappers;industrial-scientific-food-service-equipment-supplies-restaurant-appliances-equipment-commercial-food-preparation-equipment-commercial-food-packaging-equipment-Commercial Shrink Wrappers;;2bc3a85b-c34d-4f38-8c8f-ecd4b5fda3b4;True;0;True
Commercial Back Bar Refrigerators;industrial-scientific-food-service-equipment-supplies-tabletop-serveware-commercial-bar-equipment-commercial-bar-refrigeration-Commercial Back Bar Refrigerators;;b4e365ec-7f20-4872-9da9-5d0297a3b58e;True;0;True
Band Hose Clamps;industrial-scientific-hydraulics-pneumatics-plumbing-fittings-hose-fittings-hose-clamps-Band Hose Clamps;;94ee5ca8-ca90-4df7-9172-041415ac667f;True;0;True
Ear Clamps;industrial-scientific-hydraulics-pneumatics-plumbing-fittings-hose-fittings-hose-clamps-Ear Clamps;;94ee5ca8-ca90-4df7-9172-041415ac667f;True;0;True
Hose Clamping Tools;industrial-scientific-hydraulics-pneumatics-plumbing-fittings-hose-fittings-hose-clamps-Hose Clamping Tools;;94ee5ca8-ca90-4df7-9172-041415ac667f;True;0;True
Snap Grip Hose Clamps;industrial-scientific-hydraulics-pneumatics-plumbing-fittings-hose-fittings-hose-clamps-Snap Grip Hose Clamps;;94ee5ca8-ca90-4df7-9172-041415ac667f;True;0;True
Spring Hose Clamps;industrial-scientific-hydraulics-pneumatics-plumbing-fittings-hose-fittings-hose-clamps-Spring Hose Clamps;;94ee5ca8-ca90-4df7-9172-041415ac667f;True;0;True
T-Bolt Hose Clamps;industrial-scientific-hydraulics-pneumatics-plumbing-fittings-hose-fittings-hose-clamps-T-Bolt Hose Clamps;;94ee5ca8-ca90-4df7-9172-041415ac667f;True;0;True
T-Bolt Hose Clamps;industrial-scientific-hydraulics-pneumatics-plumbing-fittings-hose-fittings-hose-clamps-T-Bolt Hose Clamps;;94ee5ca8-ca90-4df7-9172-041415ac667f;True;0;True
Worm Gear Hose Clamps;industrial-scientific-hydraulics-pneumatics-plumbing-fittings-hose-fittings-hose-clamps-Worm Gear Hose Clamps;;94ee5ca8-ca90-4df7-9172-041415ac667f;True;0;True
Barbed Elbow Fittings;industrial-scientific-hydraulics-pneumatics-plumbing-fittings-tube-fittings-barbed-fittings-Barbed Elbow Fittings;;918068d4-a33b-441e-a10b-7c9ff4be8b4d;True;0;True
Barbed Straight Fittings;industrial-scientific-hydraulics-pneumatics-plumbing-fittings-tube-fittings-barbed-fittings-Barbed Straight Fittings;;918068d4-a33b-441e-a10b-7c9ff4be8b4d;True;0;True
Barbed Tee Fittings;industrial-scientific-hydraulics-pneumatics-plumbing-fittings-tube-fittings-barbed-fittings-Barbed Tee Fittings;;918068d4-a33b-441e-a10b-7c9ff4be8b4d;True;0;True
Compression Bulkhead Fittings;industrial-scientific-hydraulics-pneumatics-plumbing-fittings-tube-fittings-compression-fittings-Compression Bulkhead Fittings;;da47ec4f-b328-472b-99d8-43610efe7fbd;True;0;True
Compression Elbow Fittings;industrial-scientific-hydraulics-pneumatics-plumbing-fittings-tube-fittings-compression-fittings-Compression Elbow Fittings;;da47ec4f-b328-472b-99d8-43610efe7fbd;True;0;True
Compression Fitting Ferrules;industrial-scientific-hydraulics-pneumatics-plumbing-fittings-tube-fittings-compression-fittings-Compression Fitting Ferrules;;da47ec4f-b328-472b-99d8-43610efe7fbd;True;0;True
Compression Fitting Nuts;industrial-scientific-hydraulics-pneumatics-plumbing-fittings-tube-fittings-compression-fittings-Compression Fitting Nuts;;da47ec4f-b328-472b-99d8-43610efe7fbd;True;0;True
Compression Fitting Plugs;industrial-scientific-hydraulics-pneumatics-plumbing-fittings-tube-fittings-compression-fittings-Compression Fitting Plugs;;da47ec4f-b328-472b-99d8-43610efe7fbd;True;0;True
Compression Fitting Tube Inserts;industrial-scientific-hydraulics-pneumatics-plumbing-fittings-tube-fittings-compression-fittings-Compression Fitting Tube Inserts;;da47ec4f-b328-472b-99d8-43610efe7fbd;True;0;True
Compression Union Fittings;industrial-scientific-hydraulics-pneumatics-plumbing-fittings-tube-fittings-compression-fittings-Compression Union Fittings;;da47ec4f-b328-472b-99d8-43610efe7fbd;True;0;True
Compression Union Fittings;industrial-scientific-hydraulics-pneumatics-plumbing-fittings-tube-fittings-compression-fittings-Compression Union Fittings;;da47ec4f-b328-472b-99d8-43610efe7fbd;True;0;True
Compression Union Fittings;industrial-scientific-hydraulics-pneumatics-plumbing-fittings-tube-fittings-compression-fittings-Compression Union Fittings;;da47ec4f-b328-472b-99d8-43610efe7fbd;True;0;True
Luer Cap Fittings;industrial-scientific-hydraulics-pneumatics-plumbing-fittings-tube-fittings-luer-fittings-Luer Cap Fittings;;2d6d305a-7f2d-475f-930e-d30dbffd76ba;True;0;True
Luer Stopcocks;industrial-scientific-hydraulics-pneumatics-plumbing-fittings-tube-fittings-luer-fittings-Luer Stopcocks;;2d6d305a-7f2d-475f-930e-d30dbffd76ba;True;0;True
Luer-to-Barbed Fittings;industrial-scientific-hydraulics-pneumatics-plumbing-fittings-tube-fittings-luer-fittings-Luer-to-Barbed Fittings;;2d6d305a-7f2d-475f-930e-d30dbffd76ba;True;0;True
Luer-to-Barbed Fittings;industrial-scientific-hydraulics-pneumatics-plumbing-fittings-tube-fittings-luer-fittings-Luer-to-Barbed Fittings;;2d6d305a-7f2d-475f-930e-d30dbffd76ba;True;0;True
Luer-to-Barbed Fittings;industrial-scientific-hydraulics-pneumatics-plumbing-fittings-tube-fittings-luer-fittings-Luer-to-Barbed Fittings;;2d6d305a-7f2d-475f-930e-d30dbffd76ba;True;0;True
Luer-to-Barbed Fittings;industrial-scientific-hydraulics-pneumatics-plumbing-fittings-tube-fittings-luer-fittings-Luer-to-Barbed Fittings;;2d6d305a-7f2d-475f-930e-d30dbffd76ba;True;0;True
Luer-to-Barbed Fittings;industrial-scientific-hydraulics-pneumatics-plumbing-fittings-tube-fittings-luer-fittings-Luer-to-Barbed Fittings;;2d6d305a-7f2d-475f-930e-d30dbffd76ba;True;0;True
Quick-Connect-to-Threaded Fittings;industrial-scientific-hydraulics-pneumatics-plumbing-fittings-tube-fittings-quick-connect-fittings-Quick-Connect-to-Threaded Fittings;;021d73fa-7d1d-411c-bd18-97e06d8202b2;True;0;True
Reducer Tube Fittings;industrial-scientific-hydraulics-pneumatics-plumbing-fittings-tube-fittings-welded-tube-fittings-Reducer Tube Fittings;;008e3bd0-b434-498d-aa29-c8b241bb7169;True;0;True
Straight Tube Fittings;industrial-scientific-hydraulics-pneumatics-plumbing-fittings-tube-fittings-welded-tube-fittings-Straight Tube Fittings;;008e3bd0-b434-498d-aa29-c8b241bb7169;True;0;True
Stainless Steel Precision Balls;industrial-scientific-?ndustrial-materials-metal-alloy-raw-materials-stainless-steel-metal-raw-materials-stainless-steel-spheres-Stainless Steel Precision Balls;;9174bc2a-127f-47ad-9bac-6fcd1d582200;True;0;True
Commercial Indoor Canister Vacuum Bags;industrial-scientific-janitorial-sanitation-supplies-commercial-vacuum-floor-cleaning-machines-commercial-?ndoor-vacuum-accessories-commercial-?ndoor-vacuum-bags-Commercial Indoor Canister Vacuum Bags;;c5b56d57-57cb-4a41-8f95-4ede5f4e15a8;True;0;True
Commercial Indoor Upright Vacuum Bags;industrial-scientific-janitorial-sanitation-supplies-commercial-vacuum-floor-cleaning-machines-commercial-?ndoor-vacuum-accessories-commercial-?ndoor-vacuum-bags-Commercial Indoor Upright Vacuum Bags;;c5b56d57-57cb-4a41-8f95-4ede5f4e15a8;True;0;True
Commercial Canister Vacuum Filters;industrial-scientific-janitorial-sanitation-supplies-commercial-vacuum-floor-cleaning-machines-commercial-?ndoor-vacuum-accessories-commercial-?ndoor-vacuum-filters-Commercial Canister Vacuum Filters;;19a28a32-0216-4696-9acf-a38f5db96663;True;0;True
Commercial Upright Vacuum Filters;industrial-scientific-janitorial-sanitation-supplies-commercial-vacuum-floor-cleaning-machines-commercial-?ndoor-vacuum-accessories-commercial-?ndoor-vacuum-filters-Commercial Upright Vacuum Filters;;19a28a32-0216-4696-9acf-a38f5db96663;True;0;True
Lab Chromatography Paper;industrial-scientific-lab-scientific-products-lab-instruments-equipment-lab-chromatography-supplies-lab-thin-layer-chromatography-tlc-Lab Chromatography Paper;;b1ad5e8b-9825-4ea9-8d8a-d2e509e2cc73;True;0;True
Lab Vacuum Desiccators;industrial-scientific-lab-scientific-products-lab-instruments-equipment-lab-evaporation-drying-equipment-lab-desiccators-accessories-Lab Vacuum Desiccators;;dcadadbe-fdd9-4066-a993-9f12dc3475cb;True;0;True
Lab Evaporator Accessories;industrial-scientific-lab-scientific-products-lab-instruments-equipment-lab-evaporation-drying-equipment-lab-evaporators-Lab Evaporator Accessories;;9289550f-f551-468b-95b4-4d2ffb0062ca;True;0;True
Dropping Pipettes;industrial-scientific-lab-scientific-products-lab-instruments-equipment-lab-fluid-liquid-handling-lab-pipettes-Dropping Pipettes;;6463a08a-f297-4fd1-886b-cd03eb84dbae;True;0;True
Lab Electronic Pipettors;industrial-scientific-lab-scientific-products-lab-instruments-equipment-lab-fluid-liquid-handling-lab-pipettes-Lab Electronic Pipettors;;6463a08a-f297-4fd1-886b-cd03eb84dbae;True;0;True
Lab Multichannel Pipettors;industrial-scientific-lab-scientific-products-lab-instruments-equipment-lab-fluid-liquid-handling-lab-pipettes-Lab Multichannel Pipettors;;6463a08a-f297-4fd1-886b-cd03eb84dbae;True;0;True
Lab Pipette Tips;industrial-scientific-lab-scientific-products-lab-instruments-equipment-lab-fluid-liquid-handling-lab-pipettes-Lab Pipette Tips;;6463a08a-f297-4fd1-886b-cd03eb84dbae;True;0;True
Lab Pipette Tips;industrial-scientific-lab-scientific-products-lab-instruments-equipment-lab-fluid-liquid-handling-lab-pipettes-Lab Pipette Tips;;6463a08a-f297-4fd1-886b-cd03eb84dbae;True;0;True
Lab Pipette Tips;industrial-scientific-lab-scientific-products-lab-instruments-equipment-lab-fluid-liquid-handling-lab-pipettes-Lab Pipette Tips;;6463a08a-f297-4fd1-886b-cd03eb84dbae;True;0;True
Lab Pipettor Accessories;industrial-scientific-lab-scientific-products-lab-instruments-equipment-lab-fluid-liquid-handling-lab-pipettes-Lab Pipettor Accessories;;6463a08a-f297-4fd1-886b-cd03eb84dbae;True;0;True
Lab Single Channel Pipettors;industrial-scientific-lab-scientific-products-lab-instruments-equipment-lab-fluid-liquid-handling-lab-pipettes-Lab Single Channel Pipettors;;6463a08a-f297-4fd1-886b-cd03eb84dbae;True;0;True
Measuring Pipettes;industrial-scientific-lab-scientific-products-lab-instruments-equipment-lab-fluid-liquid-handling-lab-pipettes-Measuring Pipettes;;6463a08a-f297-4fd1-886b-cd03eb84dbae;True;0;True
Microcapillary Pipettes;industrial-scientific-lab-scientific-products-lab-instruments-equipment-lab-fluid-liquid-handling-lab-pipettes-Microcapillary Pipettes;;6463a08a-f297-4fd1-886b-cd03eb84dbae;True;0;True
Serological Pipettes;industrial-scientific-lab-scientific-products-lab-instruments-equipment-lab-fluid-liquid-handling-lab-pipettes-Serological Pipettes;;6463a08a-f297-4fd1-886b-cd03eb84dbae;True;0;True
Transfer Pipettes;industrial-scientific-lab-scientific-products-lab-instruments-equipment-lab-fluid-liquid-handling-lab-pipettes-Transfer Pipettes;;6463a08a-f297-4fd1-886b-cd03eb84dbae;True;0;True
Volumetric Pipettes;industrial-scientific-lab-scientific-products-lab-instruments-equipment-lab-fluid-liquid-handling-lab-pipettes-Volumetric Pipettes;;6463a08a-f297-4fd1-886b-cd03eb84dbae;True;0;True
Lab Autoclave Accessories;industrial-scientific-lab-scientific-products-lab-instruments-equipment-lab-heating-cooling-equipment-lab-autoclave-equipment-Lab Autoclave Accessories;;77515f94-558c-4961-9ba2-87eb51c94e8f;True;0;True
Lab Autoclaves;industrial-scientific-lab-scientific-products-lab-instruments-equipment-lab-heating-cooling-equipment-lab-autoclave-equipment-Lab Autoclaves;;77515f94-558c-4961-9ba2-87eb51c94e8f;True;0;True
Lab Bath Accessories;industrial-scientific-lab-scientific-products-lab-instruments-equipment-lab-heating-cooling-equipment-lab-baths-accessories-Lab Bath Accessories;;93f52e15-ddad-4aa1-bc3a-930ab85ce5c9;True;0;True
Lab Water Baths;industrial-scientific-lab-scientific-products-lab-instruments-equipment-lab-heating-cooling-equipment-lab-baths-accessories-Lab Water Baths;;93f52e15-ddad-4aa1-bc3a-930ab85ce5c9;True;0;True
Lab Bunsen Burners;industrial-scientific-lab-scientific-products-lab-instruments-equipment-lab-heating-cooling-equipment-lab-burners-heaters-Lab Bunsen Burners;;780d5ba8-4c64-464c-b9b1-c47278d2042a;True;0;True
Lab Heating Mantles;industrial-scientific-lab-scientific-products-lab-instruments-equipment-lab-heating-cooling-equipment-lab-burners-heaters-Lab Heating Mantles;;780d5ba8-4c64-464c-b9b1-c47278d2042a;True;0;True
Lab Hot Plates;industrial-scientific-lab-scientific-products-lab-instruments-equipment-lab-heating-cooling-equipment-lab-burners-heaters-Lab Hot Plates;;780d5ba8-4c64-464c-b9b1-c47278d2042a;True;0;True
Lab Furnaces;industrial-scientific-lab-scientific-products-lab-instruments-equipment-lab-heating-cooling-equipment-lab-furnace-equipment-Lab Furnaces;;9bf45ab9-d742-4f06-b225-73a4e7bbdf0f;True;0;True
Lab General Purpose Incubators;industrial-scientific-lab-scientific-products-lab-instruments-equipment-lab-heating-cooling-equipment-lab-?ncubators-accessories-Lab General Purpose Incubators;;5ff36e67-b27e-4f9d-b9cf-4eba094c04f5;True;0;True
Lab Incubator Accessories;industrial-scientific-lab-scientific-products-lab-instruments-equipment-lab-heating-cooling-equipment-lab-?ncubators-accessories-Lab Incubator Accessories;;5ff36e67-b27e-4f9d-b9cf-4eba094c04f5;True;0;True
Lab Coolers;industrial-scientific-lab-scientific-products-lab-instruments-equipment-lab-heating-cooling-equipment-lab-refrigeration-equipment-Lab Coolers;;e8117011-5bb4-48ad-acd5-05af154c32b7;True;0;True
Lab Freezers;industrial-scientific-lab-scientific-products-lab-instruments-equipment-lab-heating-cooling-equipment-lab-refrigeration-equipment-Lab Freezers;;e8117011-5bb4-48ad-acd5-05af154c32b7;True;0;True
Lab Oven Accessories;industrial-scientific-lab-scientific-products-lab-instruments-equipment-lab-heating-cooling-equipment-ovens-accessories-Lab Oven Accessories;;273829bb-8502-4db9-bada-9f80081b2c25;True;0;True
Lab Microscope Slide Cover Slips;industrial-scientific-lab-scientific-products-lab-instruments-equipment-lab-microscope-equipment-lab-microscope-accessories-Lab Microscope Slide Cover Slips;;4aa06128-a4f0-41aa-af01-7967c80853c9;True;0;True
Lab Microscope Slide Holders;industrial-scientific-lab-scientific-products-lab-instruments-equipment-lab-microscope-equipment-lab-microscope-accessories-Lab Microscope Slide Holders;;4aa06128-a4f0-41aa-af01-7967c80853c9;True;0;True
Lab Microscope Slides;industrial-scientific-lab-scientific-products-lab-instruments-equipment-lab-microscope-equipment-lab-microscope-accessories-Lab Microscope Slides;;4aa06128-a4f0-41aa-af01-7967c80853c9;True;0;True
Lab Homogenizers;industrial-scientific-lab-scientific-products-lab-instruments-equipment-lab-mixing-blending-equipment-lab-homogenizer-equipment-Lab Homogenizers;;d3664cc1-ee4c-43a7-9488-a9e93337fbac;True;0;True
Lab Orbital Shakers;industrial-scientific-lab-scientific-products-lab-instruments-equipment-lab-mixing-blending-equipment-lab-shakers-accessories-Lab Orbital Shakers;;7391f121-7731-4392-81f4-54df2066520a;True;0;True
Lab Shaker Accessories;industrial-scientific-lab-scientific-products-lab-instruments-equipment-lab-mixing-blending-equipment-lab-shakers-accessories-Lab Shaker Accessories;;7391f121-7731-4392-81f4-54df2066520a;True;0;True
Lab Vortex Shakers;industrial-scientific-lab-scientific-products-lab-instruments-equipment-lab-mixing-blending-equipment-lab-shakers-accessories-Lab Vortex Shakers;;7391f121-7731-4392-81f4-54df2066520a;True;0;True
Lab Mixers;industrial-scientific-lab-scientific-products-lab-instruments-equipment-lab-mixing-blending-equipment-lab-stirrers,-mixers-accessories-Lab Mixers;;c8d2452f-e69a-4d20-aadb-ebcda41c5cb2;True;0;True
Lab Stirrer Bars;industrial-scientific-lab-scientific-products-lab-instruments-equipment-lab-mixing-blending-equipment-lab-stirrers,-mixers-accessories-Lab Stirrer Bars;;c8d2452f-e69a-4d20-aadb-ebcda41c5cb2;True;0;True
Lab Stirrers;industrial-scientific-lab-scientific-products-lab-instruments-equipment-lab-mixing-blending-equipment-lab-stirrers,-mixers-accessories-Lab Stirrers;;c8d2452f-e69a-4d20-aadb-ebcda41c5cb2;True;0;True
Lab Aspirator Pumps;industrial-scientific-lab-scientific-products-lab-instruments-equipment-lab-vacuum-pump-equipment-lab-pumps-accessories-Lab Aspirator Pumps;;18312620-707f-4e98-b42b-217014d034f2;True;0;True
Lab Dosing Pumps;industrial-scientific-lab-scientific-products-lab-instruments-equipment-lab-vacuum-pump-equipment-lab-pumps-accessories-Lab Dosing Pumps;;18312620-707f-4e98-b42b-217014d034f2;True;0;True
Lab Pump Accessories;industrial-scientific-lab-scientific-products-lab-instruments-equipment-lab-vacuum-pump-equipment-lab-pumps-accessories-Lab Pump Accessories;;18312620-707f-4e98-b42b-217014d034f2;True;0;True
Lab Vacuum Pumps;industrial-scientific-lab-scientific-products-lab-instruments-equipment-lab-vacuum-pump-equipment-lab-pumps-accessories-Lab Vacuum Pumps;;18312620-707f-4e98-b42b-217014d034f2;True;0;True
Antistatic Lab Brushes;industrial-scientific-lab-scientific-products-lab-supplies-lab-cleaning-supplies-lab-cleaning-brushes-Antistatic Lab Brushes;;56cb65df-491d-40d9-94b0-a480152a2683;True;0;True
Beaker Cleaning Brushes;industrial-scientific-lab-scientific-products-lab-supplies-lab-cleaning-supplies-lab-cleaning-brushes-Beaker Cleaning Brushes;;56cb65df-491d-40d9-94b0-a480152a2683;True;0;True
Tube Cleaning Lab Brushes;industrial-scientific-lab-scientific-products-lab-supplies-lab-cleaning-supplies-lab-cleaning-brushes-Tube Cleaning Lab Brushes;;56cb65df-491d-40d9-94b0-a480152a2683;True;0;True
Lab Cap Plugs;industrial-scientific-lab-scientific-products-lab-supplies-lab-consumables-lab-stoppers-Lab Cap Plugs;;11c0411a-9e7c-4c4b-b821-481f32199565;True;0;True
Lab Corks;industrial-scientific-lab-scientific-products-lab-supplies-lab-consumables-lab-stoppers-Lab Corks;;11c0411a-9e7c-4c4b-b821-481f32199565;True;0;True
Lab Rubber Stoppers;industrial-scientific-lab-scientific-products-lab-supplies-lab-consumables-lab-stoppers-Lab Rubber Stoppers;;11c0411a-9e7c-4c4b-b821-481f32199565;True;0;True
Lab Dissection Instruments;industrial-scientific-lab-scientific-products-lab-supplies-lab-utensils-lab-dissection-equipment-Lab Dissection Instruments;;f4142603-38a3-4e5a-bb61-904861a6ddfb;True;0;True
Lab Dissection Kits;industrial-scientific-lab-scientific-products-lab-supplies-lab-utensils-lab-dissection-equipment-Lab Dissection Kits;;f4142603-38a3-4e5a-bb61-904861a6ddfb;True;0;True
Gas-Tight Syringes;industrial-scientific-lab-scientific-products-lab-supplies-lab-utensils-lab-syringes-Gas-Tight Syringes;;c0f13afc-e22d-455c-8b2d-804e17dd24d1;True;0;True
Lab Sample Injection Syringes;industrial-scientific-lab-scientific-products-lab-supplies-lab-utensils-lab-syringes-Lab Sample Injection Syringes;;c0f13afc-e22d-455c-8b2d-804e17dd24d1;True;0;True
Lab Crucible Tongs;industrial-scientific-lab-scientific-products-lab-supplies-lab-utensils-lab-tongs-Lab Crucible Tongs;;06674237-c835-4c49-91b5-306fdc501dc2;True;0;True
Lab Natural Proteins;industrial-scientific-lab-scientific-products-life-science-supplies-biomolecules-lab-proteins-Lab Natural Proteins;;7ba109af-647a-4d8b-9a30-f7e2b3d8955b;True;0;True
Lab Recombinant Proteins;industrial-scientific-lab-scientific-products-life-science-supplies-biomolecules-lab-proteins-Lab Recombinant Proteins;;7ba109af-647a-4d8b-9a30-f7e2b3d8955b;True;0;True
Hand Chain Hoists;industrial-scientific-material-handling-products-pulling-lifting-hoists-accessories-manual-hoists-Hand Chain Hoists;;5a54dfc7-be05-46cd-a2ad-77a0042aa2d0;True;0;True
Manual Lever Hoists;industrial-scientific-material-handling-products-pulling-lifting-hoists-accessories-manual-hoists-Manual Lever Hoists;;5a54dfc7-be05-46cd-a2ad-77a0042aa2d0;True;0;True
Ratchet Puller Hoists;industrial-scientific-material-handling-products-pulling-lifting-hoists-accessories-manual-hoists-Ratchet Puller Hoists;;5a54dfc7-be05-46cd-a2ad-77a0042aa2d0;True;0;True
Power Air Hoists;industrial-scientific-material-handling-products-pulling-lifting-hoists-accessories-power-hoists-Power Air Hoists;;431a4026-0fcc-4efe-9f6b-d342fee0b520;True;0;True
Power Electric Hoists;industrial-scientific-material-handling-products-pulling-lifting-hoists-accessories-power-hoists-Power Electric Hoists;;431a4026-0fcc-4efe-9f6b-d342fee0b520;True;0;True
Electric Winches;industrial-scientific-material-handling-products-pulling-lifting-winches-power-winches-Electric Winches;;0d3fc561-9afe-47b5-97fc-549d68f29c3d;True;0;True
Deep-Groove Ball Bearings;industrial-scientific-power-transmission-products-industrial-bearings-ball-bearings-radial-ball-bearings-Deep-Groove Ball Bearings;;34214679-bd19-41de-a0cf-f90cb19fa805;True;0;True
Dental Instrument Labels & Rings;industrial-scientific-professional-dental-supplies-dental-handpieces-instruments-dental-?nstrument-organization-dental-?nstrument-?dentification-Dental Instrument Labels & Rings;;04e098cd-58d8-4533-9ef9-1e8942b6f119;True;0;True
Medical Procedure Masks;industrial-scientific-professional-medical-supplies-medical-apparel-gloves-medical-face-masks-medical-masks-Medical Procedure Masks;;483713db-e544-4736-aa72-ed46ca1e2fbb;True;0;True
Medical Respirator Masks;industrial-scientific-professional-medical-supplies-medical-apparel-gloves-medical-face-masks-medical-masks-Medical Respirator Masks;;483713db-e544-4736-aa72-ed46ca1e2fbb;True;0;True
Surgical Masks;industrial-scientific-professional-medical-supplies-medical-apparel-gloves-medical-face-masks-medical-masks-Surgical Masks;;483713db-e544-4736-aa72-ed46ca1e2fbb;True;0;True
Medical Safety Glasses;industrial-scientific-professional-medical-supplies-medical-apparel-gloves-protective-apparel-medical-eye-protection-Medical Safety Glasses;;c07c75e3-3bdf-4542-91b5-333a48baef30;True;0;True
Medical Safety Goggles;industrial-scientific-professional-medical-supplies-medical-apparel-gloves-protective-apparel-medical-eye-protection-Medical Safety Goggles;;c07c75e3-3bdf-4542-91b5-333a48baef30;True;0;True
All A&E Titles;movies-tv-specialty-stores-custom-stores-dvd-custom-stores-a&e-home-video-All A&E Titles;;c96ad1bf-6669-4033-8ab2-1abf7d44c1e8;True;0;True
All BBC Titles;movies-tv-specialty-stores-custom-stores-dvd-custom-stores-bbc-All BBC Titles;;f3738457-0385-4a1c-98bc-9ad0d604c1cf;True;0;True
Action & Adventure;movies-tv-specialty-stores-custom-stores-dvd-custom-stores-boxed-sets-Action & Adventure;;aac425d9-f495-4107-8d42-17ee35815dd8;True;0;True
Anime;movies-tv-specialty-stores-custom-stores-dvd-custom-stores-boxed-sets-Anime;;aac425d9-f495-4107-8d42-17ee35815dd8;True;0;True
Classics;movies-tv-specialty-stores-custom-stores-dvd-custom-stores-boxed-sets-Classics;;aac425d9-f495-4107-8d42-17ee35815dd8;True;0;True
Comedy;movies-tv-specialty-stores-custom-stores-dvd-custom-stores-boxed-sets-Comedy;;aac425d9-f495-4107-8d42-17ee35815dd8;True;0;True
Documentary;movies-tv-specialty-stores-custom-stores-dvd-custom-stores-boxed-sets-Documentary;;aac425d9-f495-4107-8d42-17ee35815dd8;True;0;True
Drama;movies-tv-specialty-stores-custom-stores-dvd-custom-stores-boxed-sets-Drama;;aac425d9-f495-4107-8d42-17ee35815dd8;True;0;True
Fitness & Yoga;movies-tv-specialty-stores-custom-stores-dvd-custom-stores-boxed-sets-Fitness & Yoga;;aac425d9-f495-4107-8d42-17ee35815dd8;True;0;True
Horror;movies-tv-specialty-stores-custom-stores-dvd-custom-stores-boxed-sets-Horror;;aac425d9-f495-4107-8d42-17ee35815dd8;True;0;True
Kids & Family;movies-tv-specialty-stores-custom-stores-dvd-custom-stores-boxed-sets-Kids & Family;;aac425d9-f495-4107-8d42-17ee35815dd8;True;0;True
Mystery & Suspense;movies-tv-specialty-stores-custom-stores-dvd-custom-stores-boxed-sets-Mystery & Suspense;;aac425d9-f495-4107-8d42-17ee35815dd8;True;0;True
Sci-Fi & Fantasy;movies-tv-specialty-stores-custom-stores-dvd-custom-stores-boxed-sets-Sci-Fi & Fantasy;;aac425d9-f495-4107-8d42-17ee35815dd8;True;0;True
Television;movies-tv-specialty-stores-custom-stores-dvd-custom-stores-boxed-sets-Television;;aac425d9-f495-4107-8d42-17ee35815dd8;True;0;True
Westerns;movies-tv-specialty-stores-custom-stores-dvd-custom-stores-boxed-sets-Westerns;;aac425d9-f495-4107-8d42-17ee35815dd8;True;0;True
Harry Potter;movies-tv-specialty-stores-custom-stores-dvd-custom-stores-characters-series-Harry Potter;;5172a22c-afc7-490a-8546-ba0cd1317e2c;True;0;True
Harry Potter;movies-tv-specialty-stores-custom-stores-dvd-custom-stores-characters-series-Harry Potter;;5172a22c-afc7-490a-8546-ba0cd1317e2c;True;0;True
Mary-Kate & Ashley for Kids & Family;movies-tv-specialty-stores-custom-stores-dvd-custom-stores-characters-series-Mary-Kate & Ashley for Kids & Family;;5172a22c-afc7-490a-8546-ba0cd1317e2c;True;0;True
Mary-Kate & Ashley for Kids & Family;movies-tv-specialty-stores-custom-stores-dvd-custom-stores-characters-series-Mary-Kate & Ashley for Kids & Family;;5172a22c-afc7-490a-8546-ba0cd1317e2c;True;0;True
Scooby Doo;movies-tv-specialty-stores-custom-stores-dvd-custom-stores-characters-series-Scooby Doo;;5172a22c-afc7-490a-8546-ba0cd1317e2c;True;0;True
Scooby Doo;movies-tv-specialty-stores-custom-stores-dvd-custom-stores-characters-series-Scooby Doo;;5172a22c-afc7-490a-8546-ba0cd1317e2c;True;0;True
Shrek;movies-tv-specialty-stores-custom-stores-dvd-custom-stores-characters-series-Shrek;;5172a22c-afc7-490a-8546-ba0cd1317e2c;True;0;True
Wall-E;movies-tv-specialty-stores-custom-stores-dvd-custom-stores-characters-series-Wall-E;;5172a22c-afc7-490a-8546-ba0cd1317e2c;True;0;True
Classic Silent Films;movies-tv-specialty-stores-custom-stores-dvd-custom-stores-classic-films-Classic Silent Films;;84e85d6f-a1fb-45ce-9d25-a464a8d076fe;True;0;True
All;movies-tv-specialty-stores-custom-stores-dvd-custom-stores-criterion-collection-All;;d4c759a8-88ee-45f4-90f1-dbe9b40074c7;True;0;True
Cult Comedy;movies-tv-specialty-stores-custom-stores-dvd-custom-stores-cult-movies-Cult Comedy;;0e3a1b6f-042c-470f-b6b9-79b04afc19f2;True;0;True
Cult Sci-Fi & Fantasy;movies-tv-specialty-stores-custom-stores-dvd-custom-stores-cult-movies-Cult Sci-Fi & Fantasy;;0e3a1b6f-042c-470f-b6b9-79b04afc19f2;True;0;True
DTS;movies-tv-specialty-stores-custom-stores-dvd-custom-stores-fully-loaded-dvds-DTS;;409bcf6a-ab9d-4a50-a598-ea793c8672c5;True;0;True
Extended Editions;movies-tv-specialty-stores-custom-stores-dvd-custom-stores-fully-loaded-dvds-Extended Editions;;409bcf6a-ab9d-4a50-a598-ea793c8672c5;True;0;True
Special Editions;movies-tv-specialty-stores-custom-stores-dvd-custom-stores-fully-loaded-dvds-Special Editions;;409bcf6a-ab9d-4a50-a598-ea793c8672c5;True;0;True
Ultimate Editions;movies-tv-specialty-stores-custom-stores-dvd-custom-stores-fully-loaded-dvds-Ultimate Editions;;409bcf6a-ab9d-4a50-a598-ea793c8672c5;True;0;True
All HBO Titles;movies-tv-specialty-stores-custom-stores-dvd-custom-stores-hbo-All HBO Titles;;3c21813d-4626-4118-99d0-0962cf0dfc9e;True;0;True
Christmas;movies-tv-specialty-stores-custom-stores-dvd-custom-stores-holidays-seasonal-Christmas;;8e760cd1-29e2-41dd-99ee-0336909e7db4;True;0;True
Christmas;movies-tv-specialty-stores-custom-stores-dvd-custom-stores-holidays-seasonal-Christmas;;8e760cd1-29e2-41dd-99ee-0336909e7db4;True;0;True
Christmas;movies-tv-specialty-stores-custom-stores-dvd-custom-stores-holidays-seasonal-Christmas;;8e760cd1-29e2-41dd-99ee-0336909e7db4;True;0;True
Christmas;movies-tv-specialty-stores-custom-stores-dvd-custom-stores-holidays-seasonal-Christmas;;8e760cd1-29e2-41dd-99ee-0336909e7db4;True;0;True
Christmas;movies-tv-specialty-stores-custom-stores-dvd-custom-stores-holidays-seasonal-Christmas;;8e760cd1-29e2-41dd-99ee-0336909e7db4;True;0;True
Christmas;movies-tv-specialty-stores-custom-stores-dvd-custom-stores-holidays-seasonal-Christmas;;8e760cd1-29e2-41dd-99ee-0336909e7db4;True;0;True
Comedy;movies-tv-specialty-stores-custom-stores-dvd-custom-stores-boxed-sets-Comedy;;aac425d9-f495-4107-8d42-17ee35815dd8;True;0;True
Documentary;movies-tv-specialty-stores-custom-stores-dvd-custom-stores-boxed-sets-Documentary;;aac425d9-f495-4107-8d42-17ee35815dd8;True;0;True
Drama;movies-tv-specialty-stores-custom-stores-dvd-custom-stores-boxed-sets-Drama;;aac425d9-f495-4107-8d42-17ee35815dd8;True;0;True
All Titles;movies-tv-specialty-stores-custom-stores-dvd-custom-stores-jane-austen-on-dvd-store-All Titles;;ea452751-7947-4707-a733-d9ddce0aac2c;True;0;True
All Titles;movies-tv-specialty-stores-custom-stores-dvd-custom-stores-jane-austen-on-dvd-store-All Titles;;ea452751-7947-4707-a733-d9ddce0aac2c;True;0;True
All Made-for-TV Movies;movies-tv-specialty-stores-custom-stores-dvd-custom-stores-made-for-tv-movies-All Made-for-TV Movies;;a5951252-9c48-48ae-8370-69141b394f56;True;0;True
All MGM Titles;movies-tv-specialty-stores-custom-stores-dvd-custom-stores-mgm-home-entertainment-All MGM Titles;;f7c347d8-8780-42e0-8bd6-b5dea69b54c6;True;0;True
Jackass;movies-tv-specialty-stores-custom-stores-dvd-custom-stores-mtv-Jackass;;c8d7485a-7e10-498f-a21d-90039d5280e0;True;0;True
Alice Cooper;movies-tv-specialty-stores-custom-stores-dvd-custom-stores-music-artists-Alice Cooper;;4820fb79-5b59-43ad-a07d-3aede2c6aa38;True;0;True
Alice in Chains;movies-tv-specialty-stores-custom-stores-dvd-custom-stores-music-artists-Alice in Chains;;4820fb79-5b59-43ad-a07d-3aede2c6aa38;True;0;True
B.B. King;movies-tv-specialty-stores-custom-stores-dvd-custom-stores-music-artists-B.B. King;;4820fb79-5b59-43ad-a07d-3aede2c6aa38;True;0;True
Billy Joel;movies-tv-specialty-stores-custom-stores-dvd-custom-stores-music-artists-Billy Joel;;4820fb79-5b59-43ad-a07d-3aede2c6aa38;True;0;True
Britney Spears;movies-tv-specialty-stores-custom-stores-dvd-custom-stores-music-artists-Britney Spears;;4820fb79-5b59-43ad-a07d-3aede2c6aa38;True;0;True
Christina Aguilera;movies-tv-specialty-stores-custom-stores-dvd-custom-stores-music-artists-Christina Aguilera;;4820fb79-5b59-43ad-a07d-3aede2c6aa38;True;0;True
David Bowie;movies-tv-specialty-stores-custom-stores-dvd-custom-stores-music-artists-David Bowie;;4820fb79-5b59-43ad-a07d-3aede2c6aa38;True;0;True
Elvis Presley;movies-tv-specialty-stores-custom-stores-dvd-custom-stores-music-artists-Elvis Presley;;4820fb79-5b59-43ad-a07d-3aede2c6aa38;True;0;True
Eric Clapton;movies-tv-specialty-stores-custom-stores-dvd-custom-stores-music-artists-Eric Clapton;;4820fb79-5b59-43ad-a07d-3aede2c6aa38;True;0;True
Fleetwood Mac;movies-tv-specialty-stores-custom-stores-dvd-custom-stores-music-artists-Fleetwood Mac;;4820fb79-5b59-43ad-a07d-3aede2c6aa38;True;0;True
Grateful Dead;movies-tv-specialty-stores-custom-stores-dvd-custom-stores-music-artists-Grateful Dead;;4820fb79-5b59-43ad-a07d-3aede2c6aa38;True;0;True
Johnny Cash;movies-tv-specialty-stores-custom-stores-dvd-custom-stores-music-artists-Johnny Cash;;4820fb79-5b59-43ad-a07d-3aede2c6aa38;True;0;True
Journey;movies-tv-specialty-stores-custom-stores-dvd-custom-stores-music-artists-Journey;;4820fb79-5b59-43ad-a07d-3aede2c6aa38;True;0;True
Louis Armstrong;movies-tv-specialty-stores-custom-stores-dvd-custom-stores-music-artists-Louis Armstrong;;4820fb79-5b59-43ad-a07d-3aede2c6aa38;True;0;True
Mariah Carey;movies-tv-specialty-stores-custom-stores-dvd-custom-stores-music-artists-Mariah Carey;;4820fb79-5b59-43ad-a07d-3aede2c6aa38;True;0;True
Michael Jackson;movies-tv-specialty-stores-custom-stores-dvd-custom-stores-music-artists-Michael Jackson;;4820fb79-5b59-43ad-a07d-3aede2c6aa38;True;0;True
Phil Collins;movies-tv-specialty-stores-custom-stores-dvd-custom-stores-music-artists-Phil Collins;;4820fb79-5b59-43ad-a07d-3aede2c6aa38;True;0;True
Pink Floyd;movies-tv-specialty-stores-custom-stores-dvd-custom-stores-music-artists-Pink Floyd;;4820fb79-5b59-43ad-a07d-3aede2c6aa38;True;0;True
Prince;movies-tv-specialty-stores-custom-stores-dvd-custom-stores-music-artists-Prince;;4820fb79-5b59-43ad-a07d-3aede2c6aa38;True;0;True
Roy Orbison;movies-tv-specialty-stores-custom-stores-dvd-custom-stores-music-artists-Roy Orbison;;4820fb79-5b59-43ad-a07d-3aede2c6aa38;True;0;True
Shania Twain;movies-tv-specialty-stores-custom-stores-dvd-custom-stores-music-artists-Shania Twain;;4820fb79-5b59-43ad-a07d-3aede2c6aa38;True;0;True
Snoop Dogg;movies-tv-specialty-stores-custom-stores-dvd-custom-stores-music-artists-Snoop Dogg;;4820fb79-5b59-43ad-a07d-3aede2c6aa38;True;0;True
Tenacious D;movies-tv-specialty-stores-custom-stores-dvd-custom-stores-music-artists-Tenacious D;;4820fb79-5b59-43ad-a07d-3aede2c6aa38;True;0;True
The Beatles;movies-tv-specialty-stores-custom-stores-dvd-custom-stores-music-artists-The Beatles;;4820fb79-5b59-43ad-a07d-3aede2c6aa38;True;0;True
The Beatles;movies-tv-specialty-stores-custom-stores-dvd-custom-stores-music-artists-The Beatles;;4820fb79-5b59-43ad-a07d-3aede2c6aa38;True;0;True
The Beatles;movies-tv-specialty-stores-custom-stores-dvd-custom-stores-music-artists-The Beatles;;4820fb79-5b59-43ad-a07d-3aede2c6aa38;True;0;True
Tina Turner;movies-tv-specialty-stores-custom-stores-dvd-custom-stores-music-artists-Tina Turner;;4820fb79-5b59-43ad-a07d-3aede2c6aa38;True;0;True
Weird Al;movies-tv-specialty-stores-custom-stores-dvd-custom-stores-music-artists-Weird Al;;4820fb79-5b59-43ad-a07d-3aede2c6aa38;True;0;True
Ballet & Dance;movies-tv-specialty-stores-custom-stores-dvd-custom-stores-musicals-performing-arts-Ballet & Dance;;7830aba3-fa93-49e4-a80b-f20a3536db38;True;0;True
Classical Music;movies-tv-specialty-stores-custom-stores-dvd-custom-stores-musicals-performing-arts-Classical Music;;7830aba3-fa93-49e4-a80b-f20a3536db38;True;0;True
Musicals;movies-tv-specialty-stores-custom-stores-dvd-custom-stores-musicals-performing-arts-Musicals;;7830aba3-fa93-49e4-a80b-f20a3536db38;True;0;True
Action & Adventure;movies-tv-specialty-stores-custom-stores-dvd-custom-stores-boxed-sets-Action & Adventure;;aac425d9-f495-4107-8d42-17ee35815dd8;True;0;True
Boxed Sets;movies-tv-specialty-stores-custom-stores-dvd-custom-stores-paramount-home-entertainment-Boxed Sets;;d5ade4ad-9f5b-452d-b08f-487ebb8da740;True;0;True
Classics;movies-tv-specialty-stores-custom-stores-dvd-custom-stores-boxed-sets-Classics;;aac425d9-f495-4107-8d42-17ee35815dd8;True;0;True
Comedy;movies-tv-specialty-stores-custom-stores-dvd-custom-stores-boxed-sets-Comedy;;aac425d9-f495-4107-8d42-17ee35815dd8;True;0;True
Drama;movies-tv-specialty-stores-custom-stores-dvd-custom-stores-boxed-sets-Drama;;aac425d9-f495-4107-8d42-17ee35815dd8;True;0;True
DreamWorks;movies-tv-specialty-stores-custom-stores-dvd-custom-stores-paramount-home-entertainment-DreamWorks;;d5ade4ad-9f5b-452d-b08f-487ebb8da740;True;0;True
All;movies-tv-specialty-stores-custom-stores-dvd-custom-stores-criterion-collection-All;;d4c759a8-88ee-45f4-90f1-dbe9b40074c7;True;0;True
Fantasy;movies-tv-specialty-stores-custom-stores-dvd-custom-stores-science-fiction-fantasy-Fantasy;;4d1db27d-3e23-4532-892b-ed06c5fa32f2;True;0;True
Science Fiction;movies-tv-specialty-stores-custom-stores-dvd-custom-stores-science-fiction-fantasy-Science Fiction;;4d1db27d-3e23-4532-892b-ed06c5fa32f2;True;0;True
Science Fiction;movies-tv-specialty-stores-custom-stores-dvd-custom-stores-science-fiction-fantasy-Science Fiction;;4d1db27d-3e23-4532-892b-ed06c5fa32f2;True;0;True
Science Fiction;movies-tv-specialty-stores-custom-stores-dvd-custom-stores-science-fiction-fantasy-Science Fiction;;4d1db27d-3e23-4532-892b-ed06c5fa32f2;True;0;True
Science Fiction;movies-tv-specialty-stores-custom-stores-dvd-custom-stores-science-fiction-fantasy-Science Fiction;;4d1db27d-3e23-4532-892b-ed06c5fa32f2;True;0;True
Science Fiction;movies-tv-specialty-stores-custom-stores-dvd-custom-stores-science-fiction-fantasy-Science Fiction;;4d1db27d-3e23-4532-892b-ed06c5fa32f2;True;0;True
Science Fiction;movies-tv-specialty-stores-custom-stores-dvd-custom-stores-science-fiction-fantasy-Science Fiction;;4d1db27d-3e23-4532-892b-ed06c5fa32f2;True;0;True
Science Fiction;movies-tv-specialty-stores-custom-stores-dvd-custom-stores-science-fiction-fantasy-Science Fiction;;4d1db27d-3e23-4532-892b-ed06c5fa32f2;True;0;True
Science Fiction;movies-tv-specialty-stores-custom-stores-dvd-custom-stores-science-fiction-fantasy-Science Fiction;;4d1db27d-3e23-4532-892b-ed06c5fa32f2;True;0;True
Science Fiction;movies-tv-specialty-stores-custom-stores-dvd-custom-stores-science-fiction-fantasy-Science Fiction;;4d1db27d-3e23-4532-892b-ed06c5fa32f2;True;0;True
Science Fiction;movies-tv-specialty-stores-custom-stores-dvd-custom-stores-science-fiction-fantasy-Science Fiction;;4d1db27d-3e23-4532-892b-ed06c5fa32f2;True;0;True
All Showtime Titles;movies-tv-specialty-stores-custom-stores-dvd-custom-stores-showtime-All Showtime Titles;;2ae8a504-3690-4d76-bd5f-15145da66a3e;True;0;True
20th Century Fox Home Entertainment;movies-tv-specialty-stores-custom-stores-dvd-custom-stores-studio-specials-20th Century Fox Home Entertainment;;85e45b18-eb77-46d2-a775-9253718482c7;True;0;True
20th Century Fox Home Entertainment;movies-tv-specialty-stores-custom-stores-dvd-custom-stores-studio-specials-20th Century Fox Home Entertainment;;85e45b18-eb77-46d2-a775-9253718482c7;True;0;True
20th Century Fox Home Entertainment;movies-tv-specialty-stores-custom-stores-dvd-custom-stores-studio-specials-20th Century Fox Home Entertainment;;85e45b18-eb77-46d2-a775-9253718482c7;True;0;True
20th Century Fox Home Entertainment;movies-tv-specialty-stores-custom-stores-dvd-custom-stores-studio-specials-20th Century Fox Home Entertainment;;85e45b18-eb77-46d2-a775-9253718482c7;True;0;True
20th Century Fox Home Entertainment;movies-tv-specialty-stores-custom-stores-dvd-custom-stores-studio-specials-20th Century Fox Home Entertainment;;85e45b18-eb77-46d2-a775-9253718482c7;True;0;True
20th Century Fox Home Entertainment;movies-tv-specialty-stores-custom-stores-dvd-custom-stores-studio-specials-20th Century Fox Home Entertainment;;85e45b18-eb77-46d2-a775-9253718482c7;True;0;True
20th Century Fox Home Entertainment;movies-tv-specialty-stores-custom-stores-dvd-custom-stores-studio-specials-20th Century Fox Home Entertainment;;85e45b18-eb77-46d2-a775-9253718482c7;True;0;True
20th Century Fox Home Entertainment;movies-tv-specialty-stores-custom-stores-dvd-custom-stores-studio-specials-20th Century Fox Home Entertainment;;85e45b18-eb77-46d2-a775-9253718482c7;True;0;True
20th Century Fox Home Entertainment;movies-tv-specialty-stores-custom-stores-dvd-custom-stores-studio-specials-20th Century Fox Home Entertainment;;85e45b18-eb77-46d2-a775-9253718482c7;True;0;True
20th Century Fox Home Entertainment;movies-tv-specialty-stores-custom-stores-dvd-custom-stores-studio-specials-20th Century Fox Home Entertainment;;85e45b18-eb77-46d2-a775-9253718482c7;True;0;True
20th Century Fox Home Entertainment;movies-tv-specialty-stores-custom-stores-dvd-custom-stores-studio-specials-20th Century Fox Home Entertainment;;85e45b18-eb77-46d2-a775-9253718482c7;True;0;True
20th Century Fox Home Entertainment;movies-tv-specialty-stores-custom-stores-dvd-custom-stores-studio-specials-20th Century Fox Home Entertainment;;85e45b18-eb77-46d2-a775-9253718482c7;True;0;True
ABC TV Shows;movies-tv-specialty-stores-custom-stores-dvd-custom-stores-studio-specials-ABC TV Shows;;85e45b18-eb77-46d2-a775-9253718482c7;True;0;True
Focus Features;movies-tv-specialty-stores-custom-stores-dvd-custom-stores-studio-specials-Focus Features;;85e45b18-eb77-46d2-a775-9253718482c7;True;0;True
Focus Features;movies-tv-specialty-stores-custom-stores-dvd-custom-stores-studio-specials-Focus Features;;85e45b18-eb77-46d2-a775-9253718482c7;True;0;True
Lionsgate Home Entertainment;movies-tv-specialty-stores-custom-stores-dvd-custom-stores-studio-specials-Lionsgate Home Entertainment;;85e45b18-eb77-46d2-a775-9253718482c7;True;0;True
Lionsgate Home Entertainment;movies-tv-specialty-stores-custom-stores-dvd-custom-stores-studio-specials-Lionsgate Home Entertainment;;85e45b18-eb77-46d2-a775-9253718482c7;True;0;True
Lionsgate Home Entertainment;movies-tv-specialty-stores-custom-stores-dvd-custom-stores-studio-specials-Lionsgate Home Entertainment;;85e45b18-eb77-46d2-a775-9253718482c7;True;0;True
Lionsgate Home Entertainment;movies-tv-specialty-stores-custom-stores-dvd-custom-stores-studio-specials-Lionsgate Home Entertainment;;85e45b18-eb77-46d2-a775-9253718482c7;True;0;True
Miramax Home Entertainment;movies-tv-specialty-stores-custom-stores-dvd-custom-stores-studio-specials-Miramax Home Entertainment;;85e45b18-eb77-46d2-a775-9253718482c7;True;0;True
Miramax Home Entertainment;movies-tv-specialty-stores-custom-stores-dvd-custom-stores-studio-specials-Miramax Home Entertainment;;85e45b18-eb77-46d2-a775-9253718482c7;True;0;True
Sci Fi Channel;movies-tv-specialty-stores-custom-stores-dvd-custom-stores-studio-specials-Sci Fi Channel;;85e45b18-eb77-46d2-a775-9253718482c7;True;0;True
Sci Fi Channel;movies-tv-specialty-stores-custom-stores-dvd-custom-stores-studio-specials-Sci Fi Channel;;85e45b18-eb77-46d2-a775-9253718482c7;True;0;True
Sony Pictures Home Entertainment;movies-tv-specialty-stores-custom-stores-dvd-custom-stores-studio-specials-Sony Pictures Home Entertainment;;85e45b18-eb77-46d2-a775-9253718482c7;True;0;True
Sony Pictures Home Entertainment;movies-tv-specialty-stores-custom-stores-dvd-custom-stores-studio-specials-Sony Pictures Home Entertainment;;85e45b18-eb77-46d2-a775-9253718482c7;True;0;True
Sundance Channel Home Entertainment;movies-tv-specialty-stores-custom-stores-dvd-custom-stores-studio-specials-Sundance Channel Home Entertainment;;85e45b18-eb77-46d2-a775-9253718482c7;True;0;True
Sundance Channel Home Entertainment;movies-tv-specialty-stores-custom-stores-dvd-custom-stores-studio-specials-Sundance Channel Home Entertainment;;85e45b18-eb77-46d2-a775-9253718482c7;True;0;True
Universal Studios Home Entertainment;movies-tv-specialty-stores-custom-stores-dvd-custom-stores-studio-specials-Universal Studios Home Entertainment;;85e45b18-eb77-46d2-a775-9253718482c7;True;0;True
Universal Studios Home Entertainment;movies-tv-specialty-stores-custom-stores-dvd-custom-stores-studio-specials-Universal Studios Home Entertainment;;85e45b18-eb77-46d2-a775-9253718482c7;True;0;True
Warner Home Video;movies-tv-specialty-stores-custom-stores-dvd-custom-stores-studio-specials-Warner Home Video;;85e45b18-eb77-46d2-a775-9253718482c7;True;0;True
Warner Home Video;movies-tv-specialty-stores-custom-stores-dvd-custom-stores-studio-specials-Warner Home Video;;85e45b18-eb77-46d2-a775-9253718482c7;True;0;True
Warner Home Video;movies-tv-specialty-stores-custom-stores-dvd-custom-stores-studio-specials-Warner Home Video;;85e45b18-eb77-46d2-a775-9253718482c7;True;0;True
All Terminator;movies-tv-specialty-stores-custom-stores-dvd-custom-stores-terminator-All Terminator;;84463f73-eaa7-4338-a700-d9503e1be601;True;0;True
Twilight Zone DVDs;movies-tv-specialty-stores-custom-stores-dvd-custom-stores-the-twilight-zone-Twilight Zone DVDs;;15c48f71-0d17-4a4a-aff4-1e8b0785e778;True;0;True
All Disney Titles;movies-tv-specialty-stores-custom-stores-dvd-custom-stores-walt-disney-studios-home-entertainment-All Disney Titles;;f0af1e43-8c17-48cd-9ba1-101aa19d9b95;True;0;True
Disney Channel;movies-tv-specialty-stores-custom-stores-dvd-custom-stores-walt-disney-studios-home-entertainment-Disney Channel;;f0af1e43-8c17-48cd-9ba1-101aa19d9b95;True;0;True
Disney Channel;movies-tv-specialty-stores-custom-stores-dvd-custom-stores-walt-disney-studios-home-entertainment-Disney Channel;;f0af1e43-8c17-48cd-9ba1-101aa19d9b95;True;0;True
Disney Channel;movies-tv-specialty-stores-custom-stores-dvd-custom-stores-walt-disney-studios-home-entertainment-Disney Channel;;f0af1e43-8c17-48cd-9ba1-101aa19d9b95;True;0;True
Live Action;movies-tv-specialty-stores-custom-stores-dvd-custom-stores-walt-disney-studios-home-entertainment-Live Action;;f0af1e43-8c17-48cd-9ba1-101aa19d9b95;True;0;True
Live Action;movies-tv-specialty-stores-custom-stores-dvd-custom-stores-walt-disney-studios-home-entertainment-Live Action;;f0af1e43-8c17-48cd-9ba1-101aa19d9b95;True;0;True
Live Action;movies-tv-specialty-stores-custom-stores-dvd-custom-stores-walt-disney-studios-home-entertainment-Live Action;;f0af1e43-8c17-48cd-9ba1-101aa19d9b95;True;0;True
All Disney Titles;movies-tv-specialty-stores-custom-stores-dvd-custom-stores-walt-disney-studios-home-entertainment-All Disney Titles;;f0af1e43-8c17-48cd-9ba1-101aa19d9b95;True;0;True
By Age;movies-tv-specialty-stores-custom-stores-vhs-custom-stores-disney-home-video-By Age;;04426e20-6677-49fd-9d35-509ca5975439;True;0;True
By Age;movies-tv-specialty-stores-custom-stores-vhs-custom-stores-disney-home-video-By Age;;04426e20-6677-49fd-9d35-509ca5975439;True;0;True
Widescreen;movies-tv-specialty-stores-custom-stores-vhs-custom-stores-formats-Widescreen;;7ac05454-6758-4439-ac70-8f15039ac386;True;0;True
Widescreen;movies-tv-specialty-stores-custom-stores-vhs-custom-stores-formats-Widescreen;;7ac05454-6758-4439-ac70-8f15039ac386;True;0;True
Sony Pictures Home Entertainment;movies-tv-specialty-stores-custom-stores-dvd-custom-stores-studio-specials-Sony Pictures Home Entertainment;;85e45b18-eb77-46d2-a775-9253718482c7;True;0;True
Sony Pictures Home Entertainment;movies-tv-specialty-stores-custom-stores-dvd-custom-stores-studio-specials-Sony Pictures Home Entertainment;;85e45b18-eb77-46d2-a775-9253718482c7;True;0;True
Floor Tom-Tom Drums;musical-instruments-drums-percussion-drum-sets-set-components-drum-set-drums-drum-set-tom-toms-Floor Tom-Tom Drums;;f4a1f223-e4ee-44ca-bde0-4943197b7e56;True;0;True
Rack Tom-Tom Drums;musical-instruments-drums-percussion-drum-sets-set-components-drum-set-drums-drum-set-tom-toms-Rack Tom-Tom Drums;;f4a1f223-e4ee-44ca-bde0-4943197b7e56;True;0;True
Roto Tom-Tom Drums;musical-instruments-drums-percussion-drum-sets-set-components-drum-set-drums-drum-set-tom-toms-Roto Tom-Tom Drums;;f4a1f223-e4ee-44ca-bde0-4943197b7e56;True;0;True
Agogo Bells;musical-instruments-drums-percussion-hand-percussion-instruments-folk-world-hand-percussion-?nstruments-latin-hand-percussion-?nstruments-Agogo Bells;;dc88c331-6726-4c68-8a52-d52bd985a761;True;0;True
Cabasas;musical-instruments-drums-percussion-hand-percussion-instruments-folk-world-hand-percussion-?nstruments-latin-hand-percussion-?nstruments-Cabasas;;dc88c331-6726-4c68-8a52-d52bd985a761;True;0;True
Claves;musical-instruments-drums-percussion-hand-percussion-instruments-folk-world-hand-percussion-?nstruments-latin-hand-percussion-?nstruments-Claves;;dc88c331-6726-4c68-8a52-d52bd985a761;True;0;True
Guiros;musical-instruments-drums-percussion-hand-percussion-instruments-folk-world-hand-percussion-?nstruments-latin-hand-percussion-?nstruments-Guiros;;dc88c331-6726-4c68-8a52-d52bd985a761;True;0;True
Hand Percussion Rattles;musical-instruments-drums-percussion-hand-percussion-instruments-folk-world-hand-percussion-?nstruments-maracas,-shakers-rattles-Hand Percussion Rattles;;db20f236-f1e0-47bd-b391-bffb980675a9;True;0;True
Hand Percussion Shakers;musical-instruments-drums-percussion-hand-percussion-instruments-folk-world-hand-percussion-?nstruments-maracas,-shakers-rattles-Hand Percussion Shakers;;db20f236-f1e0-47bd-b391-bffb980675a9;True;0;True
Maracas;musical-instruments-drums-percussion-hand-percussion-instruments-folk-world-hand-percussion-?nstruments-maracas,-shakers-rattles-Maracas;;db20f236-f1e0-47bd-b391-bffb980675a9;True;0;True
DJ Cartridge Bags & Cases;musical-instruments-electronic-music-dj-karaoke-dj-equipment-dj-accessories-equipment-dj-bags-cases-DJ Cartridge Bags & Cases;;78128d01-3f6f-422b-aa6f-7e846ea62bdc;True;0;True
DJ CD Player Bags & Cases;musical-instruments-electronic-music-dj-karaoke-dj-equipment-dj-accessories-equipment-dj-bags-cases-DJ CD Player Bags & Cases;;78128d01-3f6f-422b-aa6f-7e846ea62bdc;True;0;True
DJ Mixer Bags & Cases;musical-instruments-electronic-music-dj-karaoke-dj-equipment-dj-accessories-equipment-dj-bags-cases-DJ Mixer Bags & Cases;;78128d01-3f6f-422b-aa6f-7e846ea62bdc;True;0;True
DJ Turntable Bags & Cases;musical-instruments-electronic-music-dj-karaoke-dj-equipment-dj-accessories-equipment-dj-bags-cases-DJ Turntable Bags & Cases;;78128d01-3f6f-422b-aa6f-7e846ea62bdc;True;0;True
Bass Drum Accessories;musical-instruments-musical-?nstrument-accessories-drum-percussion-accessories-concert-percussion-accessories-concert-percussion-drum-accessories-Bass Drum Accessories;;13d234ac-7af4-4849-9a53-3d46a1f3ea8e;True;0;True
Bass Drum Accessories;musical-instruments-musical-?nstrument-accessories-drum-percussion-accessories-concert-percussion-accessories-concert-percussion-drum-accessories-Bass Drum Accessories;;13d234ac-7af4-4849-9a53-3d46a1f3ea8e;True;0;True
Snare Drum Accessories;musical-instruments-musical-?nstrument-accessories-drum-percussion-accessories-concert-percussion-accessories-concert-percussion-drum-accessories-Snare Drum Accessories;;13d234ac-7af4-4849-9a53-3d46a1f3ea8e;True;0;True
Snare Drum Accessories;musical-instruments-musical-?nstrument-accessories-drum-percussion-accessories-concert-percussion-accessories-concert-percussion-drum-accessories-Snare Drum Accessories;;13d234ac-7af4-4849-9a53-3d46a1f3ea8e;True;0;True
Snare Drum Accessories;musical-instruments-musical-?nstrument-accessories-drum-percussion-accessories-concert-percussion-accessories-concert-percussion-drum-accessories-Snare Drum Accessories;;13d234ac-7af4-4849-9a53-3d46a1f3ea8e;True;0;True
Snare Drum Accessories;musical-instruments-musical-?nstrument-accessories-drum-percussion-accessories-concert-percussion-accessories-concert-percussion-drum-accessories-Snare Drum Accessories;;13d234ac-7af4-4849-9a53-3d46a1f3ea8e;True;0;True
Tom-Tom Accessories;musical-instruments-musical-?nstrument-accessories-drum-percussion-accessories-concert-percussion-accessories-concert-percussion-drum-accessories-Tom-Tom Accessories;;13d234ac-7af4-4849-9a53-3d46a1f3ea8e;True;0;True
Bongo Stands;musical-instruments-musical-?nstrument-accessories-drum-percussion-accessories-drum-percussion-hardware-drum-percussion-stands-racks-Bongo Stands;;84c3af4c-388d-4975-913d-260052a96445;True;0;True
Drum Set Cymbal Stackers;musical-instruments-musical-?nstrument-accessories-drum-percussion-accessories-drum-percussion-hardware-drum-set-mounting-hardware-Drum Set Cymbal Stackers;;0aed70ef-c1f3-4a4a-9eb8-2d2ec9c1b7e9;True;0;True
Drum Set Mounting Arms;musical-instruments-musical-?nstrument-accessories-drum-percussion-accessories-drum-percussion-hardware-drum-set-mounting-hardware-Drum Set Mounting Arms;;0aed70ef-c1f3-4a4a-9eb8-2d2ec9c1b7e9;True;0;True
Drum Set Mounting Clamps;musical-instruments-musical-?nstrument-accessories-drum-percussion-accessories-drum-percussion-hardware-drum-set-mounting-hardware-Drum Set Mounting Clamps;;0aed70ef-c1f3-4a4a-9eb8-2d2ec9c1b7e9;True;0;True
Drum Set Mounting Racks;musical-instruments-musical-?nstrument-accessories-drum-percussion-accessories-drum-percussion-hardware-drum-set-mounting-hardware-Drum Set Mounting Racks;;0aed70ef-c1f3-4a4a-9eb8-2d2ec9c1b7e9;True;0;True
Drum Set Percussion Mounts;musical-instruments-musical-?nstrument-accessories-drum-percussion-accessories-drum-percussion-hardware-drum-set-mounting-hardware-Drum Set Percussion Mounts;;0aed70ef-c1f3-4a4a-9eb8-2d2ec9c1b7e9;True;0;True
Bass Drum Pedals;musical-instruments-musical-?nstrument-accessories-drum-percussion-accessories-drum-set-accessories-drum-set-drum-accessories-Bass Drum Pedals;;a872b2a6-d03c-4b80-bb18-0bd0f8a55485;True;0;True
Bongo Accessories;musical-instruments-musical-?nstrument-accessories-drum-percussion-accessories-drum-set-accessories-drum-set-drum-accessories-Bongo Accessories;;a872b2a6-d03c-4b80-bb18-0bd0f8a55485;True;0;True
Bass Drumheads;musical-instruments-musical-?nstrument-accessories-drum-percussion-accessories-drum-set-accessories-drum-set-drumheads-Bass Drumheads;;f4a87b9c-ef3b-438f-b964-c70e0c969ea6;True;0;True
Drum Set Snare Drumheads;musical-instruments-musical-?nstrument-accessories-drum-percussion-accessories-drum-set-accessories-drum-set-drumheads-Drum Set Snare Drumheads;;f4a87b9c-ef3b-438f-b964-c70e0c969ea6;True;0;True
Drum Set Tom-Tom Drumheads;musical-instruments-musical-?nstrument-accessories-drum-percussion-accessories-drum-set-accessories-drum-set-drumheads-Drum Set Tom-Tom Drumheads;;f4a87b9c-ef3b-438f-b964-c70e0c969ea6;True;0;True
Cymbal Stands;musical-instruments-musical-?nstrument-accessories-drum-percussion-accessories-drum-set-accessories-drum-set-stands-Cymbal Stands;;7a819039-ba19-48c2-b2b6-d9b3d826d4e8;True;0;True
Cymbal Stands;musical-instruments-musical-?nstrument-accessories-drum-percussion-accessories-drum-set-accessories-drum-set-stands-Cymbal Stands;;7a819039-ba19-48c2-b2b6-d9b3d826d4e8;True;0;True
Cymbal Stands;musical-instruments-musical-?nstrument-accessories-drum-percussion-accessories-drum-set-accessories-drum-set-stands-Cymbal Stands;;7a819039-ba19-48c2-b2b6-d9b3d826d4e8;True;0;True
Cymbal Stands;musical-instruments-musical-?nstrument-accessories-drum-percussion-accessories-drum-set-accessories-drum-set-stands-Cymbal Stands;;7a819039-ba19-48c2-b2b6-d9b3d826d4e8;True;0;True
Drum Set Bass Drum Stands;musical-instruments-musical-?nstrument-accessories-drum-percussion-accessories-drum-set-accessories-drum-set-stands-Drum Set Bass Drum Stands;;7a819039-ba19-48c2-b2b6-d9b3d826d4e8;True;0;True
Drum Set Snare Drum Stands;musical-instruments-musical-?nstrument-accessories-drum-percussion-accessories-drum-set-accessories-drum-set-stands-Drum Set Snare Drum Stands;;7a819039-ba19-48c2-b2b6-d9b3d826d4e8;True;0;True
Drum Set Tom-Tom Stands;musical-instruments-musical-?nstrument-accessories-drum-percussion-accessories-drum-set-accessories-drum-set-stands-Drum Set Tom-Tom Stands;;7a819039-ba19-48c2-b2b6-d9b3d826d4e8;True;0;True
Gong Stands;musical-instruments-musical-?nstrument-accessories-drum-percussion-accessories-drum-set-accessories-drum-set-stands-Gong Stands;;7a819039-ba19-48c2-b2b6-d9b3d826d4e8;True;0;True
Marching Bass Drum Accessories;musical-instruments-musical-?nstrument-accessories-drum-percussion-accessories-marching-percussion-accessories-marching-percussion-drum-accessories-Marching Bass Drum Accessories;;a9237893-f406-4558-8537-f34aac3b9231;True;0;True
Marching Bass Drum Accessories;musical-instruments-musical-?nstrument-accessories-drum-percussion-accessories-marching-percussion-accessories-marching-percussion-drum-accessories-Marching Bass Drum Accessories;;a9237893-f406-4558-8537-f34aac3b9231;True;0;True
Marching Snare Drum Accessories;musical-instruments-musical-?nstrument-accessories-drum-percussion-accessories-marching-percussion-accessories-marching-percussion-drum-accessories-Marching Snare Drum Accessories;;a9237893-f406-4558-8537-f34aac3b9231;True;0;True
Marching Bass Drum Drumheads;musical-instruments-musical-?nstrument-accessories-drum-percussion-accessories-marching-percussion-accessories-marching-percussion-drumheads-Marching Bass Drum Drumheads;;733ca973-5c10-43a4-b807-72e48b607a1e;True;0;True
Marching Snare Drum Drumheads;musical-instruments-musical-?nstrument-accessories-drum-percussion-accessories-marching-percussion-accessories-marching-percussion-drumheads-Marching Snare Drum Drumheads;;733ca973-5c10-43a4-b807-72e48b607a1e;True;0;True
Marching Tom-Tom Drumheads;musical-instruments-musical-?nstrument-accessories-drum-percussion-accessories-marching-percussion-accessories-marching-percussion-drumheads-Marching Tom-Tom Drumheads;;733ca973-5c10-43a4-b807-72e48b607a1e;True;0;True
Guitar Amplifier Speakers;musical-instruments-musical-?nstrument-accessories-guitar-bass-accessories-amplifier-accessories-guitar-amplifier-parts-Guitar Amplifier Speakers;;05627f4d-ec26-4d51-9668-4ddb3ce0c3a8;True;0;True
Guitar Amplifier Tubes;musical-instruments-musical-?nstrument-accessories-guitar-bass-accessories-amplifier-accessories-guitar-amplifier-parts-Guitar Amplifier Tubes;;05627f4d-ec26-4d51-9668-4ddb3ce0c3a8;True;0;True
Hangers for Multiple Guitars & Basses;musical-instruments-musical-?nstrument-accessories-guitar-bass-accessories-guitar-bass-stands-hangers-guitar-bass-hangers-Hangers for Multiple Guitars & Basses;;5e4cf8e7-9bd9-402c-a056-cedebe8251c4;True;0;True
Hangers for Single Guitars & Basses;musical-instruments-musical-?nstrument-accessories-guitar-bass-accessories-guitar-bass-stands-hangers-guitar-bass-hangers-Hangers for Single Guitars & Basses;;5e4cf8e7-9bd9-402c-a056-cedebe8251c4;True;0;True
Stands for Multiple Guitars & Basses;musical-instruments-musical-?nstrument-accessories-guitar-bass-accessories-guitar-bass-stands-hangers-guitar-bass-stands-Stands for Multiple Guitars & Basses;;6c547468-fe5e-45a6-9479-4c05c17c1476;True;0;True
Stands for Single Guitars & Basses;musical-instruments-musical-?nstrument-accessories-guitar-bass-accessories-guitar-bass-stands-hangers-guitar-bass-stands-Stands for Single Guitars & Basses;;6c547468-fe5e-45a6-9479-4c05c17c1476;True;0;True
Cello Stands;musical-instruments-musical-?nstrument-accessories-orchestral-strings-accessories-parts-orchestral-string-?nstrument-stands-hangers-cello-stands-hangers-Cello Stands;;0a994141-3ab4-4568-9f8e-f8f6fd504e8a;True;0;True
Upright & Double Bass Stands;musical-instruments-musical-?nstrument-accessories-orchestral-strings-accessories-parts-orchestral-string-?nstrument-stands-hangers-string-bass-stands-Upright & Double Bass Stands;;ee256d73-27b6-454a-86bd-694737b000e4;True;0;True
Violin Hangers;musical-instruments-musical-?nstrument-accessories-orchestral-strings-accessories-parts-orchestral-string-?nstrument-stands-hangers-violin-stands-Violin Hangers;;b132a0cc-9e0d-4643-98a0-4181034bbb8f;True;0;True
Violin Racks;musical-instruments-musical-?nstrument-accessories-orchestral-strings-accessories-parts-orchestral-string-?nstrument-stands-hangers-violin-stands-Violin Racks;;b132a0cc-9e0d-4643-98a0-4181034bbb8f;True;0;True
Violin Stands;musical-instruments-musical-?nstrument-accessories-orchestral-strings-accessories-parts-orchestral-string-?nstrument-stands-hangers-violin-stands-Violin Stands;;b132a0cc-9e0d-4643-98a0-4181034bbb8f;True;0;True
Alto Saxes Bags & Cases;musical-instruments-musical-?nstrument-accessories-wind-woodwind-accessories-woodwind-?nstrument-bags-cases-saxophone-bags-cases-Alto Saxes Bags & Cases;;e4cd5556-a878-4f09-94fe-0c74716bc511;True;0;True
Baritone Saxes Bags & Cases;musical-instruments-musical-?nstrument-accessories-wind-woodwind-accessories-woodwind-?nstrument-bags-cases-saxophone-bags-cases-Baritone Saxes Bags & Cases;;e4cd5556-a878-4f09-94fe-0c74716bc511;True;0;True
Tenor Saxes Bags & Cases;musical-instruments-musical-?nstrument-accessories-wind-woodwind-accessories-woodwind-?nstrument-bags-cases-saxophone-bags-cases-Tenor Saxes Bags & Cases;;e4cd5556-a878-4f09-94fe-0c74716bc511;True;0;True
Alto Saxophone Ligatures;musical-instruments-musical-?nstrument-accessories-wind-woodwind-accessories-woodwind-?nstrument-ligatures-saxophone-ligatures-Alto Saxophone Ligatures;;fe1af88f-b769-4630-97f9-b71745910a78;True;0;True
Baritone Saxophone Ligatures;musical-instruments-musical-?nstrument-accessories-wind-woodwind-accessories-woodwind-?nstrument-ligatures-saxophone-ligatures-Baritone Saxophone Ligatures;;fe1af88f-b769-4630-97f9-b71745910a78;True;0;True
Soprano Saxophone Ligatures;musical-instruments-musical-?nstrument-accessories-wind-woodwind-accessories-woodwind-?nstrument-ligatures-saxophone-ligatures-Soprano Saxophone Ligatures;;fe1af88f-b769-4630-97f9-b71745910a78;True;0;True
Tenor Saxophone Ligatures;musical-instruments-musical-?nstrument-accessories-wind-woodwind-accessories-woodwind-?nstrument-ligatures-saxophone-ligatures-Tenor Saxophone Ligatures;;fe1af88f-b769-4630-97f9-b71745910a78;True;0;True
Alto Saxophones Mouthpieces;musical-instruments-musical-?nstrument-accessories-wind-woodwind-accessories-woodwind-?nstrument-mouthpieces-saxophone-mouthpieces-Alto Saxophones Mouthpieces;;358f1a9b-2cbc-4680-a538-b5a4e95c510b;True;0;True
Baritone Saxophones Mouthpieces;musical-instruments-musical-?nstrument-accessories-wind-woodwind-accessories-woodwind-?nstrument-mouthpieces-saxophone-mouthpieces-Baritone Saxophones Mouthpieces;;358f1a9b-2cbc-4680-a538-b5a4e95c510b;True;0;True
Soprano Saxophones Mouthpieces;musical-instruments-musical-?nstrument-accessories-wind-woodwind-accessories-woodwind-?nstrument-mouthpieces-saxophone-mouthpieces-Soprano Saxophones Mouthpieces;;358f1a9b-2cbc-4680-a538-b5a4e95c510b;True;0;True
Tenor Saxophones Mouthpieces;musical-instruments-musical-?nstrument-accessories-wind-woodwind-accessories-woodwind-?nstrument-mouthpieces-saxophone-mouthpieces-Tenor Saxophones Mouthpieces;;358f1a9b-2cbc-4680-a538-b5a4e95c510b;True;0;True
Alto Saxophone Reeds;musical-instruments-musical-?nstrument-accessories-wind-woodwind-accessories-woodwind-?nstrument-reeds-saxophone-reeds-Alto Saxophone Reeds;;76459aa7-b3ea-4111-98c4-5b93efa89d9f;True;0;True
Baritone Saxophone Reeds;musical-instruments-musical-?nstrument-accessories-wind-woodwind-accessories-woodwind-?nstrument-reeds-saxophone-reeds-Baritone Saxophone Reeds;;76459aa7-b3ea-4111-98c4-5b93efa89d9f;True;0;True
Soprano Saxophone Reeds;musical-instruments-musical-?nstrument-accessories-wind-woodwind-accessories-woodwind-?nstrument-reeds-saxophone-reeds-Soprano Saxophone Reeds;;76459aa7-b3ea-4111-98c4-5b93efa89d9f;True;0;True
Tenor Saxophone Reeds;musical-instruments-musical-?nstrument-accessories-wind-woodwind-accessories-woodwind-?nstrument-reeds-saxophone-reeds-Tenor Saxophone Reeds;;76459aa7-b3ea-4111-98c4-5b93efa89d9f;True;0;True
Alto Saxophone Stands;musical-instruments-musical-?nstrument-accessories-wind-woodwind-accessories-woodwind-?nstrument-stands-saxophone-stands-Alto Saxophone Stands;;70f29cb4-a006-43fd-8405-c6798ac03454;True;0;True
Baritone Saxophone Stands;musical-instruments-musical-?nstrument-accessories-wind-woodwind-accessories-woodwind-?nstrument-stands-saxophone-stands-Baritone Saxophone Stands;;70f29cb4-a006-43fd-8405-c6798ac03454;True;0;True
Soprano Saxophone Stands;musical-instruments-musical-?nstrument-accessories-wind-woodwind-accessories-woodwind-?nstrument-stands-saxophone-stands-Soprano Saxophone Stands;;70f29cb4-a006-43fd-8405-c6798ac03454;True;0;True
Tenor Saxophone Stands;musical-instruments-musical-?nstrument-accessories-wind-woodwind-accessories-woodwind-?nstrument-stands-saxophone-stands-Tenor Saxophone Stands;;70f29cb4-a006-43fd-8405-c6798ac03454;True;0;True
Bass Distortion & Overdrive Effects;musical-instruments-musical-?nstrument-amplifiers-effects-guitar-effects-bass-guitar-effects-bass-guitar-single-effects-Bass Distortion & Overdrive Effects;;e5abb626-6efa-4528-a154-9d91cf315c39;True;0;True
Bass Guitar Single Compression Effects;musical-instruments-musical-?nstrument-amplifiers-effects-guitar-effects-bass-guitar-effects-bass-guitar-single-effects-Bass Guitar Single Compression Effects;;e5abb626-6efa-4528-a154-9d91cf315c39;True;0;True
Bass Guitar Single Wah & Filter Effects;musical-instruments-musical-?nstrument-amplifiers-effects-guitar-effects-bass-guitar-effects-bass-guitar-single-effects-Bass Guitar Single Wah & Filter Effects;;e5abb626-6efa-4528-a154-9d91cf315c39;True;0;True
Electric Guitar Floor Multieffects;musical-instruments-musical-?nstrument-amplifiers-effects-guitar-effects-electric-guitar-effects-electric-guitar-multieffects-Electric Guitar Floor Multieffects;;84c14fdc-bfa0-4b55-91bd-10ced753cf8b;True;0;True
Guitar Desktop & Rack Multieffects;musical-instruments-musical-?nstrument-amplifiers-effects-guitar-effects-electric-guitar-effects-electric-guitar-multieffects-Guitar Desktop & Rack Multieffects;;84c14fdc-bfa0-4b55-91bd-10ced753cf8b;True;0;True
Electric Guitar Compression Effects;musical-instruments-musical-?nstrument-amplifiers-effects-guitar-effects-electric-guitar-effects-electric-guitar-single-effects-Electric Guitar Compression Effects;;59d7eac6-6ea6-4151-b472-6b3bed41a504;True;0;True
Electric Guitar Delay & Reverb Effects;musical-instruments-musical-?nstrument-amplifiers-effects-guitar-effects-electric-guitar-effects-electric-guitar-single-effects-Electric Guitar Delay & Reverb Effects;;59d7eac6-6ea6-4151-b472-6b3bed41a504;True;0;True
Electric Guitar Equalization Effects;musical-instruments-musical-?nstrument-amplifiers-effects-guitar-effects-electric-guitar-effects-electric-guitar-single-effects-Electric Guitar Equalization Effects;;59d7eac6-6ea6-4151-b472-6b3bed41a504;True;0;True
Electric Guitar Noise Gates Effects;musical-instruments-musical-?nstrument-amplifiers-effects-guitar-effects-electric-guitar-effects-electric-guitar-single-effects-Electric Guitar Noise Gates Effects;;59d7eac6-6ea6-4151-b472-6b3bed41a504;True;0;True
Electric Guitar Pitch & Octave Effects;musical-instruments-musical-?nstrument-amplifiers-effects-guitar-effects-electric-guitar-effects-electric-guitar-single-effects-Electric Guitar Pitch & Octave Effects;;59d7eac6-6ea6-4151-b472-6b3bed41a504;True;0;True
Electric Guitar Wah & Filter Effects;musical-instruments-musical-?nstrument-amplifiers-effects-guitar-effects-electric-guitar-effects-electric-guitar-single-effects-Electric Guitar Wah & Filter Effects;;59d7eac6-6ea6-4151-b472-6b3bed41a504;True;0;True
Guitar Chorus, Flange & Tremolo Effects;musical-instruments-musical-?nstrument-amplifiers-effects-guitar-effects-electric-guitar-effects-electric-guitar-single-effects-Guitar Chorus, Flange & Tremolo Effects;;59d7eac6-6ea6-4151-b472-6b3bed41a504;True;0;True
Guitar Distortion & Overdrive Effects;musical-instruments-musical-?nstrument-amplifiers-effects-guitar-effects-electric-guitar-effects-electric-guitar-single-effects-Guitar Distortion & Overdrive Effects;;59d7eac6-6ea6-4151-b472-6b3bed41a504;True;0;True
Guitar Loopers & Samplers Effects;musical-instruments-musical-?nstrument-amplifiers-effects-guitar-effects-electric-guitar-effects-electric-guitar-single-effects-Guitar Loopers & Samplers Effects;;59d7eac6-6ea6-4151-b472-6b3bed41a504;True;0;True
Guitar Signal Path & Pedal Tuners;musical-instruments-musical-?nstrument-amplifiers-effects-guitar-effects-electric-guitar-effects-electric-guitar-single-effects-Guitar Signal Path & Pedal Tuners;;59d7eac6-6ea6-4151-b472-6b3bed41a504;True;0;True
Guitar Volume & Expression Effects;musical-instruments-musical-?nstrument-amplifiers-effects-guitar-effects-electric-guitar-effects-electric-guitar-single-effects-Guitar Volume & Expression Effects;;59d7eac6-6ea6-4151-b472-6b3bed41a504;True;0;True
Banners;office-products-office-school-supplies-education-supplies-craft-supplies-art-supplies-craft-supplies-school-classroom-decorations-Banners;;3551ba0b-af14-4f28-a843-85f2638f8927;True;0;True
Borders & Trimmers;office-products-office-school-supplies-education-supplies-craft-supplies-art-supplies-craft-supplies-school-classroom-decorations-Borders & Trimmers;;3551ba0b-af14-4f28-a843-85f2638f8927;True;0;True
Educational Charts & Posters;office-products-office-school-supplies-education-supplies-craft-supplies-art-supplies-craft-supplies-school-classroom-decorations-Educational Charts & Posters;;3551ba0b-af14-4f28-a843-85f2638f8927;True;0;True
Wall Cut-Outs;office-products-office-school-supplies-education-supplies-craft-supplies-art-supplies-craft-supplies-school-classroom-decorations-Wall Cut-Outs;;3551ba0b-af14-4f28-a843-85f2638f8927;True;0;True
Colored File Folders;office-products-office-school-supplies-filing-products-file-folders-accessories-file-folders-Colored File Folders;;3ffda79d-2743-411a-a8ab-59b03b531acd;True;0;True
Manila File Folders;office-products-office-school-supplies-filing-products-file-folders-accessories-file-folders-Manila File Folders;;3ffda79d-2743-411a-a8ab-59b03b531acd;True;0;True
Cube Erasers;office-products-office-school-supplies-writing-supplies-correction-supplies-erasers-correction-products-erasers-Cube Erasers;;f4ee8039-9a42-4499-8a76-2e6bb3857818;True;0;True
Electric Erasers;office-products-office-school-supplies-writing-supplies-correction-supplies-erasers-correction-products-erasers-Electric Erasers;;f4ee8039-9a42-4499-8a76-2e6bb3857818;True;0;True
Mechanical Pencil Eraser Refills;office-products-office-school-supplies-writing-supplies-correction-supplies-erasers-correction-products-erasers-Mechanical Pencil Eraser Refills;;f4ee8039-9a42-4499-8a76-2e6bb3857818;True;0;True
Pen Erasers;office-products-office-school-supplies-writing-supplies-correction-supplies-erasers-correction-products-erasers-Pen Erasers;;f4ee8039-9a42-4499-8a76-2e6bb3857818;True;0;True
Pen-Style Erasers;office-products-office-school-supplies-writing-supplies-correction-supplies-erasers-correction-products-erasers-Pen-Style Erasers;;f4ee8039-9a42-4499-8a76-2e6bb3857818;True;0;True
Pencil-Top Erasers;office-products-office-school-supplies-writing-supplies-correction-supplies-erasers-correction-products-erasers-Pencil-Top Erasers;;f4ee8039-9a42-4499-8a76-2e6bb3857818;True;0;True
Standard Pencil Erasers;office-products-office-school-supplies-writing-supplies-correction-supplies-erasers-correction-products-erasers-Standard Pencil Erasers;;f4ee8039-9a42-4499-8a76-2e6bb3857818;True;0;True
Gel Ink Pens;office-products-office-school-supplies-writing-supplies-correction-supplies-pens-pen-refills-rollerball-pens-Gel Ink Pens;;7f540b24-a57b-4e14-b047-3af0da465bd1;True;0;True
Liquid Ink Rollerball Pens;office-products-office-school-supplies-writing-supplies-correction-supplies-pens-pen-refills-rollerball-pens-Liquid Ink Rollerball Pens;;7f540b24-a57b-4e14-b047-3af0da465bd1;True;0;True
Computer Printer Transfer Belts;office-products-office-electronics-products-printers-accessories-computer-printer-parts-accessories-computer-printer-transfer-belts,-rollers-units-Computer Printer Transfer Belts;;b151149e-c44d-48a4-a69c-4921ed4b398a;True;0;True
Computer Printer Transfer Rollers;office-products-office-electronics-products-printers-accessories-computer-printer-parts-accessories-computer-printer-transfer-belts,-rollers-units-Computer Printer Transfer Rollers;;b151149e-c44d-48a4-a69c-4921ed4b398a;True;0;True
Computer Printer Transfer Units;office-products-office-electronics-products-printers-accessories-computer-printer-parts-accessories-computer-printer-transfer-belts,-rollers-units-Computer Printer Transfer Units;;b151149e-c44d-48a4-a69c-4921ed4b398a;True;0;True
Computer Printer Drawers;office-products-office-electronics-products-printers-accessories-computer-printer-parts-accessories-computer-printer-trays-drawers-Computer Printer Drawers;;dc8b4d6d-e999-4377-b3f9-f1a817182ac4;True;0;True
Computer Printer Trays;office-products-office-electronics-products-printers-accessories-computer-printer-parts-accessories-computer-printer-trays-drawers-Computer Printer Trays;;dc8b4d6d-e999-4377-b3f9-f1a817182ac4;True;0;True
Desktop Photo Printers;office-products-office-electronics-products-printers-accessories-computer-printers-photo-printers-Desktop Photo Printers;;5695809e-11dc-4114-8c29-912c0d9c5d21;True;0;True
Barbecue Claws;patio-lawn-garden-outdoor-cooking-outdoor-cooking-tools-accessories-grilling-bbq-utensils-barbecue-forks-claws-Barbecue Claws;;740251bd-92b1-42c5-a470-e8f54a84611e;True;0;True
Barbecue Forks;patio-lawn-garden-outdoor-cooking-outdoor-cooking-tools-accessories-grilling-bbq-utensils-barbecue-forks-claws-Barbecue Forks;;740251bd-92b1-42c5-a470-e8f54a84611e;True;0;True
Bird Seed;patio-lawn-garden-outdoor-decor-backyard-birding-wildlife-backyard-birding-supplies-bird-food-Bird Seed;;17c8629b-d190-405a-93d5-90ffcd3b2e53;True;0;True
Hummingbird Food;patio-lawn-garden-outdoor-decor-backyard-birding-wildlife-backyard-birding-supplies-bird-food-Hummingbird Food;;17c8629b-d190-405a-93d5-90ffcd3b2e53;True;0;True
Live Meal Worms Bird Food;patio-lawn-garden-outdoor-decor-backyard-birding-wildlife-backyard-birding-supplies-bird-food-Live Meal Worms Bird Food;;17c8629b-d190-405a-93d5-90ffcd3b2e53;True;0;True
Suet Bird Food;patio-lawn-garden-outdoor-decor-backyard-birding-wildlife-backyard-birding-supplies-bird-food-Suet Bird Food;;17c8629b-d190-405a-93d5-90ffcd3b2e53;True;0;True
Birdbath Bowls;patio-lawn-garden-outdoor-decor-backyard-birding-wildlife-backyard-birding-supplies-birdbaths-supports-Birdbath Bowls;;d4b7cbc0-2b33-4cd9-8d4e-cb9df3c8704a;True;0;True
Birdbath Stands & Bases;patio-lawn-garden-outdoor-decor-backyard-birding-wildlife-backyard-birding-supplies-birdbaths-supports-Birdbath Stands & Bases;;d4b7cbc0-2b33-4cd9-8d4e-cb9df3c8704a;True;0;True
Birdbaths;patio-lawn-garden-outdoor-decor-backyard-birding-wildlife-backyard-birding-supplies-birdbaths-supports-Birdbaths;;d4b7cbc0-2b33-4cd9-8d4e-cb9df3c8704a;True;0;True
Grass Catchers & Deflectors;patio-lawn-garden-outdoor-power-lawn-equipment-outdoor-powertool-parts-accessories-mower-parts-accessories-lawn-mower-accessories-Grass Catchers & Deflectors;;39319964-97f8-4e6f-8787-de340291f9a6;True;0;True
Lawn Mower Covers;patio-lawn-garden-outdoor-power-lawn-equipment-outdoor-powertool-parts-accessories-mower-parts-accessories-lawn-mower-accessories-Lawn Mower Covers;;39319964-97f8-4e6f-8787-de340291f9a6;True;0;True
Lawn Mower Tune Up Kits;patio-lawn-garden-outdoor-power-lawn-equipment-outdoor-powertool-parts-accessories-mower-parts-accessories-lawn-mower-accessories-Lawn Mower Tune Up Kits;;39319964-97f8-4e6f-8787-de340291f9a6;True;0;True
Lawn Mower Battery Parts;patio-lawn-garden-outdoor-power-lawn-equipment-outdoor-powertool-parts-accessories-mower-parts-accessories-lawn-mower-parts-Lawn Mower Battery Parts;;a0481474-4ff5-4712-ab40-647917e92c24;True;0;True
Lawn Mower Bearings & Bushings;patio-lawn-garden-outdoor-power-lawn-equipment-outdoor-powertool-parts-accessories-mower-parts-accessories-lawn-mower-parts-Lawn Mower Bearings & Bushings;;a0481474-4ff5-4712-ab40-647917e92c24;True;0;True
Lawn Mower Bearings & Bushings;patio-lawn-garden-outdoor-power-lawn-equipment-outdoor-powertool-parts-accessories-mower-parts-accessories-lawn-mower-parts-Lawn Mower Bearings & Bushings;;a0481474-4ff5-4712-ab40-647917e92c24;True;0;True
Lawn Mower Bearings & Bushings;patio-lawn-garden-outdoor-power-lawn-equipment-outdoor-powertool-parts-accessories-mower-parts-accessories-lawn-mower-parts-Lawn Mower Bearings & Bushings;;a0481474-4ff5-4712-ab40-647917e92c24;True;0;True
Lawn Mower Belts;patio-lawn-garden-outdoor-power-lawn-equipment-outdoor-powertool-parts-accessories-mower-parts-accessories-lawn-mower-parts-Lawn Mower Belts;;a0481474-4ff5-4712-ab40-647917e92c24;True;0;True
Lawn Mower Blades;patio-lawn-garden-outdoor-power-lawn-equipment-outdoor-powertool-parts-accessories-mower-parts-accessories-lawn-mower-parts-Lawn Mower Blades;;a0481474-4ff5-4712-ab40-647917e92c24;True;0;True
Lawn Mower Chain Guards;patio-lawn-garden-outdoor-power-lawn-equipment-outdoor-powertool-parts-accessories-mower-parts-accessories-lawn-mower-parts-Lawn Mower Chain Guards;;a0481474-4ff5-4712-ab40-647917e92c24;True;0;True
Lawn Mower Clutches;patio-lawn-garden-outdoor-power-lawn-equipment-outdoor-powertool-parts-accessories-mower-parts-accessories-lawn-mower-parts-Lawn Mower Clutches;;a0481474-4ff5-4712-ab40-647917e92c24;True;0;True
Lawn Mower Deck Parts;patio-lawn-garden-outdoor-power-lawn-equipment-outdoor-powertool-parts-accessories-mower-parts-accessories-lawn-mower-parts-Lawn Mower Deck Parts;;a0481474-4ff5-4712-ab40-647917e92c24;True;0;True
Lawn Mower Filters;patio-lawn-garden-outdoor-power-lawn-equipment-outdoor-powertool-parts-accessories-mower-parts-accessories-lawn-mower-parts-Lawn Mower Filters;;a0481474-4ff5-4712-ab40-647917e92c24;True;0;True
Lawn Mower Filters;patio-lawn-garden-outdoor-power-lawn-equipment-outdoor-powertool-parts-accessories-mower-parts-accessories-lawn-mower-parts-Lawn Mower Filters;;a0481474-4ff5-4712-ab40-647917e92c24;True;0;True
Lawn Mower Filters;patio-lawn-garden-outdoor-power-lawn-equipment-outdoor-powertool-parts-accessories-mower-parts-accessories-lawn-mower-parts-Lawn Mower Filters;;a0481474-4ff5-4712-ab40-647917e92c24;True;0;True
Lawn Mower Filters;patio-lawn-garden-outdoor-power-lawn-equipment-outdoor-powertool-parts-accessories-mower-parts-accessories-lawn-mower-parts-Lawn Mower Filters;;a0481474-4ff5-4712-ab40-647917e92c24;True;0;True
Lawn Mower Fuel Lines;patio-lawn-garden-outdoor-power-lawn-equipment-outdoor-powertool-parts-accessories-mower-parts-accessories-lawn-mower-parts-Lawn Mower Fuel Lines;;a0481474-4ff5-4712-ab40-647917e92c24;True;0;True
Lawn Mower Gas Caps;patio-lawn-garden-outdoor-power-lawn-equipment-outdoor-powertool-parts-accessories-mower-parts-accessories-lawn-mower-parts-Lawn Mower Gas Caps;;a0481474-4ff5-4712-ab40-647917e92c24;True;0;True
Lawn Mower Gas Tanks;patio-lawn-garden-outdoor-power-lawn-equipment-outdoor-powertool-parts-accessories-mower-parts-accessories-lawn-mower-parts-Lawn Mower Gas Tanks;;a0481474-4ff5-4712-ab40-647917e92c24;True;0;True
Lawn Mower Handle Parts;patio-lawn-garden-outdoor-power-lawn-equipment-outdoor-powertool-parts-accessories-mower-parts-accessories-lawn-mower-parts-Lawn Mower Handle Parts;;a0481474-4ff5-4712-ab40-647917e92c24;True;0;True
Lawn Mower Idlers;patio-lawn-garden-outdoor-power-lawn-equipment-outdoor-powertool-parts-accessories-mower-parts-accessories-lawn-mower-parts-Lawn Mower Idlers;;a0481474-4ff5-4712-ab40-647917e92c24;True;0;True
Lawn Mower Key Switches;patio-lawn-garden-outdoor-power-lawn-equipment-outdoor-powertool-parts-accessories-mower-parts-accessories-lawn-mower-parts-Lawn Mower Key Switches;;a0481474-4ff5-4712-ab40-647917e92c24;True;0;True
Lawn Mower Mufflers;patio-lawn-garden-outdoor-power-lawn-equipment-outdoor-powertool-parts-accessories-mower-parts-accessories-lawn-mower-parts-Lawn Mower Mufflers;;a0481474-4ff5-4712-ab40-647917e92c24;True;0;True
Lawn Mower Pull Cords;patio-lawn-garden-outdoor-power-lawn-equipment-outdoor-powertool-parts-accessories-mower-parts-accessories-lawn-mower-parts-Lawn Mower Pull Cords;;a0481474-4ff5-4712-ab40-647917e92c24;True;0;True
Lawn Mower Pulleys;patio-lawn-garden-outdoor-power-lawn-equipment-outdoor-powertool-parts-accessories-mower-parts-accessories-lawn-mower-parts-Lawn Mower Pulleys;;a0481474-4ff5-4712-ab40-647917e92c24;True;0;True
Lawn Mower Recoil Springs;patio-lawn-garden-outdoor-power-lawn-equipment-outdoor-powertool-parts-accessories-mower-parts-accessories-lawn-mower-parts-Lawn Mower Recoil Springs;;a0481474-4ff5-4712-ab40-647917e92c24;True;0;True
Lawn Mower Solenoids;patio-lawn-garden-outdoor-power-lawn-equipment-outdoor-powertool-parts-accessories-mower-parts-accessories-lawn-mower-parts-Lawn Mower Solenoids;;a0481474-4ff5-4712-ab40-647917e92c24;True;0;True
Lawn Mower Spark Plugs;patio-lawn-garden-outdoor-power-lawn-equipment-outdoor-powertool-parts-accessories-mower-parts-accessories-lawn-mower-parts-Lawn Mower Spark Plugs;;a0481474-4ff5-4712-ab40-647917e92c24;True;0;True
Lawn Mower Starter Keys;patio-lawn-garden-outdoor-power-lawn-equipment-outdoor-powertool-parts-accessories-mower-parts-accessories-lawn-mower-parts-Lawn Mower Starter Keys;;a0481474-4ff5-4712-ab40-647917e92c24;True;0;True
Lawn Mower Throttle Controls;patio-lawn-garden-outdoor-power-lawn-equipment-outdoor-powertool-parts-accessories-mower-parts-accessories-lawn-mower-parts-Lawn Mower Throttle Controls;;a0481474-4ff5-4712-ab40-647917e92c24;True;0;True
Lawn Mower Tie Rod Ends;patio-lawn-garden-outdoor-power-lawn-equipment-outdoor-powertool-parts-accessories-mower-parts-accessories-lawn-mower-parts-Lawn Mower Tie Rod Ends;;a0481474-4ff5-4712-ab40-647917e92c24;True;0;True
Lawn Mower Tires;patio-lawn-garden-outdoor-power-lawn-equipment-outdoor-powertool-parts-accessories-mower-parts-accessories-lawn-mower-parts-Lawn Mower Tires;;a0481474-4ff5-4712-ab40-647917e92c24;True;0;True
Lawn Mower Wheel Rims;patio-lawn-garden-outdoor-power-lawn-equipment-outdoor-powertool-parts-accessories-mower-parts-accessories-lawn-mower-parts-Lawn Mower Wheel Rims;;a0481474-4ff5-4712-ab40-647917e92c24;True;0;True
Lawn Mower Wheels;patio-lawn-garden-outdoor-power-lawn-equipment-outdoor-powertool-parts-accessories-mower-parts-accessories-lawn-mower-parts-Lawn Mower Wheels;;a0481474-4ff5-4712-ab40-647917e92c24;True;0;True
Camping Accessories;movies-tv-specialty-stores-custom-stores-patio-garden-brands-coleman-Camping Accessories;;553b7aa7-05b9-4342-9062-e5341974112f;True;0;True
Grills;movies-tv-specialty-stores-custom-stores-patio-garden-brands-coleman-Grills;;553b7aa7-05b9-4342-9062-e5341974112f;True;0;True
Eastman Outdoors Lines;movies-tv-specialty-stores-custom-stores-patio-garden-brands-eastman-outdoors-Eastman Outdoors Lines;;664760bf-aaf0-427f-9100-23458e642aba;True;0;True
Eastman Outdoors Lines;movies-tv-specialty-stores-custom-stores-patio-garden-brands-eastman-outdoors-Eastman Outdoors Lines;;664760bf-aaf0-427f-9100-23458e642aba;True;0;True
Lawn & Garden;movies-tv-specialty-stores-custom-stores-patio-garden-brands-suncast-Lawn & Garden;;8581709a-fc6d-48eb-a2fe-2c7043f5580c;True;0;True
All Companion Group;movies-tv-specialty-stores-custom-stores-patio-garden-brands-the-companion-group-All Companion Group;;2a5f1b35-1754-4ee9-a859-6189fab81149;True;0;True
Charcoal Companion;movies-tv-specialty-stores-custom-stores-patio-garden-brands-the-companion-group-Charcoal Companion;;2a5f1b35-1754-4ee9-a859-6189fab81149;True;0;True
Charcoal Companion;movies-tv-specialty-stores-custom-stores-patio-garden-brands-the-companion-group-Charcoal Companion;;2a5f1b35-1754-4ee9-a859-6189fab81149;True;0;True
Charcoal Companion;movies-tv-specialty-stores-custom-stores-patio-garden-brands-the-companion-group-Charcoal Companion;;2a5f1b35-1754-4ee9-a859-6189fab81149;True;0;True
All Toro;movies-tv-specialty-stores-custom-stores-patio-garden-brands-toro-All Toro;;648cdc43-51f1-4c3d-aa77-ee05ec098d06;True;0;True
All Weber;movies-tv-specialty-stores-custom-stores-patio-garden-brands-weber-All Weber;;03f6ea5b-61b5-4c8b-82ff-8c4960a14d86;True;0;True
Barbecue Accessories;movies-tv-specialty-stores-custom-stores-patio-garden-brands-weber-Barbecue Accessories;;03f6ea5b-61b5-4c8b-82ff-8c4960a14d86;True;0;True
Grates & Grids;movies-tv-specialty-stores-custom-stores-patio-garden-brands-weber-Grates & Grids;;03f6ea5b-61b5-4c8b-82ff-8c4960a14d86;True;0;True
Grill Covers;movies-tv-specialty-stores-custom-stores-patio-garden-brands-weber-Grill Covers;;03f6ea5b-61b5-4c8b-82ff-8c4960a14d86;True;0;True
Disposable Dog Training Pads;pet-supplies-dog-supplies-dog-housebreaking-supplies-dog-training-pads-trays-dog-training-pads-Disposable Dog Training Pads;;97831ef4-22cf-4699-a55b-5509d9bdef3c;True;0;True
Reusable Dog Training Pads;pet-supplies-dog-supplies-dog-housebreaking-supplies-dog-training-pads-trays-dog-training-pads-Reusable Dog Training Pads;;97831ef4-22cf-4699-a55b-5509d9bdef3c;True;0;True
Mens Sports & Recreation Hats;sports-outdoors-athletic-clothing-mens-sports-apparel-mens-sports-recreation-apparel-accessories-mens-sports-recreation-headwear-Mens Sports & Recreation Hats;;d8a36c12-b0d3-463f-8765-6e5972927169;True;0;True
Camping Backpacking Stoves;sports-outdoors-outdoor-recreation-camping-hiking-equipment-camp-kitchen-equipment-backpacking-camping-stoves-grills-Camping Backpacking Stoves;;3d642052-6241-4c2f-8827-d10fa5577afd;True;0;True
Camping Grills;sports-outdoors-outdoor-recreation-camping-hiking-equipment-camp-kitchen-equipment-backpacking-camping-stoves-grills-Camping Grills;;3d642052-6241-4c2f-8827-d10fa5577afd;True;0;True
Camping Stoves;sports-outdoors-outdoor-recreation-camping-hiking-equipment-camp-kitchen-equipment-backpacking-camping-stoves-grills-Camping Stoves;;3d642052-6241-4c2f-8827-d10fa5577afd;True;0;True
Camping Pots, Pans & Griddles;sports-outdoors-outdoor-recreation-camping-hiking-equipment-camp-kitchen-equipment-camping-cookwear-Camping Pots, Pans & Griddles;;98e9233b-0926-46b7-a1dd-4a7c7d116124;True;0;True
Open Fire Cookware;sports-outdoors-outdoor-recreation-camping-hiking-equipment-camp-kitchen-equipment-camping-cookwear-Open Fire Cookware;;98e9233b-0926-46b7-a1dd-4a7c7d116124;True;0;True
Camping Bowls;sports-outdoors-outdoor-recreation-camping-hiking-equipment-camp-kitchen-equipment-camping-dishes-utensils-Camping Bowls;;d03bc077-b6e4-4178-baa6-c47a8a878942;True;0;True
Camping Cups & Mugs;sports-outdoors-outdoor-recreation-camping-hiking-equipment-camp-kitchen-equipment-camping-dishes-utensils-Camping Cups & Mugs;;d03bc077-b6e4-4178-baa6-c47a8a878942;True;0;True
Camping Flatware;sports-outdoors-outdoor-recreation-camping-hiking-equipment-camp-kitchen-equipment-camping-dishes-utensils-Camping Flatware;;d03bc077-b6e4-4178-baa6-c47a8a878942;True;0;True
Camping Mess Kits;sports-outdoors-outdoor-recreation-camping-hiking-equipment-camp-kitchen-equipment-camping-dishes-utensils-Camping Mess Kits;;d03bc077-b6e4-4178-baa6-c47a8a878942;True;0;True
Camping Plates;sports-outdoors-outdoor-recreation-camping-hiking-equipment-camp-kitchen-equipment-camping-dishes-utensils-Camping Plates;;d03bc077-b6e4-4178-baa6-c47a8a878942;True;0;True
Camping Replacement Fuel;sports-outdoors-outdoor-recreation-camping-hiking-equipment-camp-kitchen-equipment-camping-stove-accessories-Camping Replacement Fuel;;fb583491-a22b-48de-8651-9c51d3ca902a;True;0;True
Camping Stove Empty Fuel Bottles;sports-outdoors-outdoor-recreation-camping-hiking-equipment-camp-kitchen-equipment-camping-stove-accessories-Camping Stove Empty Fuel Bottles;;fb583491-a22b-48de-8651-9c51d3ca902a;True;0;True
Fire Starters;sports-outdoors-outdoor-recreation-camping-hiking-equipment-camp-kitchen-equipment-camping-stove-accessories-Fire Starters;;fb583491-a22b-48de-8651-9c51d3ca902a;True;0;True
Camping Cots;sports-outdoors-outdoor-recreation-camping-hiking-equipment-camping-furniture-camping-cots-hammocks-Camping Cots;;7affb1f7-0585-454c-b210-606a879b607c;True;0;True
Camping Hammocks;sports-outdoors-outdoor-recreation-camping-hiking-equipment-camping-furniture-camping-cots-hammocks-Camping Hammocks;;7affb1f7-0585-454c-b210-606a879b607c;True;0;True
Electric Camping Lanterns;sports-outdoors-outdoor-recreation-camping-hiking-equipment-camping-lights-lanterns-camping-lanterns-Electric Camping Lanterns;;00dc49fc-1109-444c-9083-d7f3bacac860;True;0;True
Fuel Camping Lanterns;sports-outdoors-outdoor-recreation-camping-hiking-equipment-camping-lights-lanterns-camping-lanterns-Fuel Camping Lanterns;;00dc49fc-1109-444c-9083-d7f3bacac860;True;0;True
Camping Foot Warmers;sports-outdoors-outdoor-recreation-camping-hiking-equipment-camping-safety-survival-equipment-camping-hand-warmers-foot-warmers-Camping Foot Warmers;;724dfe1c-a731-4b77-9ea6-89002be3bf8e;True;0;True
Camping Hand Warmers;sports-outdoors-outdoor-recreation-camping-hiking-equipment-camping-safety-survival-equipment-camping-hand-warmers-foot-warmers-Camping Hand Warmers;;724dfe1c-a731-4b77-9ea6-89002be3bf8e;True;0;True
Camping Privacy Shelters;sports-outdoors-outdoor-recreation-camping-hiking-equipment-camping-tents-shelters-camping-shelters-Camping Privacy Shelters;;06c9a1c8-00b7-4ee1-a5e9-9d016d86fbcd;True;0;True
Camping Screen Houses & Rooms;sports-outdoors-outdoor-recreation-camping-hiking-equipment-camping-tents-shelters-camping-shelters-Camping Screen Houses & Rooms;;06c9a1c8-00b7-4ee1-a5e9-9d016d86fbcd;True;0;True
Camping Sun Shelters;sports-outdoors-outdoor-recreation-camping-hiking-equipment-camping-tents-shelters-camping-shelters-Camping Sun Shelters;;06c9a1c8-00b7-4ee1-a5e9-9d016d86fbcd;True;0;True
Camping Tent Tarps;sports-outdoors-outdoor-recreation-camping-hiking-equipment-camping-tents-shelters-camping-tent-accessories-Camping Tent Tarps;;3c85790a-8d77-4470-bcce-09263ce4f85e;True;0;True
Tent Footprints;sports-outdoors-outdoor-recreation-camping-hiking-equipment-camping-tents-shelters-camping-tent-accessories-Tent Footprints;;3c85790a-8d77-4470-bcce-09263ce4f85e;True;0;True
Tent Stakes;sports-outdoors-outdoor-recreation-camping-hiking-equipment-camping-tents-shelters-camping-tent-accessories-Tent Stakes;;3c85790a-8d77-4470-bcce-09263ce4f85e;True;0;True
External Frame Hiking Backpacks;sports-outdoors-outdoor-recreation-camping-hiking-equipment-hiking-backpacks,-bags-accessories-hiking-backpacking-packs-External Frame Hiking Backpacks;;ff8c6a36-fac2-4440-8ca3-e183eb087d1c;True;0;True
Hiking Daypacks;sports-outdoors-outdoor-recreation-camping-hiking-equipment-hiking-backpacks,-bags-accessories-hiking-backpacking-packs-Hiking Daypacks;;ff8c6a36-fac2-4440-8ca3-e183eb087d1c;True;0;True
Internal Frame Hiking Backpacks;sports-outdoors-outdoor-recreation-camping-hiking-equipment-hiking-backpacks,-bags-accessories-hiking-backpacking-packs-Internal Frame Hiking Backpacks;;ff8c6a36-fac2-4440-8ca3-e183eb087d1c;True;0;True
Hiking Waist Packs;sports-outdoors-outdoor-recreation-camping-hiking-equipment-hiking-backpacks,-bags-accessories-hiking-daypacks-casual-bags-Hiking Waist Packs;;ee428ca2-50cc-424f-a226-a5f5d8d7f202;True;0;True
Outdoor Backpack Pack Covers;sports-outdoors-outdoor-recreation-camping-hiking-equipment-hiking-backpacks,-bags-accessories-outdoor-backpack-accessories-Outdoor Backpack Pack Covers;;95be970d-6e63-41c4-9c94-2264d8c18722;True;0;True
Outdoor Backpack Pack Pockets;sports-outdoors-outdoor-recreation-camping-hiking-equipment-hiking-backpacks,-bags-accessories-outdoor-backpack-accessories-Outdoor Backpack Pack Pockets;;95be970d-6e63-41c4-9c94-2264d8c18722;True;0;True
Outdoor Backpack Reservoirs;sports-outdoors-outdoor-recreation-camping-hiking-equipment-hiking-backpacks,-bags-accessories-outdoor-backpack-accessories-Outdoor Backpack Reservoirs;;95be970d-6e63-41c4-9c94-2264d8c18722;True;0;True
Boys Hiking & Outdoor Recreation Gloves;sports-outdoors-outdoor-recreation-camping-hiking-equipment-hiking-clothing-boys-hiking-clothing-Boys Hiking & Outdoor Recreation Gloves;;cd9ff02f-514c-4b7a-99ad-8b4015ae0e11;True;0;True
Boys Hiking & Outdoor Recreation Jackets;sports-outdoors-outdoor-recreation-camping-hiking-equipment-hiking-clothing-boys-hiking-clothing-Boys Hiking & Outdoor Recreation Jackets;;cd9ff02f-514c-4b7a-99ad-8b4015ae0e11;True;0;True
Boys Hiking & Outdoor Recreation Jackets;sports-outdoors-outdoor-recreation-camping-hiking-equipment-hiking-clothing-boys-hiking-clothing-Boys Hiking & Outdoor Recreation Jackets;;cd9ff02f-514c-4b7a-99ad-8b4015ae0e11;True;0;True
Boys Hiking & Outdoor Recreation Jackets;sports-outdoors-outdoor-recreation-camping-hiking-equipment-hiking-clothing-boys-hiking-clothing-Boys Hiking & Outdoor Recreation Jackets;;cd9ff02f-514c-4b7a-99ad-8b4015ae0e11;True;0;True
Boys Hiking & Outdoor Recreation Jackets;sports-outdoors-outdoor-recreation-camping-hiking-equipment-hiking-clothing-boys-hiking-clothing-Boys Hiking & Outdoor Recreation Jackets;;cd9ff02f-514c-4b7a-99ad-8b4015ae0e11;True;0;True
Boys Hiking & Outdoor Recreation Jackets;sports-outdoors-outdoor-recreation-camping-hiking-equipment-hiking-clothing-boys-hiking-clothing-Boys Hiking & Outdoor Recreation Jackets;;cd9ff02f-514c-4b7a-99ad-8b4015ae0e11;True;0;True
Boys Hiking & Outdoor Recreation Vests;sports-outdoors-outdoor-recreation-camping-hiking-equipment-hiking-clothing-boys-hiking-clothing-Boys Hiking & Outdoor Recreation Vests;;cd9ff02f-514c-4b7a-99ad-8b4015ae0e11;True;0;True
Boys Hiking Pants;sports-outdoors-outdoor-recreation-camping-hiking-equipment-hiking-clothing-boys-hiking-clothing-Boys Hiking Pants;;cd9ff02f-514c-4b7a-99ad-8b4015ae0e11;True;0;True
Boys Hiking Shirts;sports-outdoors-outdoor-recreation-camping-hiking-equipment-hiking-clothing-boys-hiking-clothing-Boys Hiking Shirts;;cd9ff02f-514c-4b7a-99ad-8b4015ae0e11;True;0;True
Boys Hiking Shorts;sports-outdoors-outdoor-recreation-camping-hiking-equipment-hiking-clothing-boys-hiking-clothing-Boys Hiking Shorts;;cd9ff02f-514c-4b7a-99ad-8b4015ae0e11;True;0;True
Boys Hiking Socks;sports-outdoors-outdoor-recreation-camping-hiking-equipment-hiking-clothing-boys-hiking-clothing-Boys Hiking Socks;;cd9ff02f-514c-4b7a-99ad-8b4015ae0e11;True;0;True
Girls Hiking & Outdoor Recreation Jackets;sports-outdoors-outdoor-recreation-camping-hiking-equipment-hiking-clothing-girls-hiking-clothing-Girls Hiking & Outdoor Recreation Jackets;;aaadbbe2-855c-4e56-9540-e4f7c9a01499;True;0;True
Girls Hiking & Outdoor Recreation Jackets;sports-outdoors-outdoor-recreation-camping-hiking-equipment-hiking-clothing-girls-hiking-clothing-Girls Hiking & Outdoor Recreation Jackets;;aaadbbe2-855c-4e56-9540-e4f7c9a01499;True;0;True
Girls Hiking & Outdoor Recreation Jackets;sports-outdoors-outdoor-recreation-camping-hiking-equipment-hiking-clothing-girls-hiking-clothing-Girls Hiking & Outdoor Recreation Jackets;;aaadbbe2-855c-4e56-9540-e4f7c9a01499;True;0;True
Girls Hiking Pants;sports-outdoors-outdoor-recreation-camping-hiking-equipment-hiking-clothing-girls-hiking-clothing-Girls Hiking Pants;;aaadbbe2-855c-4e56-9540-e4f7c9a01499;True;0;True
Girls Hiking Socks;sports-outdoors-outdoor-recreation-camping-hiking-equipment-hiking-clothing-girls-hiking-clothing-Girls Hiking Socks;;aaadbbe2-855c-4e56-9540-e4f7c9a01499;True;0;True
Mens Hiking & Outdoor Recreation Gloves;sports-outdoors-outdoor-recreation-camping-hiking-equipment-hiking-clothing-mens-hiking-clothing-Mens Hiking & Outdoor Recreation Gloves;;2fc17453-ac6d-4c39-bcab-0e1aff0d01ef;True;0;True
Mens Hiking & Outdoor Recreation Headwear;sports-outdoors-outdoor-recreation-camping-hiking-equipment-hiking-clothing-mens-hiking-clothing-Mens Hiking & Outdoor Recreation Headwear;;2fc17453-ac6d-4c39-bcab-0e1aff0d01ef;True;0;True
Mens Hiking & Outdoor Recreation Headwear;sports-outdoors-outdoor-recreation-camping-hiking-equipment-hiking-clothing-mens-hiking-clothing-Mens Hiking & Outdoor Recreation Headwear;;2fc17453-ac6d-4c39-bcab-0e1aff0d01ef;True;0;True
Mens Hiking & Outdoor Recreation Headwear;sports-outdoors-outdoor-recreation-camping-hiking-equipment-hiking-clothing-mens-hiking-clothing-Mens Hiking & Outdoor Recreation Headwear;;2fc17453-ac6d-4c39-bcab-0e1aff0d01ef;True;0;True
Mens Hiking & Outdoor Recreation Jackets;sports-outdoors-outdoor-recreation-camping-hiking-equipment-hiking-clothing-mens-hiking-clothing-Mens Hiking & Outdoor Recreation Jackets;;2fc17453-ac6d-4c39-bcab-0e1aff0d01ef;True;0;True
Mens Hiking & Outdoor Recreation Jackets;sports-outdoors-outdoor-recreation-camping-hiking-equipment-hiking-clothing-mens-hiking-clothing-Mens Hiking & Outdoor Recreation Jackets;;2fc17453-ac6d-4c39-bcab-0e1aff0d01ef;True;0;True
Mens Hiking & Outdoor Recreation Jackets;sports-outdoors-outdoor-recreation-camping-hiking-equipment-hiking-clothing-mens-hiking-clothing-Mens Hiking & Outdoor Recreation Jackets;;2fc17453-ac6d-4c39-bcab-0e1aff0d01ef;True;0;True
Mens Hiking & Outdoor Recreation Jackets;sports-outdoors-outdoor-recreation-camping-hiking-equipment-hiking-clothing-mens-hiking-clothing-Mens Hiking & Outdoor Recreation Jackets;;2fc17453-ac6d-4c39-bcab-0e1aff0d01ef;True;0;True
Mens Hiking & Outdoor Recreation Jackets;sports-outdoors-outdoor-recreation-camping-hiking-equipment-hiking-clothing-mens-hiking-clothing-Mens Hiking & Outdoor Recreation Jackets;;2fc17453-ac6d-4c39-bcab-0e1aff0d01ef;True;0;True
Mens Hiking & Outdoor Recreation Jackets;sports-outdoors-outdoor-recreation-camping-hiking-equipment-hiking-clothing-mens-hiking-clothing-Mens Hiking & Outdoor Recreation Jackets;;2fc17453-ac6d-4c39-bcab-0e1aff0d01ef;True;0;True
Mens Hiking & Outdoor Recreation Vests;sports-outdoors-outdoor-recreation-camping-hiking-equipment-hiking-clothing-mens-hiking-clothing-Mens Hiking & Outdoor Recreation Vests;;2fc17453-ac6d-4c39-bcab-0e1aff0d01ef;True;0;True
Mens Hiking Pants;sports-outdoors-outdoor-recreation-camping-hiking-equipment-hiking-clothing-mens-hiking-clothing-Mens Hiking Pants;;2fc17453-ac6d-4c39-bcab-0e1aff0d01ef;True;0;True
Mens Hiking Shirts;sports-outdoors-outdoor-recreation-camping-hiking-equipment-hiking-clothing-mens-hiking-clothing-Mens Hiking Shirts;;2fc17453-ac6d-4c39-bcab-0e1aff0d01ef;True;0;True
Mens Hiking Shorts;sports-outdoors-outdoor-recreation-camping-hiking-equipment-hiking-clothing-mens-hiking-clothing-Mens Hiking Shorts;;2fc17453-ac6d-4c39-bcab-0e1aff0d01ef;True;0;True
Mens Hiking Socks;sports-outdoors-outdoor-recreation-camping-hiking-equipment-hiking-clothing-mens-hiking-clothing-Mens Hiking Socks;;2fc17453-ac6d-4c39-bcab-0e1aff0d01ef;True;0;True
Womens Hiking & Outdoor Recreation Gloves;sports-outdoors-outdoor-recreation-camping-hiking-equipment-hiking-clothing-womens-hiking-clothing-Womens Hiking & Outdoor Recreation Gloves;;2952e60e-3fa8-493f-a76d-ace59c8dc2bf;True;0;True
Womens Hiking & Outdoor Recreation Headwear;sports-outdoors-outdoor-recreation-camping-hiking-equipment-hiking-clothing-womens-hiking-clothing-Womens Hiking & Outdoor Recreation Headwear;;2952e60e-3fa8-493f-a76d-ace59c8dc2bf;True;0;True
Womens Hiking & Outdoor Recreation Headwear;sports-outdoors-outdoor-recreation-camping-hiking-equipment-hiking-clothing-womens-hiking-clothing-Womens Hiking & Outdoor Recreation Headwear;;2952e60e-3fa8-493f-a76d-ace59c8dc2bf;True;0;True
Womens Hiking & Outdoor Recreation Jackets;sports-outdoors-outdoor-recreation-camping-hiking-equipment-hiking-clothing-womens-hiking-clothing-Womens Hiking & Outdoor Recreation Jackets;;2952e60e-3fa8-493f-a76d-ace59c8dc2bf;True;0;True
Womens Hiking & Outdoor Recreation Jackets;sports-outdoors-outdoor-recreation-camping-hiking-equipment-hiking-clothing-womens-hiking-clothing-Womens Hiking & Outdoor Recreation Jackets;;2952e60e-3fa8-493f-a76d-ace59c8dc2bf;True;0;True
Womens Hiking & Outdoor Recreation Jackets;sports-outdoors-outdoor-recreation-camping-hiking-equipment-hiking-clothing-womens-hiking-clothing-Womens Hiking & Outdoor Recreation Jackets;;2952e60e-3fa8-493f-a76d-ace59c8dc2bf;True;0;True
Womens Hiking & Outdoor Recreation Jackets;sports-outdoors-outdoor-recreation-camping-hiking-equipment-hiking-clothing-womens-hiking-clothing-Womens Hiking & Outdoor Recreation Jackets;;2952e60e-3fa8-493f-a76d-ace59c8dc2bf;True;0;True
Womens Hiking & Outdoor Recreation Jackets;sports-outdoors-outdoor-recreation-camping-hiking-equipment-hiking-clothing-womens-hiking-clothing-Womens Hiking & Outdoor Recreation Jackets;;2952e60e-3fa8-493f-a76d-ace59c8dc2bf;True;0;True
Womens Hiking & Outdoor Recreation Jackets;sports-outdoors-outdoor-recreation-camping-hiking-equipment-hiking-clothing-womens-hiking-clothing-Womens Hiking & Outdoor Recreation Jackets;;2952e60e-3fa8-493f-a76d-ace59c8dc2bf;True;0;True
Womens Hiking & Outdoor Recreation Vests;sports-outdoors-outdoor-recreation-camping-hiking-equipment-hiking-clothing-womens-hiking-clothing-Womens Hiking & Outdoor Recreation Vests;;2952e60e-3fa8-493f-a76d-ace59c8dc2bf;True;0;True
Womens Hiking Pants;sports-outdoors-outdoor-recreation-camping-hiking-equipment-hiking-clothing-womens-hiking-clothing-Womens Hiking Pants;;2952e60e-3fa8-493f-a76d-ace59c8dc2bf;True;0;True
Womens Hiking Shirts;sports-outdoors-outdoor-recreation-camping-hiking-equipment-hiking-clothing-womens-hiking-clothing-Womens Hiking Shirts;;2952e60e-3fa8-493f-a76d-ace59c8dc2bf;True;0;True
Womens Hiking Shorts;sports-outdoors-outdoor-recreation-camping-hiking-equipment-hiking-clothing-womens-hiking-clothing-Womens Hiking Shorts;;2952e60e-3fa8-493f-a76d-ace59c8dc2bf;True;0;True
Womens Hiking Socks;sports-outdoors-outdoor-recreation-camping-hiking-equipment-hiking-clothing-womens-hiking-clothing-Womens Hiking Socks;;2952e60e-3fa8-493f-a76d-ace59c8dc2bf;True;0;True
Camping Sleeping Bag Compression Sacks;sports-outdoors-outdoor-recreation-camping-hiking-equipment-sleeping-bags-camp-bedding-camping-sleeping-bag-accessories-Camping Sleeping Bag Compression Sacks;;1756f03c-72b6-4eb3-be3c-2c4468466cf9;True;0;True
Camping Sleeping Bag Liners;sports-outdoors-outdoor-recreation-camping-hiking-equipment-sleeping-bags-camp-bedding-camping-sleeping-bag-accessories-Camping Sleeping Bag Liners;;1756f03c-72b6-4eb3-be3c-2c4468466cf9;True;0;True
Camping Sleeping Bag Stuff Sacks;sports-outdoors-outdoor-recreation-camping-hiking-equipment-sleeping-bags-camp-bedding-camping-sleeping-bag-accessories-Camping Sleeping Bag Stuff Sacks;;1756f03c-72b6-4eb3-be3c-2c4468466cf9;True;0;True
Camping Foam Pads;sports-outdoors-outdoor-recreation-camping-hiking-equipment-sleeping-bags-camp-bedding-camping-sleeping-pads-Camping Foam Pads;;6e520d92-4028-4dea-9807-f4ebdaaae37b;True;0;True
Self-Inflating Camping Pads;sports-outdoors-outdoor-recreation-camping-hiking-equipment-sleeping-bags-camp-bedding-camping-sleeping-pads-Self-Inflating Camping Pads;;6e520d92-4028-4dea-9807-f4ebdaaae37b;True;0;True
Bike Cargo Trailers;sports-outdoors-outdoor-recreation-cycling-equipment-bike-child-seats-cargo-trailers-bike-trailers-Bike Cargo Trailers;;4cdcb367-9081-4d9a-b79e-dab4e6510148;True;0;True
Bike Child Carrier Trailers;sports-outdoors-outdoor-recreation-cycling-equipment-bike-child-seats-cargo-trailers-bike-trailers-Bike Child Carrier Trailers;;4cdcb367-9081-4d9a-b79e-dab4e6510148;True;0;True
Bike Brake Parts;sports-outdoors-outdoor-recreation-cycling-equipment-bike-components-parts-bike-brakes-parts-Bike Brake Parts;;608212f8-ce04-492d-9199-1893c6ad8007;True;0;True
Bike Brake Parts;sports-outdoors-outdoor-recreation-cycling-equipment-bike-components-parts-bike-brakes-parts-Bike Brake Parts;;608212f8-ce04-492d-9199-1893c6ad8007;True;0;True
Bike Brake Parts;sports-outdoors-outdoor-recreation-cycling-equipment-bike-components-parts-bike-brakes-parts-Bike Brake Parts;;608212f8-ce04-492d-9199-1893c6ad8007;True;0;True
Bike Brake Parts;sports-outdoors-outdoor-recreation-cycling-equipment-bike-components-parts-bike-brakes-parts-Bike Brake Parts;;608212f8-ce04-492d-9199-1893c6ad8007;True;0;True
Bike Brake Parts;sports-outdoors-outdoor-recreation-cycling-equipment-bike-components-parts-bike-brakes-parts-Bike Brake Parts;;608212f8-ce04-492d-9199-1893c6ad8007;True;0;True
Bike Brake Parts;sports-outdoors-outdoor-recreation-cycling-equipment-bike-components-parts-bike-brakes-parts-Bike Brake Parts;;608212f8-ce04-492d-9199-1893c6ad8007;True;0;True
Bike Brake Parts;sports-outdoors-outdoor-recreation-cycling-equipment-bike-components-parts-bike-brakes-parts-Bike Brake Parts;;608212f8-ce04-492d-9199-1893c6ad8007;True;0;True
Bike Brake Parts;sports-outdoors-outdoor-recreation-cycling-equipment-bike-components-parts-bike-brakes-parts-Bike Brake Parts;;608212f8-ce04-492d-9199-1893c6ad8007;True;0;True
Bike Brakes;sports-outdoors-outdoor-recreation-cycling-equipment-bike-components-parts-bike-brakes-parts-Bike Brakes;;608212f8-ce04-492d-9199-1893c6ad8007;True;0;True
Bike Brakes;sports-outdoors-outdoor-recreation-cycling-equipment-bike-components-parts-bike-brakes-parts-Bike Brakes;;608212f8-ce04-492d-9199-1893c6ad8007;True;0;True
Bike Brakes;sports-outdoors-outdoor-recreation-cycling-equipment-bike-components-parts-bike-brakes-parts-Bike Brakes;;608212f8-ce04-492d-9199-1893c6ad8007;True;0;True
Bike Derailleurs;sports-outdoors-outdoor-recreation-cycling-equipment-bike-components-parts-bike-derailleurs-shifters-Bike Derailleurs;;37a04748-095f-4233-8dc5-b9a15bbd9e63;True;0;True
Bike Derailleurs;sports-outdoors-outdoor-recreation-cycling-equipment-bike-components-parts-bike-derailleurs-shifters-Bike Derailleurs;;37a04748-095f-4233-8dc5-b9a15bbd9e63;True;0;True
Bike Derailleurs;sports-outdoors-outdoor-recreation-cycling-equipment-bike-components-parts-bike-derailleurs-shifters-Bike Derailleurs;;37a04748-095f-4233-8dc5-b9a15bbd9e63;True;0;True
Bike Shifters & Parts;sports-outdoors-outdoor-recreation-cycling-equipment-bike-components-parts-bike-derailleurs-shifters-Bike Shifters & Parts;;37a04748-095f-4233-8dc5-b9a15bbd9e63;True;0;True
Bike Shifters & Parts;sports-outdoors-outdoor-recreation-cycling-equipment-bike-components-parts-bike-derailleurs-shifters-Bike Shifters & Parts;;37a04748-095f-4233-8dc5-b9a15bbd9e63;True;0;True
Bike Shifters & Parts;sports-outdoors-outdoor-recreation-cycling-equipment-bike-components-parts-bike-derailleurs-shifters-Bike Shifters & Parts;;37a04748-095f-4233-8dc5-b9a15bbd9e63;True;0;True
Bike Shifters & Parts;sports-outdoors-outdoor-recreation-cycling-equipment-bike-components-parts-bike-derailleurs-shifters-Bike Shifters & Parts;;37a04748-095f-4233-8dc5-b9a15bbd9e63;True;0;True
Bike Bottom Brackets;sports-outdoors-outdoor-recreation-cycling-equipment-bike-components-parts-bike-drivetrain-components-Bike Bottom Brackets;;f5d107b8-c946-44e5-a400-de9155a7d81a;True;0;True
Bike Cable Detanglers;sports-outdoors-outdoor-recreation-cycling-equipment-bike-components-parts-bike-drivetrain-components-Bike Cable Detanglers;;f5d107b8-c946-44e5-a400-de9155a7d81a;True;0;True
Bike Cassettes & Freewheels;sports-outdoors-outdoor-recreation-cycling-equipment-bike-components-parts-bike-drivetrain-components-Bike Cassettes & Freewheels;;f5d107b8-c946-44e5-a400-de9155a7d81a;True;0;True
Bike Chain Deflectors;sports-outdoors-outdoor-recreation-cycling-equipment-bike-components-parts-bike-drivetrain-components-Bike Chain Deflectors;;f5d107b8-c946-44e5-a400-de9155a7d81a;True;0;True
Bike Chain Guards;sports-outdoors-outdoor-recreation-cycling-equipment-bike-components-parts-bike-drivetrain-components-Bike Chain Guards;;f5d107b8-c946-44e5-a400-de9155a7d81a;True;0;True
Bike Chain Tension Idlers;sports-outdoors-outdoor-recreation-cycling-equipment-bike-components-parts-bike-drivetrain-components-Bike Chain Tension Idlers;;f5d107b8-c946-44e5-a400-de9155a7d81a;True;0;True
Bike Chainrings;sports-outdoors-outdoor-recreation-cycling-equipment-bike-components-parts-bike-drivetrain-components-Bike Chainrings;;f5d107b8-c946-44e5-a400-de9155a7d81a;True;0;True
Bike Chains;sports-outdoors-outdoor-recreation-cycling-equipment-bike-components-parts-bike-drivetrain-components-Bike Chains;;f5d107b8-c946-44e5-a400-de9155a7d81a;True;0;True
Bike Cranksets;sports-outdoors-outdoor-recreation-cycling-equipment-bike-components-parts-bike-drivetrain-components-Bike Cranksets;;f5d107b8-c946-44e5-a400-de9155a7d81a;True;0;True
Bike Rigid Forks;sports-outdoors-outdoor-recreation-cycling-equipment-bike-components-parts-bike-forks-Bike Rigid Forks;;bf3d85ee-8346-49e9-84e6-7a7b646e2490;True;0;True
Bike Suspension Forks;sports-outdoors-outdoor-recreation-cycling-equipment-bike-components-parts-bike-forks-Bike Suspension Forks;;bf3d85ee-8346-49e9-84e6-7a7b646e2490;True;0;True
Bike Grips;sports-outdoors-outdoor-recreation-cycling-equipment-bike-components-parts-bike-handlebars,-headsets-stems-Bike Grips;;ea37d982-3f94-4485-bd01-d30e75532ee9;True;0;True
Bike Handlebar Tape;sports-outdoors-outdoor-recreation-cycling-equipment-bike-components-parts-bike-handlebars,-headsets-stems-Bike Handlebar Tape;;ea37d982-3f94-4485-bd01-d30e75532ee9;True;0;True
Bike Handlebars;sports-outdoors-outdoor-recreation-cycling-equipment-bike-components-parts-bike-handlebars,-headsets-stems-Bike Handlebars;;ea37d982-3f94-4485-bd01-d30e75532ee9;True;0;True
Bike Headset Spacers;sports-outdoors-outdoor-recreation-cycling-equipment-bike-components-parts-bike-handlebars,-headsets-stems-Bike Headset Spacers;;ea37d982-3f94-4485-bd01-d30e75532ee9;True;0;True
Bike Headsets;sports-outdoors-outdoor-recreation-cycling-equipment-bike-components-parts-bike-handlebars,-headsets-stems-Bike Headsets;;ea37d982-3f94-4485-bd01-d30e75532ee9;True;0;True
Bike Stems;sports-outdoors-outdoor-recreation-cycling-equipment-bike-components-parts-bike-handlebars,-headsets-stems-Bike Stems;;ea37d982-3f94-4485-bd01-d30e75532ee9;True;0;True
Bike Cleat Covers;sports-outdoors-outdoor-recreation-cycling-equipment-bike-components-parts-bike-pedals-cleats-Bike Cleat Covers;;40300f68-3718-4cb1-ae9e-51b35cd5a342;True;0;True
Bike Pedals;sports-outdoors-outdoor-recreation-cycling-equipment-bike-components-parts-bike-pedals-cleats-Bike Pedals;;40300f68-3718-4cb1-ae9e-51b35cd5a342;True;0;True
Replacement Bike Cleats;sports-outdoors-outdoor-recreation-cycling-equipment-bike-components-parts-bike-pedals-cleats-Replacement Bike Cleats;;40300f68-3718-4cb1-ae9e-51b35cd5a342;True;0;True
Bike Saddles;sports-outdoors-outdoor-recreation-cycling-equipment-bike-components-parts-bike-seats-saddles-Bike Saddles;;b627715a-5416-4d58-a60b-016613a2a266;True;0;True
Bike Seat Clamps;sports-outdoors-outdoor-recreation-cycling-equipment-bike-components-parts-bike-seats-saddles-Bike Seat Clamps;;b627715a-5416-4d58-a60b-016613a2a266;True;0;True
Bike Seat Posts;sports-outdoors-outdoor-recreation-cycling-equipment-bike-components-parts-bike-seats-saddles-Bike Seat Posts;;b627715a-5416-4d58-a60b-016613a2a266;True;0;True
Bike Rear Shocks;sports-outdoors-outdoor-recreation-cycling-equipment-bike-components-parts-bike-suspension-products-Bike Rear Shocks;;0eff92ee-25f8-4b3d-8369-ac9b5e8bf5c7;True;0;True
Bike Suspension Service Parts;sports-outdoors-outdoor-recreation-cycling-equipment-bike-components-parts-bike-suspension-products-Bike Suspension Service Parts;;0eff92ee-25f8-4b3d-8369-ac9b5e8bf5c7;True;0;True
Bike Rim Strips;sports-outdoors-outdoor-recreation-cycling-equipment-bike-wheels-accessories-bike-rims-parts-Bike Rim Strips;;7292ee77-59db-4195-9f8c-804421228d9f;True;0;True
Bike Rim Tape;sports-outdoors-outdoor-recreation-cycling-equipment-bike-wheels-accessories-bike-rims-parts-Bike Rim Tape;;7292ee77-59db-4195-9f8c-804421228d9f;True;0;True
Bike Rims;sports-outdoors-outdoor-recreation-cycling-equipment-bike-wheels-accessories-bike-rims-parts-Bike Rims;;7292ee77-59db-4195-9f8c-804421228d9f;True;0;True
Bike Spoke Decorations;sports-outdoors-outdoor-recreation-cycling-equipment-bike-wheels-accessories-bike-spokes-parts-Bike Spoke Decorations;;9de440a4-f337-4158-a1c1-afb14d16aeee;True;0;True
Bike Spoke Nipples;sports-outdoors-outdoor-recreation-cycling-equipment-bike-wheels-accessories-bike-spokes-parts-Bike Spoke Nipples;;9de440a4-f337-4158-a1c1-afb14d16aeee;True;0;True
Bike Spoke Protectors;sports-outdoors-outdoor-recreation-cycling-equipment-bike-wheels-accessories-bike-spokes-parts-Bike Spoke Protectors;;9de440a4-f337-4158-a1c1-afb14d16aeee;True;0;True
Bike Spoke Tools;sports-outdoors-outdoor-recreation-cycling-equipment-bike-wheels-accessories-bike-spokes-parts-Bike Spoke Tools;;9de440a4-f337-4158-a1c1-afb14d16aeee;True;0;True
Bike Spokes;sports-outdoors-outdoor-recreation-cycling-equipment-bike-wheels-accessories-bike-spokes-parts-Bike Spokes;;9de440a4-f337-4158-a1c1-afb14d16aeee;True;0;True
Bike Headlight-Taillight Combinations;sports-outdoors-outdoor-recreation-cycling-equipment-cycling-accessories-bike-lights-reflectors-Bike Headlight-Taillight Combinations;;5764773a-b516-4fa6-9792-fe3b6f5d2daf;True;0;True
Bike Headlights;sports-outdoors-outdoor-recreation-cycling-equipment-cycling-accessories-bike-lights-reflectors-Bike Headlights;;5764773a-b516-4fa6-9792-fe3b6f5d2daf;True;0;True
Bike Lighting Parts & Accessories;sports-outdoors-outdoor-recreation-cycling-equipment-cycling-accessories-bike-lights-reflectors-Bike Lighting Parts & Accessories;;5764773a-b516-4fa6-9792-fe3b6f5d2daf;True;0;True
Bike Reflectors;sports-outdoors-outdoor-recreation-cycling-equipment-cycling-accessories-bike-lights-reflectors-Bike Reflectors;;5764773a-b516-4fa6-9792-fe3b6f5d2daf;True;0;True
Bike Taillights;sports-outdoors-outdoor-recreation-cycling-equipment-cycling-accessories-bike-lights-reflectors-Bike Taillights;;5764773a-b516-4fa6-9792-fe3b6f5d2daf;True;0;True
Bike Cable Locks;sports-outdoors-outdoor-recreation-cycling-equipment-cycling-accessories-bike-locks-Bike Cable Locks;;a757cf05-29e5-4b46-a942-1d58b7134322;True;0;True
Bike Chain Locks;sports-outdoors-outdoor-recreation-cycling-equipment-cycling-accessories-bike-locks-Bike Chain Locks;;a757cf05-29e5-4b46-a942-1d58b7134322;True;0;True
Bike U-Locks;sports-outdoors-outdoor-recreation-cycling-equipment-cycling-accessories-bike-locks-Bike U-Locks;;a757cf05-29e5-4b46-a942-1d58b7134322;True;0;True
Bike CO2 Pump Systems;sports-outdoors-outdoor-recreation-cycling-equipment-cycling-accessories-bike-pumps-Bike CO2 Pump Systems;;6eae25bc-2c14-4f4a-8bba-0922cae4cce0;True;0;True
Bike Floor Pumps;sports-outdoors-outdoor-recreation-cycling-equipment-cycling-accessories-bike-pumps-Bike Floor Pumps;;6eae25bc-2c14-4f4a-8bba-0922cae4cce0;True;0;True
Bike Frame-Mounted Pumps;sports-outdoors-outdoor-recreation-cycling-equipment-cycling-accessories-bike-pumps-Bike Frame-Mounted Pumps;;6eae25bc-2c14-4f4a-8bba-0922cae4cce0;True;0;True
Boys Cycling Caps;sports-outdoors-outdoor-recreation-cycling-equipment-cycling-clothing-boys-cycling-clothing-Boys Cycling Caps;;b59e7426-a208-486d-8aee-8c5f0d69a7fb;True;0;True
Boys Cycling Gloves;sports-outdoors-outdoor-recreation-cycling-equipment-cycling-clothing-boys-cycling-clothing-Boys Cycling Gloves;;b59e7426-a208-486d-8aee-8c5f0d69a7fb;True;0;True
Boys Cycling Jerseys;sports-outdoors-outdoor-recreation-cycling-equipment-cycling-clothing-boys-cycling-clothing-Boys Cycling Jerseys;;b59e7426-a208-486d-8aee-8c5f0d69a7fb;True;0;True
Boys Cycling Pants;sports-outdoors-outdoor-recreation-cycling-equipment-cycling-clothing-boys-cycling-clothing-Boys Cycling Pants;;b59e7426-a208-486d-8aee-8c5f0d69a7fb;True;0;True
Boys Cycling Shorts;sports-outdoors-outdoor-recreation-cycling-equipment-cycling-clothing-boys-cycling-clothing-Boys Cycling Shorts;;b59e7426-a208-486d-8aee-8c5f0d69a7fb;True;0;True
Girls Cycling Jerseys;sports-outdoors-outdoor-recreation-cycling-equipment-cycling-clothing-girls-cycling-clothing-Girls Cycling Jerseys;;2e2426a2-ac86-42e0-b17e-cfda4298adaf;True;0;True
Girls Cycling Shorts;sports-outdoors-outdoor-recreation-cycling-equipment-cycling-clothing-girls-cycling-clothing-Girls Cycling Shorts;;2e2426a2-ac86-42e0-b17e-cfda4298adaf;True;0;True
Mens Cycling Bodysuits;sports-outdoors-outdoor-recreation-cycling-equipment-cycling-clothing-mens-cycling-clothing-Mens Cycling Bodysuits;;409a0249-f38d-4913-955a-689e1854a6a6;True;0;True
Mens Cycling Caps;sports-outdoors-outdoor-recreation-cycling-equipment-cycling-clothing-mens-cycling-clothing-Mens Cycling Caps;;409a0249-f38d-4913-955a-689e1854a6a6;True;0;True
Mens Cycling Clothing Sets;sports-outdoors-outdoor-recreation-cycling-equipment-cycling-clothing-mens-cycling-clothing-Mens Cycling Clothing Sets;;409a0249-f38d-4913-955a-689e1854a6a6;True;0;True
Mens Cycling Gloves;sports-outdoors-outdoor-recreation-cycling-equipment-cycling-clothing-mens-cycling-clothing-Mens Cycling Gloves;;409a0249-f38d-4913-955a-689e1854a6a6;True;0;True
Mens Cycling Jackets;sports-outdoors-outdoor-recreation-cycling-equipment-cycling-clothing-mens-cycling-clothing-Mens Cycling Jackets;;409a0249-f38d-4913-955a-689e1854a6a6;True;0;True
Mens Cycling Jerseys;sports-outdoors-outdoor-recreation-cycling-equipment-cycling-clothing-mens-cycling-clothing-Mens Cycling Jerseys;;409a0249-f38d-4913-955a-689e1854a6a6;True;0;True
Mens Cycling Leg Warmers;sports-outdoors-outdoor-recreation-cycling-equipment-cycling-clothing-mens-cycling-clothing-Mens Cycling Leg Warmers;;409a0249-f38d-4913-955a-689e1854a6a6;True;0;True
Mens Cycling Tights, Pants & Shorts;sports-outdoors-outdoor-recreation-cycling-equipment-cycling-clothing-mens-cycling-clothing-Mens Cycling Tights, Pants & Shorts;;409a0249-f38d-4913-955a-689e1854a6a6;True;0;True
Mens Cycling Tights, Pants & Shorts;sports-outdoors-outdoor-recreation-cycling-equipment-cycling-clothing-mens-cycling-clothing-Mens Cycling Tights, Pants & Shorts;;409a0249-f38d-4913-955a-689e1854a6a6;True;0;True
Mens Cycling Tights, Pants & Shorts;sports-outdoors-outdoor-recreation-cycling-equipment-cycling-clothing-mens-cycling-clothing-Mens Cycling Tights, Pants & Shorts;;409a0249-f38d-4913-955a-689e1854a6a6;True;0;True
Mens Cycling Tights, Pants & Shorts;sports-outdoors-outdoor-recreation-cycling-equipment-cycling-clothing-mens-cycling-clothing-Mens Cycling Tights, Pants & Shorts;;409a0249-f38d-4913-955a-689e1854a6a6;True;0;True
Mens Cycling Tights, Pants & Shorts;sports-outdoors-outdoor-recreation-cycling-equipment-cycling-clothing-mens-cycling-clothing-Mens Cycling Tights, Pants & Shorts;;409a0249-f38d-4913-955a-689e1854a6a6;True;0;True
Mens Cycling Underwear;sports-outdoors-outdoor-recreation-cycling-equipment-cycling-clothing-mens-cycling-clothing-Mens Cycling Underwear;;409a0249-f38d-4913-955a-689e1854a6a6;True;0;True
Mens Cycling Vests;sports-outdoors-outdoor-recreation-cycling-equipment-cycling-clothing-mens-cycling-clothing-Mens Cycling Vests;;409a0249-f38d-4913-955a-689e1854a6a6;True;0;True
Womens Cycling Bib Shorts;sports-outdoors-outdoor-recreation-cycling-equipment-cycling-clothing-womens-cycling-clothing-Womens Cycling Bib Shorts;;71b68a10-2075-43f5-b813-407e1c1e002d;True;0;True
Womens Cycling Bib Tights;sports-outdoors-outdoor-recreation-cycling-equipment-cycling-clothing-womens-cycling-clothing-Womens Cycling Bib Tights;;71b68a10-2075-43f5-b813-407e1c1e002d;True;0;True
Womens Cycling Caps;sports-outdoors-outdoor-recreation-cycling-equipment-cycling-clothing-womens-cycling-clothing-Womens Cycling Caps;;71b68a10-2075-43f5-b813-407e1c1e002d;True;0;True
Womens Cycling Compression Shorts;sports-outdoors-outdoor-recreation-cycling-equipment-cycling-clothing-womens-cycling-clothing-Womens Cycling Compression Shorts;;71b68a10-2075-43f5-b813-407e1c1e002d;True;0;True
Womens Cycling Gloves;sports-outdoors-outdoor-recreation-cycling-equipment-cycling-clothing-womens-cycling-clothing-Womens Cycling Gloves;;71b68a10-2075-43f5-b813-407e1c1e002d;True;0;True
Womens Cycling Jackets;sports-outdoors-outdoor-recreation-cycling-equipment-cycling-clothing-womens-cycling-clothing-Womens Cycling Jackets;;71b68a10-2075-43f5-b813-407e1c1e002d;True;0;True
Womens Cycling Jerseys;sports-outdoors-outdoor-recreation-cycling-equipment-cycling-clothing-womens-cycling-clothing-Womens Cycling Jerseys;;71b68a10-2075-43f5-b813-407e1c1e002d;True;0;True
Womens Cycling Leg Warmers;sports-outdoors-outdoor-recreation-cycling-equipment-cycling-clothing-womens-cycling-clothing-Womens Cycling Leg Warmers;;71b68a10-2075-43f5-b813-407e1c1e002d;True;0;True
Womens Cycling Skirts & Skorts;sports-outdoors-outdoor-recreation-cycling-equipment-cycling-clothing-womens-cycling-clothing-Womens Cycling Skirts & Skorts;;71b68a10-2075-43f5-b813-407e1c1e002d;True;0;True
Womens Cycling Tights, Pants & Shorts;sports-outdoors-outdoor-recreation-cycling-equipment-cycling-clothing-womens-cycling-clothing-Womens Cycling Tights, Pants & Shorts;;71b68a10-2075-43f5-b813-407e1c1e002d;True;0;True
Womens Cycling Tights, Pants & Shorts;sports-outdoors-outdoor-recreation-cycling-equipment-cycling-clothing-womens-cycling-clothing-Womens Cycling Tights, Pants & Shorts;;71b68a10-2075-43f5-b813-407e1c1e002d;True;0;True
Womens Cycling Tights, Pants & Shorts;sports-outdoors-outdoor-recreation-cycling-equipment-cycling-clothing-womens-cycling-clothing-Womens Cycling Tights, Pants & Shorts;;71b68a10-2075-43f5-b813-407e1c1e002d;True;0;True
Womens Cycling Tights, Pants & Shorts;sports-outdoors-outdoor-recreation-cycling-equipment-cycling-clothing-womens-cycling-clothing-Womens Cycling Tights, Pants & Shorts;;71b68a10-2075-43f5-b813-407e1c1e002d;True;0;True
Womens Cycling Underwear;sports-outdoors-outdoor-recreation-cycling-equipment-cycling-clothing-womens-cycling-clothing-Womens Cycling Underwear;;71b68a10-2075-43f5-b813-407e1c1e002d;True;0;True
Womens Cycling Vests;sports-outdoors-outdoor-recreation-cycling-equipment-cycling-clothing-womens-cycling-clothing-Womens Cycling Vests;;71b68a10-2075-43f5-b813-407e1c1e002d;True;0;True
Kayak & Canoe Car Racks;sports-outdoors-outdoor-recreation-outdoor-recreation-accessories-vehicle-sports-racks-carriers-kayak,-canoe-sup-car-racks-Kayak & Canoe Car Racks;;14f6647c-b835-4f3a-8d02-0a14a6d3b002;True;0;True
Kayak & Canoe Car Trailers;sports-outdoors-outdoor-recreation-outdoor-recreation-accessories-vehicle-sports-racks-carriers-kayak,-canoe-sup-car-racks-Kayak & Canoe Car Trailers;;14f6647c-b835-4f3a-8d02-0a14a6d3b002;True;0;True
Paddlesports Foam Block Rooftop Carriers;sports-outdoors-outdoor-recreation-outdoor-recreation-accessories-vehicle-sports-racks-carriers-kayak,-canoe-sup-car-racks-Paddlesports Foam Block Rooftop Carriers;;14f6647c-b835-4f3a-8d02-0a14a6d3b002;True;0;True
Inline Skate Replacement Wheels;sports-outdoors-outdoor-recreation-skates-skateboards-scooters-?nline-roller-skating-equipment-?nline-skate-parts-Inline Skate Replacement Wheels;;1371c098-1327-4d98-81fe-5bb60e99e291;True;0;True
Inline Skating Replacement Bearings;sports-outdoors-outdoor-recreation-skates-skateboards-scooters-?nline-roller-skating-equipment-?nline-skate-parts-Inline Skating Replacement Bearings;;1371c098-1327-4d98-81fe-5bb60e99e291;True;0;True
Childrens Inline Skates;sports-outdoors-outdoor-recreation-skates-skateboards-scooters-?nline-roller-skating-equipment-?nline-skates-Childrens Inline Skates;;3c92a60e-7988-481c-8fbd-4163ea77efe3;True;0;True
Racing Skates;sports-outdoors-outdoor-recreation-skates-skateboards-scooters-?nline-roller-skating-equipment-?nline-skates-Racing Skates;;3c92a60e-7988-481c-8fbd-4163ea77efe3;True;0;True
Roller Skate Laces;sports-outdoors-outdoor-recreation-skates-skateboards-scooters-?nline-roller-skating-equipment-roller-skate-parts-Roller Skate Laces;;da0d8352-7d09-4376-87e5-4764fffc6c14;True;0;True
Roller Skate Plates;sports-outdoors-outdoor-recreation-skates-skateboards-scooters-?nline-roller-skating-equipment-roller-skate-parts-Roller Skate Plates;;da0d8352-7d09-4376-87e5-4764fffc6c14;True;0;True
Roller Skate Toe Stops & Plugs;sports-outdoors-outdoor-recreation-skates-skateboards-scooters-?nline-roller-skating-equipment-roller-skate-parts-Roller Skate Toe Stops & Plugs;;da0d8352-7d09-4376-87e5-4764fffc6c14;True;0;True
Roller Skate Wheels;sports-outdoors-outdoor-recreation-skates-skateboards-scooters-?nline-roller-skating-equipment-roller-skate-parts-Roller Skate Wheels;;da0d8352-7d09-4376-87e5-4764fffc6c14;True;0;True
Childrens Roller Skates;sports-outdoors-outdoor-recreation-skates-skateboards-scooters-?nline-roller-skating-equipment-roller-skates-Childrens Roller Skates;;4f8e3c7f-699f-4d85-a1d8-e0489ef467fb;True;0;True
Jam Roller Skates;sports-outdoors-outdoor-recreation-skates-skateboards-scooters-?nline-roller-skating-equipment-roller-skates-Jam Roller Skates;;4f8e3c7f-699f-4d85-a1d8-e0489ef467fb;True;0;True
Outdoor Roller Skates;sports-outdoors-outdoor-recreation-skates-skateboards-scooters-?nline-roller-skating-equipment-roller-skates-Outdoor Roller Skates;;4f8e3c7f-699f-4d85-a1d8-e0489ef467fb;True;0;True
Roller Derby Skates;sports-outdoors-outdoor-recreation-skates-skateboards-scooters-?nline-roller-skating-equipment-roller-skates-Roller Derby Skates;;4f8e3c7f-699f-4d85-a1d8-e0489ef467fb;True;0;True
Speed Roller Skates;sports-outdoors-outdoor-recreation-skates-skateboards-scooters-?nline-roller-skating-equipment-roller-skates-Speed Roller Skates;;4f8e3c7f-699f-4d85-a1d8-e0489ef467fb;True;0;True
Scooter Batteries & Battery Chargers;sports-outdoors-outdoor-recreation-skates-skateboards-scooters-scooters-equipment-scooter-parts-Scooter Batteries & Battery Chargers;;47999fb0-afdd-402d-9e56-fb412aec8e77;True;0;True
Scooter Decks;sports-outdoors-outdoor-recreation-skates-skateboards-scooters-scooters-equipment-scooter-parts-Scooter Decks;;47999fb0-afdd-402d-9e56-fb412aec8e77;True;0;True
Scooter Grip Tape;sports-outdoors-outdoor-recreation-skates-skateboards-scooters-scooters-equipment-scooter-parts-Scooter Grip Tape;;47999fb0-afdd-402d-9e56-fb412aec8e77;True;0;True
Scooter Hardware;sports-outdoors-outdoor-recreation-skates-skateboards-scooters-scooters-equipment-scooter-parts-Scooter Hardware;;47999fb0-afdd-402d-9e56-fb412aec8e77;True;0;True
Scooter Motors;sports-outdoors-outdoor-recreation-skates-skateboards-scooters-scooters-equipment-scooter-parts-Scooter Motors;;47999fb0-afdd-402d-9e56-fb412aec8e77;True;0;True
Scooter Replacement Wheels;sports-outdoors-outdoor-recreation-skates-skateboards-scooters-scooters-equipment-scooter-parts-Scooter Replacement Wheels;;47999fb0-afdd-402d-9e56-fb412aec8e77;True;0;True
Scooter Stems & Forks;sports-outdoors-outdoor-recreation-skates-skateboards-scooters-scooters-equipment-scooter-parts-Scooter Stems & Forks;;47999fb0-afdd-402d-9e56-fb412aec8e77;True;0;True
Kick Scooters;sports-outdoors-outdoor-recreation-skates-skateboards-scooters-scooters-equipment-sport-scooters-Kick Scooters;;2dc6e981-b7e7-48df-ad40-7f62e18ffc1e;True;0;True
Self Balancing Scooters;sports-outdoors-outdoor-recreation-skates-skateboards-scooters-scooters-equipment-sport-scooters-Self Balancing Scooters;;2dc6e981-b7e7-48df-ad40-7f62e18ffc1e;True;0;True
Stunt Scooters;sports-outdoors-outdoor-recreation-skates-skateboards-scooters-scooters-equipment-sport-scooters-Stunt Scooters;;2dc6e981-b7e7-48df-ad40-7f62e18ffc1e;True;0;True
Skate & Skateboarding Elbow Pads;sports-outdoors-outdoor-recreation-skates-skateboards-scooters-skateboarding-equipment-skate-skateboarding-protective-gear-Skate & Skateboarding Elbow Pads;;107206c3-5331-4da9-9a27-8c4ac3e715f3;True;0;True
Skate & Skateboarding Knee Pads;sports-outdoors-outdoor-recreation-skates-skateboards-scooters-skateboarding-equipment-skate-skateboarding-protective-gear-Skate & Skateboarding Knee Pads;;107206c3-5331-4da9-9a27-8c4ac3e715f3;True;0;True
Skate & Skateboarding Padded Shorts;sports-outdoors-outdoor-recreation-skates-skateboards-scooters-skateboarding-equipment-skate-skateboarding-protective-gear-Skate & Skateboarding Padded Shorts;;107206c3-5331-4da9-9a27-8c4ac3e715f3;True;0;True
Skate & Skateboarding Wrist Guards;sports-outdoors-outdoor-recreation-skates-skateboards-scooters-skateboarding-equipment-skate-skateboarding-protective-gear-Skate & Skateboarding Wrist Guards;;107206c3-5331-4da9-9a27-8c4ac3e715f3;True;0;True
Skateboard Bearings;sports-outdoors-outdoor-recreation-skates-skateboards-scooters-skateboarding-equipment-skateboard-parts-Skateboard Bearings;;740b6fb6-a241-415d-a728-19349a1d0d51;True;0;True
Skateboard Bushings;sports-outdoors-outdoor-recreation-skates-skateboards-scooters-skateboarding-equipment-skateboard-parts-Skateboard Bushings;;740b6fb6-a241-415d-a728-19349a1d0d51;True;0;True
Skateboard Decks;sports-outdoors-outdoor-recreation-skates-skateboards-scooters-skateboarding-equipment-skateboard-parts-Skateboard Decks;;740b6fb6-a241-415d-a728-19349a1d0d51;True;0;True
Skateboard Grip Tape;sports-outdoors-outdoor-recreation-skates-skateboards-scooters-skateboarding-equipment-skateboard-parts-Skateboard Grip Tape;;740b6fb6-a241-415d-a728-19349a1d0d51;True;0;True
Skateboard Hardware;sports-outdoors-outdoor-recreation-skates-skateboards-scooters-skateboarding-equipment-skateboard-parts-Skateboard Hardware;;740b6fb6-a241-415d-a728-19349a1d0d51;True;0;True
Skateboard Risers;sports-outdoors-outdoor-recreation-skates-skateboards-scooters-skateboarding-equipment-skateboard-parts-Skateboard Risers;;740b6fb6-a241-415d-a728-19349a1d0d51;True;0;True
Skateboard Trucks;sports-outdoors-outdoor-recreation-skates-skateboards-scooters-skateboarding-equipment-skateboard-parts-Skateboard Trucks;;740b6fb6-a241-415d-a728-19349a1d0d51;True;0;True
Skateboard Wheels;sports-outdoors-outdoor-recreation-skates-skateboards-scooters-skateboarding-equipment-skateboard-parts-Skateboard Wheels;;740b6fb6-a241-415d-a728-19349a1d0d51;True;0;True
Longboards Skateboard;sports-outdoors-outdoor-recreation-skates-skateboards-scooters-skateboarding-equipment-standard-skateboards-longboards-Longboards Skateboard;;38911f19-31c2-4a11-a5f8-868b53df6039;True;0;True
Standard Skateboards;sports-outdoors-outdoor-recreation-skates-skateboards-scooters-skateboarding-equipment-standard-skateboards-longboards-Standard Skateboards;;38911f19-31c2-4a11-a5f8-868b53df6039;True;0;True
Analog Diving Gauges;books-sports-outdoors-water-sports-diving-snorkeling-equipment-diving-gauges-Analog Diving Gauges;;0b519440-54b5-4cc4-9c23-8aadad3e1fab;True;0;True
Digital Diving Gauges;books-sports-outdoors-water-sports-diving-snorkeling-equipment-diving-gauges-Digital Diving Gauges;;0b519440-54b5-4cc4-9c23-8aadad3e1fab;True;0;True
Boys Diving Rash Guard Shirts;books-sports-outdoors-water-sports-diving-snorkeling-equipment-diving-rash-guard-shirts-Boys Diving Rash Guard Shirts;;b8decd76-a40d-4dea-b160-33b14865a800;True;0;True
Girls Diving Rash Guard Shirts;books-sports-outdoors-water-sports-diving-snorkeling-equipment-diving-rash-guard-shirts-Girls Diving Rash Guard Shirts;;b8decd76-a40d-4dea-b160-33b14865a800;True;0;True
Mens Diving Rash Guard Shirts;books-sports-outdoors-water-sports-diving-snorkeling-equipment-diving-rash-guard-shirts-Mens Diving Rash Guard Shirts;;b8decd76-a40d-4dea-b160-33b14865a800;True;0;True
Womens Diving Rash Guard Shirts;books-sports-outdoors-water-sports-diving-snorkeling-equipment-diving-rash-guard-shirts-Womens Diving Rash Guard Shirts;;b8decd76-a40d-4dea-b160-33b14865a800;True;0;True
Dive Skins;books-sports-outdoors-water-sports-diving-snorkeling-equipment-diving-suits-Dive Skins;;dcf2a058-a47b-4efe-81c9-14494709d504;True;0;True
Diving Boots;books-sports-outdoors-water-sports-diving-snorkeling-equipment-diving-suits-Diving Boots;;dcf2a058-a47b-4efe-81c9-14494709d504;True;0;True
Diving Gloves;books-sports-outdoors-water-sports-diving-snorkeling-equipment-diving-suits-Diving Gloves;;dcf2a058-a47b-4efe-81c9-14494709d504;True;0;True
Diving Hoods;books-sports-outdoors-water-sports-diving-snorkeling-equipment-diving-suits-Diving Hoods;;dcf2a058-a47b-4efe-81c9-14494709d504;True;0;True
Drysuits;books-sports-outdoors-water-sports-diving-snorkeling-equipment-diving-suits-Drysuits;;dcf2a058-a47b-4efe-81c9-14494709d504;True;0;True
Wetsuits;books-sports-outdoors-water-sports-diving-snorkeling-equipment-diving-suits-Wetsuits;;dcf2a058-a47b-4efe-81c9-14494709d504;True;0;True
Wetsuits;books-sports-outdoors-water-sports-diving-snorkeling-equipment-diving-suits-Wetsuits;;dcf2a058-a47b-4efe-81c9-14494709d504;True;0;True
Wetsuits;books-sports-outdoors-water-sports-diving-snorkeling-equipment-diving-suits-Wetsuits;;dcf2a058-a47b-4efe-81c9-14494709d504;True;0;True
Wetsuits;books-sports-outdoors-water-sports-diving-snorkeling-equipment-diving-suits-Wetsuits;;dcf2a058-a47b-4efe-81c9-14494709d504;True;0;True
Wetsuits;books-sports-outdoors-water-sports-diving-snorkeling-equipment-diving-suits-Wetsuits;;dcf2a058-a47b-4efe-81c9-14494709d504;True;0;True
Wetsuits;books-sports-outdoors-water-sports-diving-snorkeling-equipment-diving-suits-Wetsuits;;dcf2a058-a47b-4efe-81c9-14494709d504;True;0;True
Fishing Kayaks;books-sports-outdoors-water-sports-kayaking-equipment-kayaks-Fishing Kayaks;;6c6f371a-2017-4acc-8cc8-3ea2c90ac23c;True;0;True
Touring Kayaks;books-sports-outdoors-water-sports-kayaking-equipment-kayaks-Touring Kayaks;;6c6f371a-2017-4acc-8cc8-3ea2c90ac23c;True;0;True
Whitewater Kayaks;books-sports-outdoors-water-sports-kayaking-equipment-kayaks-Whitewater Kayaks;;6c6f371a-2017-4acc-8cc8-3ea2c90ac23c;True;0;True
Mens Paddling Clothing;books-sports-outdoors-water-sports-kayaking-equipment-paddling-clothing-Mens Paddling Clothing;;8afa72b5-8f6d-4c97-8ced-511827e6d0e2;True;0;True
Mens Paddling Clothing;books-sports-outdoors-water-sports-kayaking-equipment-paddling-clothing-Mens Paddling Clothing;;8afa72b5-8f6d-4c97-8ced-511827e6d0e2;True;0;True
Mens Paddling Clothing;books-sports-outdoors-water-sports-kayaking-equipment-paddling-clothing-Mens Paddling Clothing;;8afa72b5-8f6d-4c97-8ced-511827e6d0e2;True;0;True
Womens Paddling Clothing;books-sports-outdoors-water-sports-kayaking-equipment-paddling-clothing-Womens Paddling Clothing;;8afa72b5-8f6d-4c97-8ced-511827e6d0e2;True;0;True
Womens Paddling Clothing;books-sports-outdoors-water-sports-kayaking-equipment-paddling-clothing-Womens Paddling Clothing;;8afa72b5-8f6d-4c97-8ced-511827e6d0e2;True;0;True
Womens Paddling Clothing;books-sports-outdoors-water-sports-kayaking-equipment-paddling-clothing-Womens Paddling Clothing;;8afa72b5-8f6d-4c97-8ced-511827e6d0e2;True;0;True
Longboard Surfboards;books-sports-outdoors-water-sports-surfing-equipment-surfboards-Longboard Surfboards;;2195de88-2e08-4d75-855a-87e32bf5eb54;True;0;True
Shortboards;books-sports-outdoors-water-sports-surfing-equipment-surfboards-Shortboards;;2195de88-2e08-4d75-855a-87e32bf5eb54;True;0;True
Boys Water Sports Impact Vests;books-sports-outdoors-water-sports-water-sports-clothing-boys-water-sports-clothing-Boys Water Sports Impact Vests;;5b173688-deba-47dc-8e13-c78e81876173;True;0;True
Girls Water Sports Impact Vests;books-sports-outdoors-water-sports-water-sports-clothing-girls-water-sports-clothing-Girls Water Sports Impact Vests;;643fb17e-ee17-4da6-9cac-f69377522123;True;0;True
Mens Water Sports Gloves;books-sports-outdoors-water-sports-water-sports-clothing-mens-water-sports-clothing-Mens Water Sports Gloves;;decbcf47-9f01-491c-adbb-669a5b4ee29b;True;0;True
Mens Water Sports Impact Vests;books-sports-outdoors-water-sports-water-sports-clothing-mens-water-sports-clothing-Mens Water Sports Impact Vests;;decbcf47-9f01-491c-adbb-669a5b4ee29b;True;0;True
Womens Water Sports Gloves;books-sports-outdoors-water-sports-water-sports-clothing-womens-water-sports-clothing-Womens Water Sports Gloves;;b4f50f98-b42b-4391-a70d-5c10f7018d62;True;0;True
Womens Water Sports Impact Vests;books-sports-outdoors-water-sports-water-sports-clothing-womens-water-sports-clothing-Womens Water Sports Impact Vests;;b4f50f98-b42b-4391-a70d-5c10f7018d62;True;0;True
Wakeboarding Bindings;books-sports-outdoors-water-sports-waterskiing-equipment-wakeboarding-equipment-Wakeboarding Bindings;;682c361a-496d-4c78-bef6-543cf7a4fde1;True;0;True
Wakeboarding Boards;books-sports-outdoors-water-sports-waterskiing-equipment-wakeboarding-equipment-Wakeboarding Boards;;682c361a-496d-4c78-bef6-543cf7a4fde1;True;0;True
Wakeboarding Equipment Bags;books-sports-outdoors-water-sports-waterskiing-equipment-wakeboarding-equipment-Wakeboarding Equipment Bags;;682c361a-496d-4c78-bef6-543cf7a4fde1;True;0;True
Wakeboarding Lines;books-sports-outdoors-water-sports-waterskiing-equipment-wakeboarding-equipment-Wakeboarding Lines;;682c361a-496d-4c78-bef6-543cf7a4fde1;True;0;True
Childrens Ice Skates;sports-outdoors-outdoor-recreation-winter-sports-equipment-?ce-skating-equipment-?ce-skates-Childrens Ice Skates;;4743de0c-52f5-4d5b-b271-4a97bf9c62dc;True;0;True
Figure Skates;sports-outdoors-outdoor-recreation-winter-sports-equipment-?ce-skating-equipment-?ce-skates-Figure Skates;;4743de0c-52f5-4d5b-b271-4a97bf9c62dc;True;0;True
Girls Ice Skating Clothing;sports-outdoors-outdoor-recreation-winter-sports-equipment-?ce-skating-equipment-?ce-skating-clothing-Girls Ice Skating Clothing;;aa84b16b-dd8f-4f48-929b-9c4db8a6bdf0;True;0;True
Girls Ice Skating Clothing;sports-outdoors-outdoor-recreation-winter-sports-equipment-?ce-skating-equipment-?ce-skating-clothing-Girls Ice Skating Clothing;;aa84b16b-dd8f-4f48-929b-9c4db8a6bdf0;True;0;True
Girls Ice Skating Clothing;sports-outdoors-outdoor-recreation-winter-sports-equipment-?ce-skating-equipment-?ce-skating-clothing-Girls Ice Skating Clothing;;aa84b16b-dd8f-4f48-929b-9c4db8a6bdf0;True;0;True
Girls Ice Skating Clothing;sports-outdoors-outdoor-recreation-winter-sports-equipment-?ce-skating-equipment-?ce-skating-clothing-Girls Ice Skating Clothing;;aa84b16b-dd8f-4f48-929b-9c4db8a6bdf0;True;0;True
Womens Ice Skating Clothing;sports-outdoors-outdoor-recreation-winter-sports-equipment-?ce-skating-equipment-?ce-skating-clothing-Womens Ice Skating Clothing;;aa84b16b-dd8f-4f48-929b-9c4db8a6bdf0;True;0;True
Womens Ice Skating Clothing;sports-outdoors-outdoor-recreation-winter-sports-equipment-?ce-skating-equipment-?ce-skating-clothing-Womens Ice Skating Clothing;;aa84b16b-dd8f-4f48-929b-9c4db8a6bdf0;True;0;True
Womens Ice Skating Clothing;sports-outdoors-outdoor-recreation-winter-sports-equipment-?ce-skating-equipment-?ce-skating-clothing-Womens Ice Skating Clothing;;aa84b16b-dd8f-4f48-929b-9c4db8a6bdf0;True;0;True
Womens Ice Skating Clothing;sports-outdoors-outdoor-recreation-winter-sports-equipment-?ce-skating-equipment-?ce-skating-clothing-Womens Ice Skating Clothing;;aa84b16b-dd8f-4f48-929b-9c4db8a6bdf0;True;0;True
Womens Ice Skating Clothing;sports-outdoors-outdoor-recreation-winter-sports-equipment-?ce-skating-equipment-?ce-skating-clothing-Womens Ice Skating Clothing;;aa84b16b-dd8f-4f48-929b-9c4db8a6bdf0;True;0;True
Alpine Touring Boots;sports-outdoors-outdoor-recreation-winter-sports-equipment-snow-skiing-equipment-alpine-touring-equipment-Alpine Touring Boots;;6c15dbd2-7652-4c92-85a5-4859ae931db9;True;0;True
Alpine Touring Skis;sports-outdoors-outdoor-recreation-winter-sports-equipment-snow-skiing-equipment-alpine-touring-equipment-Alpine Touring Skis;;6c15dbd2-7652-4c92-85a5-4859ae931db9;True;0;True
Nordic Ski Bindings;sports-outdoors-outdoor-recreation-winter-sports-equipment-snow-skiing-equipment-cross-country-skiing-equipment-Nordic Ski Bindings;;67d43beb-229c-47f2-88e4-e6c4baf7aee5;True;0;True
Nordic Ski Boots;sports-outdoors-outdoor-recreation-winter-sports-equipment-snow-skiing-equipment-cross-country-skiing-equipment-Nordic Ski Boots;;67d43beb-229c-47f2-88e4-e6c4baf7aee5;True;0;True
Nordic Ski Poles;sports-outdoors-outdoor-recreation-winter-sports-equipment-snow-skiing-equipment-cross-country-skiing-equipment-Nordic Ski Poles;;67d43beb-229c-47f2-88e4-e6c4baf7aee5;True;0;True
Nordic Skis;sports-outdoors-outdoor-recreation-winter-sports-equipment-snow-skiing-equipment-cross-country-skiing-equipment-Nordic Skis;;67d43beb-229c-47f2-88e4-e6c4baf7aee5;True;0;True
Downhill Ski Bindings;sports-outdoors-outdoor-recreation-winter-sports-equipment-snow-skiing-equipment-downhill-ski-equipment-Downhill Ski Bindings;;bedf90b6-2688-47fa-baa9-e824d0ec0da3;True;0;True
Downhill Ski Boots;sports-outdoors-outdoor-recreation-winter-sports-equipment-snow-skiing-equipment-downhill-ski-equipment-Downhill Ski Boots;;bedf90b6-2688-47fa-baa9-e824d0ec0da3;True;0;True
Downhill Ski Poles;sports-outdoors-outdoor-recreation-winter-sports-equipment-snow-skiing-equipment-downhill-ski-equipment-Downhill Ski Poles;;bedf90b6-2688-47fa-baa9-e824d0ec0da3;True;0;True
Downhill Skis;sports-outdoors-outdoor-recreation-winter-sports-equipment-snow-skiing-equipment-downhill-ski-equipment-Downhill Skis;;bedf90b6-2688-47fa-baa9-e824d0ec0da3;True;0;True
Boys Skiing Clothing;sports-outdoors-outdoor-recreation-winter-sports-equipment-snow-skiing-equipment-ski-clothing-Boys Skiing Clothing;;dd0e834b-c61b-49eb-88ee-2eb8272e907d;True;0;True
Boys Skiing Clothing;sports-outdoors-outdoor-recreation-winter-sports-equipment-snow-skiing-equipment-ski-clothing-Boys Skiing Clothing;;dd0e834b-c61b-49eb-88ee-2eb8272e907d;True;0;True
Boys Skiing Clothing;sports-outdoors-outdoor-recreation-winter-sports-equipment-snow-skiing-equipment-ski-clothing-Boys Skiing Clothing;;dd0e834b-c61b-49eb-88ee-2eb8272e907d;True;0;True
Boys Skiing Clothing;sports-outdoors-outdoor-recreation-winter-sports-equipment-snow-skiing-equipment-ski-clothing-Boys Skiing Clothing;;dd0e834b-c61b-49eb-88ee-2eb8272e907d;True;0;True
Boys Skiing Clothing;sports-outdoors-outdoor-recreation-winter-sports-equipment-snow-skiing-equipment-ski-clothing-Boys Skiing Clothing;;dd0e834b-c61b-49eb-88ee-2eb8272e907d;True;0;True
Boys Skiing Clothing;sports-outdoors-outdoor-recreation-winter-sports-equipment-snow-skiing-equipment-ski-clothing-Boys Skiing Clothing;;dd0e834b-c61b-49eb-88ee-2eb8272e907d;True;0;True
Girls Skiing Clothing;sports-outdoors-outdoor-recreation-winter-sports-equipment-snow-skiing-equipment-ski-clothing-Girls Skiing Clothing;;dd0e834b-c61b-49eb-88ee-2eb8272e907d;True;0;True
Girls Skiing Clothing;sports-outdoors-outdoor-recreation-winter-sports-equipment-snow-skiing-equipment-ski-clothing-Girls Skiing Clothing;;dd0e834b-c61b-49eb-88ee-2eb8272e907d;True;0;True
Girls Skiing Clothing;sports-outdoors-outdoor-recreation-winter-sports-equipment-snow-skiing-equipment-ski-clothing-Girls Skiing Clothing;;dd0e834b-c61b-49eb-88ee-2eb8272e907d;True;0;True
Girls Skiing Clothing;sports-outdoors-outdoor-recreation-winter-sports-equipment-snow-skiing-equipment-ski-clothing-Girls Skiing Clothing;;dd0e834b-c61b-49eb-88ee-2eb8272e907d;True;0;True
Girls Skiing Clothing;sports-outdoors-outdoor-recreation-winter-sports-equipment-snow-skiing-equipment-ski-clothing-Girls Skiing Clothing;;dd0e834b-c61b-49eb-88ee-2eb8272e907d;True;0;True
Mens Skiing Clothing;sports-outdoors-outdoor-recreation-winter-sports-equipment-snow-skiing-equipment-ski-clothing-Mens Skiing Clothing;;dd0e834b-c61b-49eb-88ee-2eb8272e907d;True;0;True
Mens Skiing Clothing;sports-outdoors-outdoor-recreation-winter-sports-equipment-snow-skiing-equipment-ski-clothing-Mens Skiing Clothing;;dd0e834b-c61b-49eb-88ee-2eb8272e907d;True;0;True
Mens Skiing Clothing;sports-outdoors-outdoor-recreation-winter-sports-equipment-snow-skiing-equipment-ski-clothing-Mens Skiing Clothing;;dd0e834b-c61b-49eb-88ee-2eb8272e907d;True;0;True
Mens Skiing Clothing;sports-outdoors-outdoor-recreation-winter-sports-equipment-snow-skiing-equipment-ski-clothing-Mens Skiing Clothing;;dd0e834b-c61b-49eb-88ee-2eb8272e907d;True;0;True
Mens Skiing Clothing;sports-outdoors-outdoor-recreation-winter-sports-equipment-snow-skiing-equipment-ski-clothing-Mens Skiing Clothing;;dd0e834b-c61b-49eb-88ee-2eb8272e907d;True;0;True
Mens Skiing Clothing;sports-outdoors-outdoor-recreation-winter-sports-equipment-snow-skiing-equipment-ski-clothing-Mens Skiing Clothing;;dd0e834b-c61b-49eb-88ee-2eb8272e907d;True;0;True
Mens Skiing Clothing;sports-outdoors-outdoor-recreation-winter-sports-equipment-snow-skiing-equipment-ski-clothing-Mens Skiing Clothing;;dd0e834b-c61b-49eb-88ee-2eb8272e907d;True;0;True
Womens Skiing Clothing;sports-outdoors-outdoor-recreation-winter-sports-equipment-snow-skiing-equipment-ski-clothing-Womens Skiing Clothing;;dd0e834b-c61b-49eb-88ee-2eb8272e907d;True;0;True
Womens Skiing Clothing;sports-outdoors-outdoor-recreation-winter-sports-equipment-snow-skiing-equipment-ski-clothing-Womens Skiing Clothing;;dd0e834b-c61b-49eb-88ee-2eb8272e907d;True;0;True
Womens Skiing Clothing;sports-outdoors-outdoor-recreation-winter-sports-equipment-snow-skiing-equipment-ski-clothing-Womens Skiing Clothing;;dd0e834b-c61b-49eb-88ee-2eb8272e907d;True;0;True
Womens Skiing Clothing;sports-outdoors-outdoor-recreation-winter-sports-equipment-snow-skiing-equipment-ski-clothing-Womens Skiing Clothing;;dd0e834b-c61b-49eb-88ee-2eb8272e907d;True;0;True
Womens Skiing Clothing;sports-outdoors-outdoor-recreation-winter-sports-equipment-snow-skiing-equipment-ski-clothing-Womens Skiing Clothing;;dd0e834b-c61b-49eb-88ee-2eb8272e907d;True;0;True
Womens Skiing Clothing;sports-outdoors-outdoor-recreation-winter-sports-equipment-snow-skiing-equipment-ski-clothing-Womens Skiing Clothing;;dd0e834b-c61b-49eb-88ee-2eb8272e907d;True;0;True
Telemark Ski Bindings;sports-outdoors-outdoor-recreation-winter-sports-equipment-snow-skiing-equipment-telemark-skiing-equipment-Telemark Ski Bindings;;06d5c3fe-f469-45c2-8755-a15cd542bc11;True;0;True
Telemark Ski Boots;sports-outdoors-outdoor-recreation-winter-sports-equipment-snow-skiing-equipment-telemark-skiing-equipment-Telemark Ski Boots;;06d5c3fe-f469-45c2-8755-a15cd542bc11;True;0;True
Mens Snowboard Boots;sports-outdoors-outdoor-recreation-winter-sports-equipment-snowboarding-equipment-snowboard-boots-Mens Snowboard Boots;;52055362-97fe-4b11-8b7d-c4933b846744;True;0;True
Womens Snowboard Boots;sports-outdoors-outdoor-recreation-winter-sports-equipment-snowboarding-equipment-snowboard-boots-Womens Snowboard Boots;;52055362-97fe-4b11-8b7d-c4933b846744;True;0;True
Boys Snowboarding Clothing;sports-outdoors-outdoor-recreation-winter-sports-equipment-snowboarding-equipment-snowboarding-clothing-Boys Snowboarding Clothing;;8a6ca522-b14a-47b4-9343-1e232f19b065;True;0;True
Boys Snowboarding Clothing;sports-outdoors-outdoor-recreation-winter-sports-equipment-snowboarding-equipment-snowboarding-clothing-Boys Snowboarding Clothing;;8a6ca522-b14a-47b4-9343-1e232f19b065;True;0;True
Boys Snowboarding Clothing;sports-outdoors-outdoor-recreation-winter-sports-equipment-snowboarding-equipment-snowboarding-clothing-Boys Snowboarding Clothing;;8a6ca522-b14a-47b4-9343-1e232f19b065;True;0;True
Mens Snowboarding Clothing;sports-outdoors-outdoor-recreation-winter-sports-equipment-snowboarding-equipment-snowboarding-clothing-Mens Snowboarding Clothing;;8a6ca522-b14a-47b4-9343-1e232f19b065;True;0;True
Mens Snowboarding Clothing;sports-outdoors-outdoor-recreation-winter-sports-equipment-snowboarding-equipment-snowboarding-clothing-Mens Snowboarding Clothing;;8a6ca522-b14a-47b4-9343-1e232f19b065;True;0;True
Mens Snowboarding Clothing;sports-outdoors-outdoor-recreation-winter-sports-equipment-snowboarding-equipment-snowboarding-clothing-Mens Snowboarding Clothing;;8a6ca522-b14a-47b4-9343-1e232f19b065;True;0;True
Womens Snowboarding Clothing;sports-outdoors-outdoor-recreation-winter-sports-equipment-snowboarding-equipment-snowboarding-clothing-Womens Snowboarding Clothing;;8a6ca522-b14a-47b4-9343-1e232f19b065;True;0;True
Womens Snowboarding Clothing;sports-outdoors-outdoor-recreation-winter-sports-equipment-snowboarding-equipment-snowboarding-clothing-Womens Snowboarding Clothing;;8a6ca522-b14a-47b4-9343-1e232f19b065;True;0;True
Womens Snowboarding Clothing;sports-outdoors-outdoor-recreation-winter-sports-equipment-snowboarding-equipment-snowboarding-clothing-Womens Snowboarding Clothing;;8a6ca522-b14a-47b4-9343-1e232f19b065;True;0;True
Freeride Snowboards;sports-outdoors-outdoor-recreation-winter-sports-equipment-snowboarding-equipment-snowboards-Freeride Snowboards;;b83219c8-726e-430b-a37c-b3ff0830e981;True;0;True
Freestyle Snowboards;sports-outdoors-outdoor-recreation-winter-sports-equipment-snowboarding-equipment-snowboards-Freestyle Snowboards;;b83219c8-726e-430b-a37c-b3ff0830e981;True;0;True
Avalanche Beacons & Transceivers;sports-outdoors-outdoor-recreation-winter-sports-equipment-winter-sports-accessories-backcountry-equipment-Avalanche Beacons & Transceivers;;80c6bbc6-49ec-4c1b-a2bf-15af2efd1f81;True;0;True
Backcountry Snow Probes;sports-outdoors-outdoor-recreation-winter-sports-equipment-winter-sports-accessories-backcountry-equipment-Backcountry Snow Probes;;80c6bbc6-49ec-4c1b-a2bf-15af2efd1f81;True;0;True
Backcountry Snow Shovels;sports-outdoors-outdoor-recreation-winter-sports-equipment-winter-sports-accessories-backcountry-equipment-Backcountry Snow Shovels;;80c6bbc6-49ec-4c1b-a2bf-15af2efd1f81;True;0;True
Ski Skins;sports-outdoors-outdoor-recreation-winter-sports-equipment-winter-sports-accessories-backcountry-equipment-Ski Skins;;80c6bbc6-49ec-4c1b-a2bf-15af2efd1f81;True;0;True
Replacement Ski Goggle Lenses;sports-outdoors-outdoor-recreation-winter-sports-equipment-winter-sports-accessories-snow-sports-goggles-lenses-Replacement Ski Goggle Lenses;;351562b8-89ca-4d5f-9d51-f6f71f663eec;True;0;True
Snow Sports Goggles;sports-outdoors-outdoor-recreation-winter-sports-equipment-winter-sports-accessories-snow-sports-goggles-lenses-Snow Sports Goggles;;351562b8-89ca-4d5f-9d51-f6f71f663eec;True;0;True
Airsoft Pistols;sports-outdoors-sports-fitness-airsoft-paintball-equipment-airsoft-equipment-airsoft-guns-Airsoft Pistols;;15d43cdc-95f1-4865-8e26-f228d605cd4f;True;0;True
Airsoft Rifles;sports-outdoors-sports-fitness-airsoft-paintball-equipment-airsoft-equipment-airsoft-guns-Airsoft Rifles;;15d43cdc-95f1-4865-8e26-f228d605cd4f;True;0;True
Airsoft Shotguns;sports-outdoors-sports-fitness-airsoft-paintball-equipment-airsoft-equipment-airsoft-guns-Airsoft Shotguns;;15d43cdc-95f1-4865-8e26-f228d605cd4f;True;0;True
Airsoft Chest Protectors;sports-outdoors-sports-fitness-airsoft-paintball-equipment-airsoft-equipment-airsoft-protective-gear-Airsoft Chest Protectors;;6521599a-cbbd-4f07-beb3-41b5d43c59b8;True;0;True
Airsoft Gloves;sports-outdoors-sports-fitness-airsoft-paintball-equipment-airsoft-equipment-airsoft-protective-gear-Airsoft Gloves;;6521599a-cbbd-4f07-beb3-41b5d43c59b8;True;0;True
Airsoft Goggles;sports-outdoors-sports-fitness-airsoft-paintball-equipment-airsoft-equipment-airsoft-protective-gear-Airsoft Goggles;;6521599a-cbbd-4f07-beb3-41b5d43c59b8;True;0;True
Airsoft Helmets;sports-outdoors-sports-fitness-airsoft-paintball-equipment-airsoft-equipment-airsoft-protective-gear-Airsoft Helmets;;6521599a-cbbd-4f07-beb3-41b5d43c59b8;True;0;True
Airsoft Masks;sports-outdoors-sports-fitness-airsoft-paintball-equipment-airsoft-equipment-airsoft-protective-gear-Airsoft Masks;;6521599a-cbbd-4f07-beb3-41b5d43c59b8;True;0;True
Airsoft Gun Lasers;sports-outdoors-sports-fitness-airsoft-paintball-equipment-airsoft-equipment-airsoft-sights-optics-Airsoft Gun Lasers;;1864530b-9958-4fde-af0c-4eba79752ef3;True;0;True
Airsoft Gun Scope Mounts;sports-outdoors-sports-fitness-airsoft-paintball-equipment-airsoft-equipment-airsoft-sights-optics-Airsoft Gun Scope Mounts;;1864530b-9958-4fde-af0c-4eba79752ef3;True;0;True
Airsoft Gun Scopes;sports-outdoors-sports-fitness-airsoft-paintball-equipment-airsoft-equipment-airsoft-sights-optics-Airsoft Gun Scopes;;1864530b-9958-4fde-af0c-4eba79752ef3;True;0;True
Airsoft Gun Sights;sports-outdoors-sports-fitness-airsoft-paintball-equipment-airsoft-equipment-airsoft-sights-optics-Airsoft Gun Sights;;1864530b-9958-4fde-af0c-4eba79752ef3;True;0;True
Paintball Loader Accessories;sports-outdoors-sports-fitness-airsoft-paintball-equipment-paintball-equipment-paintball-loaders-accessories-Paintball Loader Accessories;;bcf9e903-ce44-4015-892c-155416fb5923;True;0;True
Paintball Loaders;sports-outdoors-sports-fitness-airsoft-paintball-equipment-paintball-equipment-paintball-loaders-accessories-Paintball Loaders;;bcf9e903-ce44-4015-892c-155416fb5923;True;0;True
Paintball Tubes & Pods;sports-outdoors-sports-fitness-airsoft-paintball-equipment-paintball-equipment-paintball-loaders-accessories-Paintball Tubes & Pods;;bcf9e903-ce44-4015-892c-155416fb5923;True;0;True
Paintball Accessory Kits;sports-outdoors-sports-fitness-airsoft-paintball-equipment-paintball-equipment-paintball-marker-parts-upgrades-Paintball Accessory Kits;;c95e241c-d85d-40b5-85db-5a703488e56b;True;0;True
Paintball Autococker Accessories;sports-outdoors-sports-fitness-airsoft-paintball-equipment-paintball-equipment-paintball-marker-parts-upgrades-Paintball Autococker Accessories;;c95e241c-d85d-40b5-85db-5a703488e56b;True;0;True
Paintball Bolts;sports-outdoors-sports-fitness-airsoft-paintball-equipment-paintball-equipment-paintball-marker-parts-upgrades-Paintball Bolts;;c95e241c-d85d-40b5-85db-5a703488e56b;True;0;True
Paintball Parts Kits;sports-outdoors-sports-fitness-airsoft-paintball-equipment-paintball-equipment-paintball-marker-parts-upgrades-Paintball Parts Kits;;c95e241c-d85d-40b5-85db-5a703488e56b;True;0;True
Paintball Replacement Parts;sports-outdoors-sports-fitness-airsoft-paintball-equipment-paintball-equipment-paintball-marker-parts-upgrades-Paintball Replacement Parts;;c95e241c-d85d-40b5-85db-5a703488e56b;True;0;True
Paintball Triggers;sports-outdoors-sports-fitness-airsoft-paintball-equipment-paintball-equipment-paintball-marker-parts-upgrades-Paintball Triggers;;c95e241c-d85d-40b5-85db-5a703488e56b;True;0;True
Paintball Valves;sports-outdoors-sports-fitness-airsoft-paintball-equipment-paintball-equipment-paintball-marker-parts-upgrades-Paintball Valves;;c95e241c-d85d-40b5-85db-5a703488e56b;True;0;True
Paintball Chest Protectors;sports-outdoors-sports-fitness-airsoft-paintball-equipment-paintball-equipment-paintball-protective-gear-Paintball Chest Protectors;;a3e30527-574a-4b2f-92b3-b1e2ae746b47;True;0;True
Paintball Elbow Pads;sports-outdoors-sports-fitness-airsoft-paintball-equipment-paintball-equipment-paintball-protective-gear-Paintball Elbow Pads;;a3e30527-574a-4b2f-92b3-b1e2ae746b47;True;0;True
Paintball Gloves;sports-outdoors-sports-fitness-airsoft-paintball-equipment-paintball-equipment-paintball-protective-gear-Paintball Gloves;;a3e30527-574a-4b2f-92b3-b1e2ae746b47;True;0;True
Paintball Goggles;sports-outdoors-sports-fitness-airsoft-paintball-equipment-paintball-equipment-paintball-protective-gear-Paintball Goggles;;a3e30527-574a-4b2f-92b3-b1e2ae746b47;True;0;True
Paintball Knee Pads;sports-outdoors-sports-fitness-airsoft-paintball-equipment-paintball-equipment-paintball-protective-gear-Paintball Knee Pads;;a3e30527-574a-4b2f-92b3-b1e2ae746b47;True;0;True
Paintball Masks;sports-outdoors-sports-fitness-airsoft-paintball-equipment-paintball-equipment-paintball-protective-gear-Paintball Masks;;a3e30527-574a-4b2f-92b3-b1e2ae746b47;True;0;True
Paintball Neck Protectors;sports-outdoors-sports-fitness-airsoft-paintball-equipment-paintball-equipment-paintball-protective-gear-Paintball Neck Protectors;;a3e30527-574a-4b2f-92b3-b1e2ae746b47;True;0;True
Paintball Replacement Mask Lenses;sports-outdoors-sports-fitness-airsoft-paintball-equipment-paintball-equipment-paintball-protective-gear-Paintball Replacement Mask Lenses;;a3e30527-574a-4b2f-92b3-b1e2ae746b47;True;0;True
Paintball CO2 Systems;sports-outdoors-sports-fitness-airsoft-paintball-equipment-paintball-equipment-paintball-tanks,-regulators-parts-Paintball CO2 Systems;;38ec0e36-983e-448a-9f84-c79c7c3a92ea;True;0;True
Paintball Fill Stations;sports-outdoors-sports-fitness-airsoft-paintball-equipment-paintball-equipment-paintball-tanks,-regulators-parts-Paintball Fill Stations;;38ec0e36-983e-448a-9f84-c79c7c3a92ea;True;0;True
Paintball Regulators;sports-outdoors-sports-fitness-airsoft-paintball-equipment-paintball-equipment-paintball-tanks,-regulators-parts-Paintball Regulators;;38ec0e36-983e-448a-9f84-c79c7c3a92ea;True;0;True
Paintball Remotes;sports-outdoors-sports-fitness-airsoft-paintball-equipment-paintball-equipment-paintball-tanks,-regulators-parts-Paintball Remotes;;38ec0e36-983e-448a-9f84-c79c7c3a92ea;True;0;True
Paintball Tank Covers;sports-outdoors-sports-fitness-airsoft-paintball-equipment-paintball-equipment-paintball-tanks,-regulators-parts-Paintball Tank Covers;;38ec0e36-983e-448a-9f84-c79c7c3a92ea;True;0;True
Paintball Tanks;sports-outdoors-sports-fitness-airsoft-paintball-equipment-paintball-equipment-paintball-tanks,-regulators-parts-Paintball Tanks;;38ec0e36-983e-448a-9f84-c79c7c3a92ea;True;0;True
Boat Cabin Clocks & Barometers;sports-outdoors-sports-fitness-boating-sailing-boating-equipment-boat-cabin-products-Boat Cabin Clocks & Barometers;;3fd486b6-cb72-449c-b01e-a8f4f3a296f7;True;0;True
Boat Cabin Flags;sports-outdoors-sports-fitness-boating-sailing-boating-equipment-boat-cabin-products-Boat Cabin Flags;;3fd486b6-cb72-449c-b01e-a8f4f3a296f7;True;0;True
Boat Cabin Seating;sports-outdoors-sports-fitness-boating-sailing-boating-equipment-boat-cabin-products-Boat Cabin Seating;;3fd486b6-cb72-449c-b01e-a8f4f3a296f7;True;0;True
Boat Cabin Seating Accessories;sports-outdoors-sports-fitness-boating-sailing-boating-equipment-boat-cabin-products-Boat Cabin Seating Accessories;;3fd486b6-cb72-449c-b01e-a8f4f3a296f7;True;0;True
Boat Cabin Storage;sports-outdoors-sports-fitness-boating-sailing-boating-equipment-boat-cabin-products-Boat Cabin Storage;;3fd486b6-cb72-449c-b01e-a8f4f3a296f7;True;0;True
Boat Cabin Vents & Deck Plates;sports-outdoors-sports-fitness-boating-sailing-boating-equipment-boat-cabin-products-Boat Cabin Vents & Deck Plates;;3fd486b6-cb72-449c-b01e-a8f4f3a296f7;True;0;True
Boating Seat Cushions;sports-outdoors-sports-fitness-boating-sailing-boating-equipment-boat-cabin-products-Boating Seat Cushions;;3fd486b6-cb72-449c-b01e-a8f4f3a296f7;True;0;True
Boat Anchors;sports-outdoors-sports-fitness-boating-sailing-boating-equipment-boat-docking-anchoring-products-Boat Anchors;;f3af15de-9ac8-46e0-a974-c13544ff08f7;True;0;True
Boat Dock Cleats;sports-outdoors-sports-fitness-boating-sailing-boating-equipment-boat-docking-anchoring-products-Boat Dock Cleats;;f3af15de-9ac8-46e0-a974-c13544ff08f7;True;0;True
Boat Dock Guards;sports-outdoors-sports-fitness-boating-sailing-boating-equipment-boat-docking-anchoring-products-Boat Dock Guards;;f3af15de-9ac8-46e0-a974-c13544ff08f7;True;0;True
Boat Dock Lines & Rope;sports-outdoors-sports-fitness-boating-sailing-boating-equipment-boat-docking-anchoring-products-Boat Dock Lines & Rope;;f3af15de-9ac8-46e0-a974-c13544ff08f7;True;0;True
Boat Fenders;sports-outdoors-sports-fitness-boating-sailing-boating-equipment-boat-docking-anchoring-products-Boat Fenders;;f3af15de-9ac8-46e0-a974-c13544ff08f7;True;0;True
Boat Hooks;sports-outdoors-sports-fitness-boating-sailing-boating-equipment-boat-docking-anchoring-products-Boat Hooks;;f3af15de-9ac8-46e0-a974-c13544ff08f7;True;0;True
Boat Ladders;sports-outdoors-sports-fitness-boating-sailing-boating-equipment-boat-docking-anchoring-products-Boat Ladders;;f3af15de-9ac8-46e0-a974-c13544ff08f7;True;0;True
Boat Mooring Buoys;sports-outdoors-sports-fitness-boating-sailing-boating-equipment-boat-docking-anchoring-products-Boat Mooring Buoys;;f3af15de-9ac8-46e0-a974-c13544ff08f7;True;0;True
Boat Windlasses;sports-outdoors-sports-fitness-boating-sailing-boating-equipment-boat-docking-anchoring-products-Boat Windlasses;;f3af15de-9ac8-46e0-a974-c13544ff08f7;True;0;True
Boat Battery Chargers;sports-outdoors-sports-fitness-boating-sailing-boating-equipment-boat-electrical-equipment-Boat Battery Chargers;;9c93474c-747b-46b6-b832-896978012c45;True;0;True
Boat Battery Switches;sports-outdoors-sports-fitness-boating-sailing-boating-equipment-boat-electrical-equipment-Boat Battery Switches;;9c93474c-747b-46b6-b832-896978012c45;True;0;True
Boat Electric Wire;sports-outdoors-sports-fitness-boating-sailing-boating-equipment-boat-electrical-equipment-Boat Electric Wire;;9c93474c-747b-46b6-b832-896978012c45;True;0;True
Boat Electrical Panels;sports-outdoors-sports-fitness-boating-sailing-boating-equipment-boat-electrical-equipment-Boat Electrical Panels;;9c93474c-747b-46b6-b832-896978012c45;True;0;True
Boat Interior Lights;sports-outdoors-sports-fitness-boating-sailing-boating-equipment-boat-electrical-equipment-Boat Interior Lights;;9c93474c-747b-46b6-b832-896978012c45;True;0;True
Boat Inverters;sports-outdoors-sports-fitness-boating-sailing-boating-equipment-boat-electrical-equipment-Boat Inverters;;9c93474c-747b-46b6-b832-896978012c45;True;0;True
Boat Navigation Lights;sports-outdoors-sports-fitness-boating-sailing-boating-equipment-boat-electrical-equipment-Boat Navigation Lights;;9c93474c-747b-46b6-b832-896978012c45;True;0;True
Boat Rocker Switches;sports-outdoors-sports-fitness-boating-sailing-boating-equipment-boat-electrical-equipment-Boat Rocker Switches;;9c93474c-747b-46b6-b832-896978012c45;True;0;True
Boat Shore Power Adapters;sports-outdoors-sports-fitness-boating-sailing-boating-equipment-boat-electrical-equipment-Boat Shore Power Adapters;;9c93474c-747b-46b6-b832-896978012c45;True;0;True
Boat Shore Power Cords;sports-outdoors-sports-fitness-boating-sailing-boating-equipment-boat-electrical-equipment-Boat Shore Power Cords;;9c93474c-747b-46b6-b832-896978012c45;True;0;True
Boat Spotlights;sports-outdoors-sports-fitness-boating-sailing-boating-equipment-boat-electrical-equipment-Boat Spotlights;;9c93474c-747b-46b6-b832-896978012c45;True;0;True
Boat Toggle Switches;sports-outdoors-sports-fitness-boating-sailing-boating-equipment-boat-electrical-equipment-Boat Toggle Switches;;9c93474c-747b-46b6-b832-896978012c45;True;0;True
Boat Wire Terminals;sports-outdoors-sports-fitness-boating-sailing-boating-equipment-boat-electrical-equipment-Boat Wire Terminals;;9c93474c-747b-46b6-b832-896978012c45;True;0;True
Boat Engine Blowers;sports-outdoors-sports-fitness-boating-sailing-boating-equipment-boat-engine-parts-Boat Engine Blowers;;b007aa39-9e33-4862-a1f5-25b6a0baf3d2;True;0;True
Boat Engine Fuel Filters;sports-outdoors-sports-fitness-boating-sailing-boating-equipment-boat-engine-parts-Boat Engine Fuel Filters;;b007aa39-9e33-4862-a1f5-25b6a0baf3d2;True;0;True
Boat Engine Fuel Tanks;sports-outdoors-sports-fitness-boating-sailing-boating-equipment-boat-engine-parts-Boat Engine Fuel Tanks;;b007aa39-9e33-4862-a1f5-25b6a0baf3d2;True;0;True
Boat Engine Fuel-Flow Instruments;sports-outdoors-sports-fitness-boating-sailing-boating-equipment-boat-engine-parts-Boat Engine Fuel-Flow Instruments;;b007aa39-9e33-4862-a1f5-25b6a0baf3d2;True;0;True
Boat Engine Motor Flushers;sports-outdoors-sports-fitness-boating-sailing-boating-equipment-boat-engine-parts-Boat Engine Motor Flushers;;b007aa39-9e33-4862-a1f5-25b6a0baf3d2;True;0;True
Boat Engine Outboard Motor Brackets;sports-outdoors-sports-fitness-boating-sailing-boating-equipment-boat-engine-parts-Boat Engine Outboard Motor Brackets;;b007aa39-9e33-4862-a1f5-25b6a0baf3d2;True;0;True
Boat Engine Propellers;sports-outdoors-sports-fitness-boating-sailing-boating-equipment-boat-engine-parts-Boat Engine Propellers;;b007aa39-9e33-4862-a1f5-25b6a0baf3d2;True;0;True
Boat Engine Spark Plugs;sports-outdoors-sports-fitness-boating-sailing-boating-equipment-boat-engine-parts-Boat Engine Spark Plugs;;b007aa39-9e33-4862-a1f5-25b6a0baf3d2;True;0;True
Boat Cabinet Hardware & Hinges;sports-outdoors-sports-fitness-boating-sailing-boating-equipment-boat-hardware-Boat Cabinet Hardware & Hinges;;ae4c9b43-20a7-416f-b1a4-4e1107a3d040;True;0;True
Boat Cleats & Chocks;sports-outdoors-sports-fitness-boating-sailing-boating-equipment-boat-hardware-Boat Cleats & Chocks;;ae4c9b43-20a7-416f-b1a4-4e1107a3d040;True;0;True
Boat Deck Hardware;sports-outdoors-sports-fitness-boating-sailing-boating-equipment-boat-hardware-Boat Deck Hardware;;ae4c9b43-20a7-416f-b1a4-4e1107a3d040;True;0;True
Boat Cleaners;sports-outdoors-sports-fitness-boating-sailing-boating-equipment-boat-maintenance-supplies-Boat Cleaners;;5a847053-f73f-4a88-a339-ecbc27c10c7c;True;0;True
Boat Cleaning Tools;sports-outdoors-sports-fitness-boating-sailing-boating-equipment-boat-maintenance-supplies-Boat Cleaning Tools;;5a847053-f73f-4a88-a339-ecbc27c10c7c;True;0;True
Boat Painting Supplies;sports-outdoors-sports-fitness-boating-sailing-boating-equipment-boat-maintenance-supplies-Boat Painting Supplies;;5a847053-f73f-4a88-a339-ecbc27c10c7c;True;0;True
Boat Tools;sports-outdoors-sports-fitness-boating-sailing-boating-equipment-boat-maintenance-supplies-Boat Tools;;5a847053-f73f-4a88-a339-ecbc27c10c7c;True;0;True
Outboard Boat Motors;sports-outdoors-sports-fitness-boating-sailing-boating-equipment-boat-motors-Outboard Boat Motors;;6ed47ac0-899b-45d5-9a35-cca76b8f23a3;True;0;True
Trolling Boat Motors;sports-outdoors-sports-fitness-boating-sailing-boating-equipment-boat-motors-Trolling Boat Motors;;6ed47ac0-899b-45d5-9a35-cca76b8f23a3;True;0;True
Boat Bilge Pumps;sports-outdoors-sports-fitness-boating-sailing-boating-equipment-boat-plumbing-Boat Bilge Pumps;;48dc464a-6c80-40de-b525-7932778daf5b;True;0;True
Boat Heads;sports-outdoors-sports-fitness-boating-sailing-boating-equipment-boat-plumbing-Boat Heads;;48dc464a-6c80-40de-b525-7932778daf5b;True;0;True
Boat Plumbing Fittings;sports-outdoors-sports-fitness-boating-sailing-boating-equipment-boat-plumbing-Boat Plumbing Fittings;;48dc464a-6c80-40de-b525-7932778daf5b;True;0;True
Boat Shower Pumps & Sumps;sports-outdoors-sports-fitness-boating-sailing-boating-equipment-boat-plumbing-Boat Shower Pumps & Sumps;;48dc464a-6c80-40de-b525-7932778daf5b;True;0;True
Boat Water Pressure Pumps;sports-outdoors-sports-fitness-boating-sailing-boating-equipment-boat-plumbing-Boat Water Pressure Pumps;;48dc464a-6c80-40de-b525-7932778daf5b;True;0;True
Boat Steering Control Cables;sports-outdoors-sports-fitness-boating-sailing-boating-equipment-boat-steering-equipment-Boat Steering Control Cables;;53170b85-6e6d-4a85-920b-b5d248ae0b16;True;0;True
Boat Steering Wheels;sports-outdoors-sports-fitness-boating-sailing-boating-equipment-boat-steering-equipment-Boat Steering Wheels;;53170b85-6e6d-4a85-920b-b5d248ae0b16;True;0;True
Boat Windshield Wipers;sports-outdoors-sports-fitness-boating-sailing-boating-equipment-boat-steering-equipment-Boat Windshield Wipers;;53170b85-6e6d-4a85-920b-b5d248ae0b16;True;0;True
Boat Trailer Bearings, Hubs & Springs;sports-outdoors-sports-fitness-boating-sailing-boating-equipment-boat-trailer-parts-accessories-Boat Trailer Bearings, Hubs & Springs;;1a5dda06-c641-4620-b0ef-d5bd54e04d3e;True;0;True
Boat Trailer Guides & Rollers;sports-outdoors-sports-fitness-boating-sailing-boating-equipment-boat-trailer-parts-accessories-Boat Trailer Guides & Rollers;;1a5dda06-c641-4620-b0ef-d5bd54e04d3e;True;0;True
Boat Trailer Hitches & Balls;sports-outdoors-sports-fitness-boating-sailing-boating-equipment-boat-trailer-parts-accessories-Boat Trailer Hitches & Balls;;1a5dda06-c641-4620-b0ef-d5bd54e04d3e;True;0;True
Boat Trailer Jacks;sports-outdoors-sports-fitness-boating-sailing-boating-equipment-boat-trailer-parts-accessories-Boat Trailer Jacks;;1a5dda06-c641-4620-b0ef-d5bd54e04d3e;True;0;True
Boat Trailer Lights;sports-outdoors-sports-fitness-boating-sailing-boating-equipment-boat-trailer-parts-accessories-Boat Trailer Lights;;1a5dda06-c641-4620-b0ef-d5bd54e04d3e;True;0;True
Boat Trailer Tie-Downs;sports-outdoors-sports-fitness-boating-sailing-boating-equipment-boat-trailer-parts-accessories-Boat Trailer Tie-Downs;;1a5dda06-c641-4620-b0ef-d5bd54e04d3e;True;0;True
Boat Trailer Tires & Wheels;sports-outdoors-sports-fitness-boating-sailing-boating-equipment-boat-trailer-parts-accessories-Boat Trailer Tires & Wheels;;1a5dda06-c641-4620-b0ef-d5bd54e04d3e;True;0;True
Boat Trailer Winches;sports-outdoors-sports-fitness-boating-sailing-boating-equipment-boat-trailer-parts-accessories-Boat Trailer Winches;;1a5dda06-c641-4620-b0ef-d5bd54e04d3e;True;0;True
Dinghies;sports-outdoors-sports-fitness-boating-sailing-boating-equipment-boats-Dinghies;;450d4047-7f39-4837-bce3-64d73ee9499e;True;0;True
Inflatable Rafts;sports-outdoors-sports-fitness-boating-sailing-boating-equipment-boats-Inflatable Rafts;;450d4047-7f39-4837-bce3-64d73ee9499e;True;0;True
Pedal Boats;sports-outdoors-sports-fitness-boating-sailing-boating-equipment-boats-Pedal Boats;;450d4047-7f39-4837-bce3-64d73ee9499e;True;0;True
Pontoon Boats;sports-outdoors-sports-fitness-boating-sailing-boating-equipment-boats-Pontoon Boats;;450d4047-7f39-4837-bce3-64d73ee9499e;True;0;True
Boat Safety Bells;sports-outdoors-sports-fitness-boating-sailing-boating-equipment-marine-safety-flotation-devices-Boat Safety Bells;;1d0d22b9-cee3-4984-b862-0fb3ab721be8;True;0;True
Boat Safety EPIRBs;sports-outdoors-sports-fitness-boating-sailing-boating-equipment-marine-safety-flotation-devices-Boat Safety EPIRBs;;1d0d22b9-cee3-4984-b862-0fb3ab721be8;True;0;True
Boat Safety First Aid Kits;sports-outdoors-sports-fitness-boating-sailing-boating-equipment-marine-safety-flotation-devices-Boat Safety First Aid Kits;;1d0d22b9-cee3-4984-b862-0fb3ab721be8;True;0;True
Boat Safety Harnesses;sports-outdoors-sports-fitness-boating-sailing-boating-equipment-marine-safety-flotation-devices-Boat Safety Harnesses;;1d0d22b9-cee3-4984-b862-0fb3ab721be8;True;0;True
Boat Safety Throw Rings;sports-outdoors-sports-fitness-boating-sailing-boating-equipment-marine-safety-flotation-devices-Boat Safety Throw Rings;;1d0d22b9-cee3-4984-b862-0fb3ab721be8;True;0;True
Boat Strobe & Safety Lights;sports-outdoors-sports-fitness-boating-sailing-boating-equipment-marine-safety-flotation-devices-Boat Strobe & Safety Lights;;1d0d22b9-cee3-4984-b862-0fb3ab721be8;True;0;True
Life Jackets & Vests;sports-outdoors-sports-fitness-boating-sailing-boating-equipment-marine-safety-flotation-devices-Life Jackets & Vests;;1d0d22b9-cee3-4984-b862-0fb3ab721be8;True;0;True
Sailing Rigging Shackles;sports-outdoors-sports-fitness-boating-sailing-sailing-equipment-sailing-rigging-Sailing Rigging Shackles;;f80b1d99-440b-4b83-b4dd-cf4ba935f5c0;True;0;True
Sailing Rigging Turnbuckles;sports-outdoors-sports-fitness-boating-sailing-sailing-equipment-sailing-rigging-Sailing Rigging Turnbuckles;;f80b1d99-440b-4b83-b4dd-cf4ba935f5c0;True;0;True
Exercise Ball Accessories;sports-outdoors-sports-fitness-exercise-fitness-equipment-exercise-fitness-accessories-exercise-balls-accessories-Exercise Ball Accessories;;436696b2-3622-4793-89ac-b6eb5c295fd1;True;0;True
Exercise Ball Chairs;sports-outdoors-sports-fitness-exercise-fitness-equipment-exercise-fitness-accessories-exercise-balls-accessories-Exercise Ball Chairs;;436696b2-3622-4793-89ac-b6eb5c295fd1;True;0;True
Exercise Balls;sports-outdoors-sports-fitness-exercise-fitness-equipment-exercise-fitness-accessories-exercise-balls-accessories-Exercise Balls;;436696b2-3622-4793-89ac-b6eb5c295fd1;True;0;True
Ankle Support Wraps;sports-outdoors-sports-fitness-exercise-fitness-equipment-exercise-fitness-accessories-exercise-wraps-Ankle Support Wraps;;61e53d79-1057-4cd8-8542-7d82429314ba;True;0;True
Elbow Support Wraps;sports-outdoors-sports-fitness-exercise-fitness-equipment-exercise-fitness-accessories-exercise-wraps-Elbow Support Wraps;;61e53d79-1057-4cd8-8542-7d82429314ba;True;0;True
Knee Support Wraps;sports-outdoors-sports-fitness-exercise-fitness-equipment-exercise-fitness-accessories-exercise-wraps-Knee Support Wraps;;61e53d79-1057-4cd8-8542-7d82429314ba;True;0;True
Wrist Support Wraps;sports-outdoors-sports-fitness-exercise-fitness-equipment-exercise-fitness-accessories-exercise-wraps-Wrist Support Wraps;;61e53d79-1057-4cd8-8542-7d82429314ba;True;0;True
Treadmill Replacement Parts;sports-outdoors-sports-fitness-exercise-fitness-equipment-exercise-machine-parts-accessories-exercise-machine-replacement-parts-Treadmill Replacement Parts;;62d553d7-cb04-4808-aca4-62d945031055;True;0;True
App-Enabled Fitness Tracker Accessories;sports-outdoors-sports-fitness-exercise-fitness-equipment-fitness-technology-app-enabled-fitness-trackers-App-Enabled Fitness Tracker Accessories;;661baada-ecd8-4fc6-8fb9-e266ddcab20d;True;0;True
Boys Running Clothing;sports-outdoors-sports-fitness-exercise-fitness-equipment-running-equipment-running-clothing-Boys Running Clothing;;799d07fa-ef2c-4080-b0ec-f39d640ea39c;True;0;True
Boys Running Clothing;sports-outdoors-sports-fitness-exercise-fitness-equipment-running-equipment-running-clothing-Boys Running Clothing;;799d07fa-ef2c-4080-b0ec-f39d640ea39c;True;0;True
Boys Running Clothing;sports-outdoors-sports-fitness-exercise-fitness-equipment-running-equipment-running-clothing-Boys Running Clothing;;799d07fa-ef2c-4080-b0ec-f39d640ea39c;True;0;True
Girls Running Clothing;sports-outdoors-sports-fitness-exercise-fitness-equipment-running-equipment-running-clothing-Girls Running Clothing;;799d07fa-ef2c-4080-b0ec-f39d640ea39c;True;0;True
Girls Running Clothing;sports-outdoors-sports-fitness-exercise-fitness-equipment-running-equipment-running-clothing-Girls Running Clothing;;799d07fa-ef2c-4080-b0ec-f39d640ea39c;True;0;True
Mens Running Clothing;sports-outdoors-sports-fitness-exercise-fitness-equipment-running-equipment-running-clothing-Mens Running Clothing;;799d07fa-ef2c-4080-b0ec-f39d640ea39c;True;0;True
Mens Running Clothing;sports-outdoors-sports-fitness-exercise-fitness-equipment-running-equipment-running-clothing-Mens Running Clothing;;799d07fa-ef2c-4080-b0ec-f39d640ea39c;True;0;True
Mens Running Clothing;sports-outdoors-sports-fitness-exercise-fitness-equipment-running-equipment-running-clothing-Mens Running Clothing;;799d07fa-ef2c-4080-b0ec-f39d640ea39c;True;0;True
Mens Running Clothing;sports-outdoors-sports-fitness-exercise-fitness-equipment-running-equipment-running-clothing-Mens Running Clothing;;799d07fa-ef2c-4080-b0ec-f39d640ea39c;True;0;True
Mens Running Clothing;sports-outdoors-sports-fitness-exercise-fitness-equipment-running-equipment-running-clothing-Mens Running Clothing;;799d07fa-ef2c-4080-b0ec-f39d640ea39c;True;0;True
Mens Running Clothing;sports-outdoors-sports-fitness-exercise-fitness-equipment-running-equipment-running-clothing-Mens Running Clothing;;799d07fa-ef2c-4080-b0ec-f39d640ea39c;True;0;True
Mens Running Clothing;sports-outdoors-sports-fitness-exercise-fitness-equipment-running-equipment-running-clothing-Mens Running Clothing;;799d07fa-ef2c-4080-b0ec-f39d640ea39c;True;0;True
Mens Running Clothing;sports-outdoors-sports-fitness-exercise-fitness-equipment-running-equipment-running-clothing-Mens Running Clothing;;799d07fa-ef2c-4080-b0ec-f39d640ea39c;True;0;True
Mens Running Clothing;sports-outdoors-sports-fitness-exercise-fitness-equipment-running-equipment-running-clothing-Mens Running Clothing;;799d07fa-ef2c-4080-b0ec-f39d640ea39c;True;0;True
Womens Running Clothing;sports-outdoors-sports-fitness-exercise-fitness-equipment-running-equipment-running-clothing-Womens Running Clothing;;799d07fa-ef2c-4080-b0ec-f39d640ea39c;True;0;True
Womens Running Clothing;sports-outdoors-sports-fitness-exercise-fitness-equipment-running-equipment-running-clothing-Womens Running Clothing;;799d07fa-ef2c-4080-b0ec-f39d640ea39c;True;0;True
Womens Running Clothing;sports-outdoors-sports-fitness-exercise-fitness-equipment-running-equipment-running-clothing-Womens Running Clothing;;799d07fa-ef2c-4080-b0ec-f39d640ea39c;True;0;True
Womens Running Clothing;sports-outdoors-sports-fitness-exercise-fitness-equipment-running-equipment-running-clothing-Womens Running Clothing;;799d07fa-ef2c-4080-b0ec-f39d640ea39c;True;0;True
Womens Running Clothing;sports-outdoors-sports-fitness-exercise-fitness-equipment-running-equipment-running-clothing-Womens Running Clothing;;799d07fa-ef2c-4080-b0ec-f39d640ea39c;True;0;True
Womens Running Clothing;sports-outdoors-sports-fitness-exercise-fitness-equipment-running-equipment-running-clothing-Womens Running Clothing;;799d07fa-ef2c-4080-b0ec-f39d640ea39c;True;0;True
Womens Running Clothing;sports-outdoors-sports-fitness-exercise-fitness-equipment-running-equipment-running-clothing-Womens Running Clothing;;799d07fa-ef2c-4080-b0ec-f39d640ea39c;True;0;True
Womens Running Clothing;sports-outdoors-sports-fitness-exercise-fitness-equipment-running-equipment-running-clothing-Womens Running Clothing;;799d07fa-ef2c-4080-b0ec-f39d640ea39c;True;0;True
Roman Chairs;sports-outdoors-sports-fitness-exercise-fitness-equipment-strength-training-equipment-strength-training-benches-Roman Chairs;;48d5058e-6f57-4c74-ae16-7363dc7a2afb;True;0;True
Standard Weight Training Benches;sports-outdoors-sports-fitness-exercise-fitness-equipment-strength-training-equipment-strength-training-benches-Standard Weight Training Benches;;48d5058e-6f57-4c74-ae16-7363dc7a2afb;True;0;True
Strength Training Adjustable Benches;sports-outdoors-sports-fitness-exercise-fitness-equipment-strength-training-equipment-strength-training-benches-Strength Training Adjustable Benches;;48d5058e-6f57-4c74-ae16-7363dc7a2afb;True;0;True
Strength Training Olympic Weight Benches;sports-outdoors-sports-fitness-exercise-fitness-equipment-strength-training-equipment-strength-training-benches-Strength Training Olympic Weight Benches;;48d5058e-6f57-4c74-ae16-7363dc7a2afb;True;0;True
Strength Training Thigh & Hip Strengtheners;sports-outdoors-sports-fitness-exercise-fitness-equipment-strength-training-equipment-strength-training-devices-Strength Training Thigh & Hip Strengtheners;;e97a531f-a25e-4976-9b40-0c9672eef9c7;True;0;True
Strength Training Wrist & Forearm Strengtheners;sports-outdoors-sports-fitness-exercise-fitness-equipment-strength-training-equipment-strength-training-devices-Strength Training Wrist & Forearm Strengtheners;;e97a531f-a25e-4976-9b40-0c9672eef9c7;True;0;True
Strength Training Upper Body Machines;sports-outdoors-sports-fitness-exercise-fitness-equipment-strength-training-equipment-strength-training-weight-machines-Strength Training Upper Body Machines;;89d75dfb-66e7-41cb-8f38-554ef46e203a;True;0;True
Strength Training Dumbbell Racks;sports-outdoors-sports-fitness-exercise-fitness-equipment-strength-training-equipment-strength-training-weight-racks-Strength Training Dumbbell Racks;;83567fb6-810e-4bb6-aecf-ad7e1d0175b0;True;0;True
Strength Training Free-Weight Racks;sports-outdoors-sports-fitness-exercise-fitness-equipment-strength-training-equipment-strength-training-weight-racks-Strength Training Free-Weight Racks;;83567fb6-810e-4bb6-aecf-ad7e1d0175b0;True;0;True
Strength Training Plate Storage Racks;sports-outdoors-sports-fitness-exercise-fitness-equipment-strength-training-equipment-strength-training-weight-racks-Strength Training Plate Storage Racks;;83567fb6-810e-4bb6-aecf-ad7e1d0175b0;True;0;True
Strength Training Plate Trees;sports-outdoors-sports-fitness-exercise-fitness-equipment-strength-training-equipment-strength-training-weight-racks-Strength Training Plate Trees;;83567fb6-810e-4bb6-aecf-ad7e1d0175b0;True;0;True
Exercise Body Bars;sports-outdoors-sports-fitness-exercise-fitness-equipment-strength-training-equipment-strength-training-weights-accessories-Exercise Body Bars;;1c067ba4-a9e0-4a26-9026-1e547cbcb96a;True;0;True
Strength Training Bicep Supports;sports-outdoors-sports-fitness-exercise-fitness-equipment-strength-training-equipment-strength-training-weights-accessories-Strength Training Bicep Supports;;1c067ba4-a9e0-4a26-9026-1e547cbcb96a;True;0;True
Strength Training Medicine Balls;sports-outdoors-sports-fitness-exercise-fitness-equipment-strength-training-equipment-strength-training-weights-accessories-Strength Training Medicine Balls;;1c067ba4-a9e0-4a26-9026-1e547cbcb96a;True;0;True
Strength Training Wrist & Ankle Weights;sports-outdoors-sports-fitness-exercise-fitness-equipment-strength-training-equipment-strength-training-weights-accessories-Strength Training Wrist & Ankle Weights;;1c067ba4-a9e0-4a26-9026-1e547cbcb96a;True;0;True
Mens Triathlon Skinsuits & Wetsuits;sports-outdoors-sports-fitness-exercise-fitness-equipment-triathlon-equipment-triathlon-skinsuits-Mens Triathlon Skinsuits & Wetsuits;;16de3c1c-77ba-424b-9dae-11f54bdf0edf;True;0;True
Mens Triathlon Skinsuits & Wetsuits;sports-outdoors-sports-fitness-exercise-fitness-equipment-triathlon-equipment-triathlon-skinsuits-Mens Triathlon Skinsuits & Wetsuits;;16de3c1c-77ba-424b-9dae-11f54bdf0edf;True;0;True
Mens Triathlon Skinsuits & Wetsuits;sports-outdoors-sports-fitness-exercise-fitness-equipment-triathlon-equipment-triathlon-skinsuits-Mens Triathlon Skinsuits & Wetsuits;;16de3c1c-77ba-424b-9dae-11f54bdf0edf;True;0;True
Womens Triathlon Skinsuits & Wetsuits;sports-outdoors-sports-fitness-exercise-fitness-equipment-triathlon-equipment-triathlon-skinsuits-Womens Triathlon Skinsuits & Wetsuits;;16de3c1c-77ba-424b-9dae-11f54bdf0edf;True;0;True
Womens Triathlon Skinsuits & Wetsuits;sports-outdoors-sports-fitness-exercise-fitness-equipment-triathlon-equipment-triathlon-skinsuits-Womens Triathlon Skinsuits & Wetsuits;;16de3c1c-77ba-424b-9dae-11f54bdf0edf;True;0;True
Womens Triathlon Skinsuits & Wetsuits;sports-outdoors-sports-fitness-exercise-fitness-equipment-triathlon-equipment-triathlon-skinsuits-Womens Triathlon Skinsuits & Wetsuits;;16de3c1c-77ba-424b-9dae-11f54bdf0edf;True;0;True
Boys Yoga Clothing;sports-outdoors-sports-fitness-exercise-fitness-equipment-yoga-equipment-yoga-clothing-Boys Yoga Clothing;;fb96e7ab-a9cb-4b22-bcd3-fb00b581b6f8;True;0;True
Girls Yoga Clothing;sports-outdoors-sports-fitness-exercise-fitness-equipment-yoga-equipment-yoga-clothing-Girls Yoga Clothing;;fb96e7ab-a9cb-4b22-bcd3-fb00b581b6f8;True;0;True
Girls Yoga Clothing;sports-outdoors-sports-fitness-exercise-fitness-equipment-yoga-equipment-yoga-clothing-Girls Yoga Clothing;;fb96e7ab-a9cb-4b22-bcd3-fb00b581b6f8;True;0;True
Girls Yoga Clothing;sports-outdoors-sports-fitness-exercise-fitness-equipment-yoga-equipment-yoga-clothing-Girls Yoga Clothing;;fb96e7ab-a9cb-4b22-bcd3-fb00b581b6f8;True;0;True
Mens Yoga Clothing;sports-outdoors-sports-fitness-exercise-fitness-equipment-yoga-equipment-yoga-clothing-Mens Yoga Clothing;;fb96e7ab-a9cb-4b22-bcd3-fb00b581b6f8;True;0;True
Mens Yoga Clothing;sports-outdoors-sports-fitness-exercise-fitness-equipment-yoga-equipment-yoga-clothing-Mens Yoga Clothing;;fb96e7ab-a9cb-4b22-bcd3-fb00b581b6f8;True;0;True
Mens Yoga Clothing;sports-outdoors-sports-fitness-exercise-fitness-equipment-yoga-equipment-yoga-clothing-Mens Yoga Clothing;;fb96e7ab-a9cb-4b22-bcd3-fb00b581b6f8;True;0;True
Mens Yoga Clothing;sports-outdoors-sports-fitness-exercise-fitness-equipment-yoga-equipment-yoga-clothing-Mens Yoga Clothing;;fb96e7ab-a9cb-4b22-bcd3-fb00b581b6f8;True;0;True
Womens Yoga Clothing;sports-outdoors-sports-fitness-exercise-fitness-equipment-yoga-equipment-yoga-clothing-Womens Yoga Clothing;;fb96e7ab-a9cb-4b22-bcd3-fb00b581b6f8;True;0;True
Womens Yoga Clothing;sports-outdoors-sports-fitness-exercise-fitness-equipment-yoga-equipment-yoga-clothing-Womens Yoga Clothing;;fb96e7ab-a9cb-4b22-bcd3-fb00b581b6f8;True;0;True
Womens Yoga Clothing;sports-outdoors-sports-fitness-exercise-fitness-equipment-yoga-equipment-yoga-clothing-Womens Yoga Clothing;;fb96e7ab-a9cb-4b22-bcd3-fb00b581b6f8;True;0;True
Womens Yoga Clothing;sports-outdoors-sports-fitness-exercise-fitness-equipment-yoga-equipment-yoga-clothing-Womens Yoga Clothing;;fb96e7ab-a9cb-4b22-bcd3-fb00b581b6f8;True;0;True
Womens Yoga Clothing;sports-outdoors-sports-fitness-exercise-fitness-equipment-yoga-equipment-yoga-clothing-Womens Yoga Clothing;;fb96e7ab-a9cb-4b22-bcd3-fb00b581b6f8;True;0;True
Boys Golf Pants;sports-outdoors-sports-fitness-golf-equipment-golf-clothing-boys-golf-clothing-Boys Golf Pants;;a532cd9a-59f4-4556-b434-0b5ad242a011;True;0;True
Boys Golf Shirts;sports-outdoors-sports-fitness-golf-equipment-golf-clothing-boys-golf-clothing-Boys Golf Shirts;;a532cd9a-59f4-4556-b434-0b5ad242a011;True;0;True
Girls Golf Shirts;sports-outdoors-sports-fitness-golf-equipment-golf-clothing-girls-golf-clothing-Girls Golf Shirts;;f64e6591-2d9d-442e-b14f-8042ede8e5dc;True;0;True
Mens Golf Clothing Accessories;sports-outdoors-sports-fitness-golf-equipment-golf-clothing-mens-golf-clothing-Mens Golf Clothing Accessories;;5f8c7997-1639-421d-a775-4c8c22504486;True;0;True
Mens Golf Clothing Accessories;sports-outdoors-sports-fitness-golf-equipment-golf-clothing-mens-golf-clothing-Mens Golf Clothing Accessories;;5f8c7997-1639-421d-a775-4c8c22504486;True;0;True
Mens Golf Pants;sports-outdoors-sports-fitness-golf-equipment-golf-clothing-mens-golf-clothing-Mens Golf Pants;;5f8c7997-1639-421d-a775-4c8c22504486;True;0;True
Mens Golf Shirts;sports-outdoors-sports-fitness-golf-equipment-golf-clothing-mens-golf-clothing-Mens Golf Shirts;;5f8c7997-1639-421d-a775-4c8c22504486;True;0;True
Womens Golf Pants;sports-outdoors-sports-fitness-golf-equipment-golf-clothing-womens-golf-clothing-Womens Golf Pants;;abd8a1a3-d2ab-4ff2-9abd-8cc7d85b711b;True;0;True
Womens Golf Shirts;sports-outdoors-sports-fitness-golf-equipment-golf-clothing-womens-golf-clothing-Womens Golf Shirts;;abd8a1a3-d2ab-4ff2-9abd-8cc7d85b711b;True;0;True
Golf Iron Sets;sports-outdoors-sports-fitness-golf-equipment-golf-clubs-golf-club-?rons-Golf Iron Sets;;62d2b9ac-4ef5-4b24-b642-2d4c0a37c307;True;0;True
Single Golf Irons;sports-outdoors-sports-fitness-golf-equipment-golf-clubs-golf-club-?rons-Single Golf Irons;;62d2b9ac-4ef5-4b24-b642-2d4c0a37c307;True;0;True
Golf Approach Wedges;sports-outdoors-sports-fitness-golf-equipment-golf-clubs-golf-wedges-Golf Approach Wedges;;89126cc1-ef25-4507-913d-e64a364c7644;True;0;True
Golf Gap Wedges;sports-outdoors-sports-fitness-golf-equipment-golf-clubs-golf-wedges-Golf Gap Wedges;;89126cc1-ef25-4507-913d-e64a364c7644;True;0;True
Golf Lob Wedges;sports-outdoors-sports-fitness-golf-equipment-golf-clubs-golf-wedges-Golf Lob Wedges;;89126cc1-ef25-4507-913d-e64a364c7644;True;0;True
Golf Pitching Wedges;sports-outdoors-sports-fitness-golf-equipment-golf-clubs-golf-wedges-Golf Pitching Wedges;;89126cc1-ef25-4507-913d-e64a364c7644;True;0;True
Golf Sand Wedges;sports-outdoors-sports-fitness-golf-equipment-golf-clubs-golf-wedges-Golf Sand Wedges;;89126cc1-ef25-4507-913d-e64a364c7644;True;0;True
Archery Bow Maintenance Accessories;books-sports-outdoors-hunting-fishing-archery-equipment-archery-accessories-Archery Bow Maintenance Accessories;;75057e28-619c-4550-8dd9-2e37d98bf983;True;0;True
Archery Bowstrings;books-sports-outdoors-hunting-fishing-archery-equipment-archery-accessories-Archery Bowstrings;;75057e28-619c-4550-8dd9-2e37d98bf983;True;0;True
Archery Kisser Buttons;books-sports-outdoors-hunting-fishing-archery-equipment-archery-accessories-Archery Kisser Buttons;;75057e28-619c-4550-8dd9-2e37d98bf983;True;0;True
Archery Nocks;books-sports-outdoors-hunting-fishing-archery-equipment-archery-accessories-Archery Nocks;;75057e28-619c-4550-8dd9-2e37d98bf983;True;0;True
Archery Protective Gear;books-sports-outdoors-hunting-fishing-archery-equipment-archery-accessories-Archery Protective Gear;;75057e28-619c-4550-8dd9-2e37d98bf983;True;0;True
Archery Protective Gear;books-sports-outdoors-hunting-fishing-archery-equipment-archery-accessories-Archery Protective Gear;;75057e28-619c-4550-8dd9-2e37d98bf983;True;0;True
Archery Protective Gear;books-sports-outdoors-hunting-fishing-archery-equipment-archery-accessories-Archery Protective Gear;;75057e28-619c-4550-8dd9-2e37d98bf983;True;0;True
Archery Protective Gear;books-sports-outdoors-hunting-fishing-archery-equipment-archery-accessories-Archery Protective Gear;;75057e28-619c-4550-8dd9-2e37d98bf983;True;0;True
Archery Arrows & Shafts;books-sports-outdoors-hunting-fishing-archery-equipment-archery-arrows-parts-Archery Arrows & Shafts;;014a6838-6c12-4a9f-85e3-7661643f07ed;True;0;True
Archery Arrows & Shafts;books-sports-outdoors-hunting-fishing-archery-equipment-archery-arrows-parts-Archery Arrows & Shafts;;014a6838-6c12-4a9f-85e3-7661643f07ed;True;0;True
Archery Arrows & Shafts;books-sports-outdoors-hunting-fishing-archery-equipment-archery-arrows-parts-Archery Arrows & Shafts;;014a6838-6c12-4a9f-85e3-7661643f07ed;True;0;True
Archery Arrows & Shafts;books-sports-outdoors-hunting-fishing-archery-equipment-archery-arrows-parts-Archery Arrows & Shafts;;014a6838-6c12-4a9f-85e3-7661643f07ed;True;0;True
Archery Broadheads;books-sports-outdoors-hunting-fishing-archery-equipment-archery-arrows-parts-Archery Broadheads;;014a6838-6c12-4a9f-85e3-7661643f07ed;True;0;True
Archery Fletches;books-sports-outdoors-hunting-fishing-archery-equipment-archery-arrows-parts-Archery Fletches;;014a6838-6c12-4a9f-85e3-7661643f07ed;True;0;True
Archery Points;books-sports-outdoors-hunting-fishing-archery-equipment-archery-arrows-parts-Archery Points;;014a6838-6c12-4a9f-85e3-7661643f07ed;True;0;True
Archery Basic Bows;books-sports-outdoors-hunting-fishing-archery-equipment-archery-bows-Archery Basic Bows;;944896f7-0f64-45c3-99ac-f33b7a75806e;True;0;True
Archery Compound Bows;books-sports-outdoors-hunting-fishing-archery-equipment-archery-bows-Archery Compound Bows;;944896f7-0f64-45c3-99ac-f33b7a75806e;True;0;True
Archery Longbows;books-sports-outdoors-hunting-fishing-archery-equipment-archery-bows-Archery Longbows;;944896f7-0f64-45c3-99ac-f33b7a75806e;True;0;True
Archery Recurve Bows;books-sports-outdoors-hunting-fishing-archery-equipment-archery-bows-Archery Recurve Bows;;944896f7-0f64-45c3-99ac-f33b7a75806e;True;0;True
Youth Archery Bow Sets;books-sports-outdoors-hunting-fishing-archery-equipment-archery-bows-Youth Archery Bow Sets;;944896f7-0f64-45c3-99ac-f33b7a75806e;True;0;True
Archery Cocking Devices;books-sports-outdoors-hunting-fishing-archery-equipment-archery-releases-aids-Archery Cocking Devices;;34d2a0ec-983f-40cc-8f10-6006b23958d3;True;0;True
Archery Release Aids;books-sports-outdoors-hunting-fishing-archery-equipment-archery-releases-aids-Archery Release Aids;;34d2a0ec-983f-40cc-8f10-6006b23958d3;True;0;True
Archery Sights;books-sports-outdoors-hunting-fishing-archery-equipment-archery-sights-optics-Archery Sights;;96ad6030-4f77-4c12-ad71-a9d993abbdce;True;0;True
Fish Weighing Scales;books-sports-outdoors-hunting-fishing-fishing-equipment-fishing-accessories-Fish Weighing Scales;;ac385744-2ba4-4225-9310-f6c1264bd176;True;0;True
Fishing Boot & Wader Bags;books-sports-outdoors-hunting-fishing-fishing-equipment-fishing-accessories-Fishing Boot & Wader Bags;;ac385744-2ba4-4225-9310-f6c1264bd176;True;0;True
Fishing Charts & Maps;books-sports-outdoors-hunting-fishing-fishing-equipment-fishing-accessories-Fishing Charts & Maps;;ac385744-2ba4-4225-9310-f6c1264bd176;True;0;True
Fishing Hip Guards;books-sports-outdoors-hunting-fishing-fishing-equipment-fishing-accessories-Fishing Hip Guards;;ac385744-2ba4-4225-9310-f6c1264bd176;True;0;True
Fishing Marker Buoys;books-sports-outdoors-hunting-fishing-fishing-equipment-fishing-accessories-Fishing Marker Buoys;;ac385744-2ba4-4225-9310-f6c1264bd176;True;0;True
Fishing Nets;books-sports-outdoors-hunting-fishing-fishing-equipment-fishing-accessories-Fishing Nets;;ac385744-2ba4-4225-9310-f6c1264bd176;True;0;True
Fishing Belts;books-sports-outdoors-hunting-fishing-fishing-equipment-fishing-apparel-Fishing Belts;;ce6b3833-52b9-477f-95d6-40acbb33ae3f;True;0;True
Fishing Gloves;books-sports-outdoors-hunting-fishing-fishing-equipment-fishing-apparel-Fishing Gloves;;ce6b3833-52b9-477f-95d6-40acbb33ae3f;True;0;True
Fishing Hats;books-sports-outdoors-hunting-fishing-fishing-equipment-fishing-apparel-Fishing Hats;;ce6b3833-52b9-477f-95d6-40acbb33ae3f;True;0;True
Fishing Bait Storage;books-sports-outdoors-hunting-fishing-fishing-equipment-fishing-bait-traps-storage-Fishing Bait Storage;;efbb2be3-b50e-4710-b18f-c7d6b0447b1d;True;0;True
Fishing Bait Traps;books-sports-outdoors-hunting-fishing-fishing-equipment-fishing-bait-traps-storage-Fishing Bait Traps;;efbb2be3-b50e-4710-b18f-c7d6b0447b1d;True;0;True
Braided Fishing Line;books-sports-outdoors-hunting-fishing-fishing-equipment-fishing-line-Braided Fishing Line;;71fa67f5-e77f-4747-9f4c-9ffea59130e3;True;0;True
Fluorocarbon Fishing Line;books-sports-outdoors-hunting-fishing-fishing-equipment-fishing-line-Fluorocarbon Fishing Line;;71fa67f5-e77f-4747-9f4c-9ffea59130e3;True;0;True
Fly Line;books-sports-outdoors-hunting-fishing-fishing-equipment-fishing-line-Fly Line;;71fa67f5-e77f-4747-9f4c-9ffea59130e3;True;0;True
Lead Core & Wire Fishing Line;books-sports-outdoors-hunting-fishing-fishing-equipment-fishing-line-Lead Core & Wire Fishing Line;;71fa67f5-e77f-4747-9f4c-9ffea59130e3;True;0;True
Monofilament Fishing Line;books-sports-outdoors-hunting-fishing-fishing-equipment-fishing-line-Monofilament Fishing Line;;71fa67f5-e77f-4747-9f4c-9ffea59130e3;True;0;True
Fishing Baits & Scents;books-sports-outdoors-hunting-fishing-fishing-equipment-fishing-lures,-baits-attractants-Fishing Baits & Scents;;332012a2-2ff6-49af-b57d-ca2d7f6bcb5c;True;0;True
Fishing Baits & Scents;books-sports-outdoors-hunting-fishing-fishing-equipment-fishing-lures,-baits-attractants-Fishing Baits & Scents;;332012a2-2ff6-49af-b57d-ca2d7f6bcb5c;True;0;True
Fishing Baits & Scents;books-sports-outdoors-hunting-fishing-fishing-equipment-fishing-lures,-baits-attractants-Fishing Baits & Scents;;332012a2-2ff6-49af-b57d-ca2d7f6bcb5c;True;0;True
Fishing Baits & Scents;books-sports-outdoors-hunting-fishing-fishing-equipment-fishing-lures,-baits-attractants-Fishing Baits & Scents;;332012a2-2ff6-49af-b57d-ca2d7f6bcb5c;True;0;True
Fishing Baits & Scents;books-sports-outdoors-hunting-fishing-fishing-equipment-fishing-lures,-baits-attractants-Fishing Baits & Scents;;332012a2-2ff6-49af-b57d-ca2d7f6bcb5c;True;0;True
Fishing Lures;books-sports-outdoors-hunting-fishing-fishing-equipment-fishing-lures,-baits-attractants-Fishing Lures;;332012a2-2ff6-49af-b57d-ca2d7f6bcb5c;True;0;True
Fishing Lures;books-sports-outdoors-hunting-fishing-fishing-equipment-fishing-lures,-baits-attractants-Fishing Lures;;332012a2-2ff6-49af-b57d-ca2d7f6bcb5c;True;0;True
Fishing Lures;books-sports-outdoors-hunting-fishing-fishing-equipment-fishing-lures,-baits-attractants-Fishing Lures;;332012a2-2ff6-49af-b57d-ca2d7f6bcb5c;True;0;True
Fishing Lures;books-sports-outdoors-hunting-fishing-fishing-equipment-fishing-lures,-baits-attractants-Fishing Lures;;332012a2-2ff6-49af-b57d-ca2d7f6bcb5c;True;0;True
Fishing Lures;books-sports-outdoors-hunting-fishing-fishing-equipment-fishing-lures,-baits-attractants-Fishing Lures;;332012a2-2ff6-49af-b57d-ca2d7f6bcb5c;True;0;True
Fishing Lures;books-sports-outdoors-hunting-fishing-fishing-equipment-fishing-lures,-baits-attractants-Fishing Lures;;332012a2-2ff6-49af-b57d-ca2d7f6bcb5c;True;0;True
Fishing Lures;books-sports-outdoors-hunting-fishing-fishing-equipment-fishing-lures,-baits-attractants-Fishing Lures;;332012a2-2ff6-49af-b57d-ca2d7f6bcb5c;True;0;True
Fishing Rigs & Jigs;books-sports-outdoors-hunting-fishing-fishing-equipment-fishing-lures,-baits-attractants-Fishing Rigs & Jigs;;332012a2-2ff6-49af-b57d-ca2d7f6bcb5c;True;0;True
Fishing Rigs & Jigs;books-sports-outdoors-hunting-fishing-fishing-equipment-fishing-lures,-baits-attractants-Fishing Rigs & Jigs;;332012a2-2ff6-49af-b57d-ca2d7f6bcb5c;True;0;True
Fishing Rigs & Jigs;books-sports-outdoors-hunting-fishing-fishing-equipment-fishing-lures,-baits-attractants-Fishing Rigs & Jigs;;332012a2-2ff6-49af-b57d-ca2d7f6bcb5c;True;0;True
Fly Fishing Flies;books-sports-outdoors-hunting-fishing-fishing-equipment-fishing-lures,-baits-attractants-Fly Fishing Flies;;332012a2-2ff6-49af-b57d-ca2d7f6bcb5c;True;0;True
Fly Fishing Flies;books-sports-outdoors-hunting-fishing-fishing-equipment-fishing-lures,-baits-attractants-Fly Fishing Flies;;332012a2-2ff6-49af-b57d-ca2d7f6bcb5c;True;0;True
Fly Fishing Flies;books-sports-outdoors-hunting-fishing-fishing-equipment-fishing-lures,-baits-attractants-Fly Fishing Flies;;332012a2-2ff6-49af-b57d-ca2d7f6bcb5c;True;0;True
Fishing Downriggers;books-sports-outdoors-hunting-fishing-fishing-equipment-fishing-rod-reel-storage-accessories-Fishing Downriggers;;0f366a42-41c9-46ed-9b43-acb8bf266036;True;0;True
Fishing Reel Replacement Parts;books-sports-outdoors-hunting-fishing-fishing-equipment-fishing-rod-reel-storage-accessories-Fishing Reel Replacement Parts;;0f366a42-41c9-46ed-9b43-acb8bf266036;True;0;True
Fishing Rod Cases & Tubes;books-sports-outdoors-hunting-fishing-fishing-equipment-fishing-rod-reel-storage-accessories-Fishing Rod Cases & Tubes;;0f366a42-41c9-46ed-9b43-acb8bf266036;True;0;True
Fishing Rod Holders;books-sports-outdoors-hunting-fishing-fishing-equipment-fishing-rod-reel-storage-accessories-Fishing Rod Holders;;0f366a42-41c9-46ed-9b43-acb8bf266036;True;0;True
Fishing Rod Racks;books-sports-outdoors-hunting-fishing-fishing-equipment-fishing-rod-reel-storage-accessories-Fishing Rod Racks;;0f366a42-41c9-46ed-9b43-acb8bf266036;True;0;True
Fishing Tackle Storage Bags & Wraps;books-sports-outdoors-hunting-fishing-fishing-equipment-fishing-tackle-storage-Fishing Tackle Storage Bags & Wraps;;aa8e328d-997a-42bf-95e6-4089260d76de;True;0;True
Fishing Tackle Storage Boxes & Trays;books-sports-outdoors-hunting-fishing-fishing-equipment-fishing-tackle-storage-Fishing Tackle Storage Boxes & Trays;;aa8e328d-997a-42bf-95e6-4089260d76de;True;0;True
Fishing Tackle Storage Boxes & Trays;books-sports-outdoors-hunting-fishing-fishing-equipment-fishing-tackle-storage-Fishing Tackle Storage Boxes & Trays;;aa8e328d-997a-42bf-95e6-4089260d76de;True;0;True
Fishing Tackle Storage Boxes & Trays;books-sports-outdoors-hunting-fishing-fishing-equipment-fishing-tackle-storage-Fishing Tackle Storage Boxes & Trays;;aa8e328d-997a-42bf-95e6-4089260d76de;True;0;True
Fishing Corks, Floats & Bobbers;books-sports-outdoors-hunting-fishing-fishing-equipment-fishing-tackle-Fishing Corks, Floats & Bobbers;;d22d885d-f38e-4331-a459-feeec29c2bf0;True;0;True
Fishing Dodgers & Flashers;books-sports-outdoors-hunting-fishing-fishing-equipment-fishing-tackle-Fishing Dodgers & Flashers;;d22d885d-f38e-4331-a459-feeec29c2bf0;True;0;True
Fishing Hooks;books-sports-outdoors-hunting-fishing-fishing-equipment-fishing-tackle-Fishing Hooks;;d22d885d-f38e-4331-a459-feeec29c2bf0;True;0;True
Fishing Leaders & Leader Rigging;books-sports-outdoors-hunting-fishing-fishing-equipment-fishing-tackle-Fishing Leaders & Leader Rigging;;d22d885d-f38e-4331-a459-feeec29c2bf0;True;0;True
Fishing Leaders & Leader Rigging;books-sports-outdoors-hunting-fishing-fishing-equipment-fishing-tackle-Fishing Leaders & Leader Rigging;;d22d885d-f38e-4331-a459-feeec29c2bf0;True;0;True
Fishing Leaders & Leader Rigging;books-sports-outdoors-hunting-fishing-fishing-equipment-fishing-tackle-Fishing Leaders & Leader Rigging;;d22d885d-f38e-4331-a459-feeec29c2bf0;True;0;True
Fishing Sinkers & Weights;books-sports-outdoors-hunting-fishing-fishing-equipment-fishing-tackle-Fishing Sinkers & Weights;;d22d885d-f38e-4331-a459-feeec29c2bf0;True;0;True
Fishing Swivels & Snaps;books-sports-outdoors-hunting-fishing-fishing-equipment-fishing-tackle-Fishing Swivels & Snaps;;d22d885d-f38e-4331-a459-feeec29c2bf0;True;0;True
Fishing Bite Indicators;books-sports-outdoors-hunting-fishing-fishing-equipment-fishing-tools-accessories-Fishing Bite Indicators;;ba908608-85e8-4466-a579-d7407f15bcbe;True;0;True
Fishing Filet & Bait Knives;books-sports-outdoors-hunting-fishing-fishing-equipment-fishing-tools-accessories-Fishing Filet & Bait Knives;;ba908608-85e8-4466-a579-d7407f15bcbe;True;0;True
Fishing Gaffs;books-sports-outdoors-hunting-fishing-fishing-equipment-fishing-tools-accessories-Fishing Gaffs;;ba908608-85e8-4466-a579-d7407f15bcbe;True;0;True
Fishing Line Spooling Accessories;books-sports-outdoors-hunting-fishing-fishing-equipment-fishing-tools-accessories-Fishing Line Spooling Accessories;;ba908608-85e8-4466-a579-d7407f15bcbe;True;0;True
Fishing Reel Care Accessories;books-sports-outdoors-hunting-fishing-fishing-equipment-fishing-tools-accessories-Fishing Reel Care Accessories;;ba908608-85e8-4466-a579-d7407f15bcbe;True;0;True
Fishing Nets & Accessories;books-sports-outdoors-hunting-fishing-fishing-equipment-fishing-tools-Fishing Nets & Accessories;;b6285383-e3e6-40f1-8e7b-8916a110d4e6;True;0;True
Fishing Pliers & Hook Removers;books-sports-outdoors-hunting-fishing-fishing-equipment-fishing-tools-Fishing Pliers & Hook Removers;;b6285383-e3e6-40f1-8e7b-8916a110d4e6;True;0;True
Fishing Tool Sets;books-sports-outdoors-hunting-fishing-fishing-equipment-fishing-tools-Fishing Tool Sets;;b6285383-e3e6-40f1-8e7b-8916a110d4e6;True;0;True
Fishing Float Tubes;books-sports-outdoors-hunting-fishing-fishing-equipment-fishing-watercraft-trolling-motors-Fishing Float Tubes;;822b2b6a-36c1-4789-988b-e34492ca78c2;True;0;True
Fly Fishing Accessories;books-sports-outdoors-hunting-fishing-fishing-equipment-fly-fishing-equipment-Fly Fishing Accessories;;8cfc6b4d-8385-4a20-9b5b-eb17c8415154;True;0;True
Fly Fishing Accessories;books-sports-outdoors-hunting-fishing-fishing-equipment-fly-fishing-equipment-Fly Fishing Accessories;;8cfc6b4d-8385-4a20-9b5b-eb17c8415154;True;0;True
Fly Fishing Accessories;books-sports-outdoors-hunting-fishing-fishing-equipment-fly-fishing-equipment-Fly Fishing Accessories;;8cfc6b4d-8385-4a20-9b5b-eb17c8415154;True;0;True
Fly Fishing Accessories;books-sports-outdoors-hunting-fishing-fishing-equipment-fly-fishing-equipment-Fly Fishing Accessories;;8cfc6b4d-8385-4a20-9b5b-eb17c8415154;True;0;True
Fly Fishing Accessories;books-sports-outdoors-hunting-fishing-fishing-equipment-fly-fishing-equipment-Fly Fishing Accessories;;8cfc6b4d-8385-4a20-9b5b-eb17c8415154;True;0;True
Fly Fishing Accessories;books-sports-outdoors-hunting-fishing-fishing-equipment-fly-fishing-equipment-Fly Fishing Accessories;;8cfc6b4d-8385-4a20-9b5b-eb17c8415154;True;0;True
Fly Fishing Accessories;books-sports-outdoors-hunting-fishing-fishing-equipment-fly-fishing-equipment-Fly Fishing Accessories;;8cfc6b4d-8385-4a20-9b5b-eb17c8415154;True;0;True
Fly Fishing Reels;books-sports-outdoors-hunting-fishing-fishing-equipment-fly-fishing-equipment-Fly Fishing Reels;;8cfc6b4d-8385-4a20-9b5b-eb17c8415154;True;0;True
Fly Fishing Rod & Reel Combos;books-sports-outdoors-hunting-fishing-fishing-equipment-fly-fishing-equipment-Fly Fishing Rod & Reel Combos;;8cfc6b4d-8385-4a20-9b5b-eb17c8415154;True;0;True
Fly Fishing Rods;books-sports-outdoors-hunting-fishing-fishing-equipment-fly-fishing-equipment-Fly Fishing Rods;;8cfc6b4d-8385-4a20-9b5b-eb17c8415154;True;0;True
Ice Fishing Fishing Line;books-sports-outdoors-hunting-fishing-fishing-equipment-?ce-fishing-equipment-Ice Fishing Fishing Line;;07887ada-2299-4832-ade7-cfb6d4f78766;True;0;True
Ice Fishing Ice Augers;books-sports-outdoors-hunting-fishing-fishing-equipment-?ce-fishing-equipment-Ice Fishing Ice Augers;;07887ada-2299-4832-ade7-cfb6d4f78766;True;0;True
Ice Fishing Ice Spearing Equipment;books-sports-outdoors-hunting-fishing-fishing-equipment-?ce-fishing-equipment-Ice Fishing Ice Spearing Equipment;;07887ada-2299-4832-ade7-cfb6d4f78766;True;0;True
Ice Fishing Reels;books-sports-outdoors-hunting-fishing-fishing-equipment-?ce-fishing-equipment-Ice Fishing Reels;;07887ada-2299-4832-ade7-cfb6d4f78766;True;0;True
Ice Fishing Rod & Reel Combos;books-sports-outdoors-hunting-fishing-fishing-equipment-?ce-fishing-equipment-Ice Fishing Rod & Reel Combos;;07887ada-2299-4832-ade7-cfb6d4f78766;True;0;True
Ice Fishing Rods;books-sports-outdoors-hunting-fishing-fishing-equipment-?ce-fishing-equipment-Ice Fishing Rods;;07887ada-2299-4832-ade7-cfb6d4f78766;True;0;True
Ice Fishing Shelters;books-sports-outdoors-hunting-fishing-fishing-equipment-?ce-fishing-equipment-Ice Fishing Shelters;;07887ada-2299-4832-ade7-cfb6d4f78766;True;0;True
Ice Fishing Tip-Ups;books-sports-outdoors-hunting-fishing-fishing-equipment-?ce-fishing-equipment-Ice Fishing Tip-Ups;;07887ada-2299-4832-ade7-cfb6d4f78766;True;0;True
Hunting Game Finders;books-sports-outdoors-hunting-fishing-hunting-equipment-game-tracking-trail-monitoring-Hunting Game Finders;;b1d2aa28-d9bf-4446-9bce-80edbf935254;True;0;True
Hunting Cage Traps;books-sports-outdoors-hunting-fishing-hunting-equipment-hunting-shooting-accessories-Hunting Cage Traps;;561ba3c0-eaae-42f1-b6ec-ba28669e06ae;True;0;True
Hunting Camouflage Accessories;books-sports-outdoors-hunting-fishing-hunting-equipment-hunting-shooting-accessories-Hunting Camouflage Accessories;;561ba3c0-eaae-42f1-b6ec-ba28669e06ae;True;0;True
Hunting Decoy Accessories;books-sports-outdoors-hunting-fishing-hunting-equipment-hunting-shooting-accessories-Hunting Decoy Accessories;;561ba3c0-eaae-42f1-b6ec-ba28669e06ae;True;0;True
Hunting Decoys;books-sports-outdoors-hunting-fishing-hunting-equipment-hunting-shooting-accessories-Hunting Decoys;;561ba3c0-eaae-42f1-b6ec-ba28669e06ae;True;0;True
Hunting Game Feeders & Accessories;books-sports-outdoors-hunting-fishing-hunting-equipment-hunting-shooting-accessories-Hunting Game Feeders & Accessories;;561ba3c0-eaae-42f1-b6ec-ba28669e06ae;True;0;True
Hunting Game Feeders & Accessories;books-sports-outdoors-hunting-fishing-hunting-equipment-hunting-shooting-accessories-Hunting Game Feeders & Accessories;;561ba3c0-eaae-42f1-b6ec-ba28669e06ae;True;0;True
Hunting Game Feeders & Accessories;books-sports-outdoors-hunting-fishing-hunting-equipment-hunting-shooting-accessories-Hunting Game Feeders & Accessories;;561ba3c0-eaae-42f1-b6ec-ba28669e06ae;True;0;True
Hunting Game Feeders & Accessories;books-sports-outdoors-hunting-fishing-hunting-equipment-hunting-shooting-accessories-Hunting Game Feeders & Accessories;;561ba3c0-eaae-42f1-b6ec-ba28669e06ae;True;0;True
Hunting Signs;books-sports-outdoors-hunting-fishing-hunting-equipment-hunting-shooting-accessories-Hunting Signs;;561ba3c0-eaae-42f1-b6ec-ba28669e06ae;True;0;True
Hunting Knife Sharpeners;books-sports-outdoors-hunting-fishing-hunting-equipment-hunting-tactical-knives-tools-Hunting Knife Sharpeners;;63d01145-3965-4f22-85fc-6cc0e82b0f5c;True;0;True
Hunting Knives;books-sports-outdoors-hunting-fishing-hunting-equipment-hunting-tactical-knives-tools-Hunting Knives;;63d01145-3965-4f22-85fc-6cc0e82b0f5c;True;0;True
Hunting Knives;books-sports-outdoors-hunting-fishing-hunting-equipment-hunting-tactical-knives-tools-Hunting Knives;;63d01145-3965-4f22-85fc-6cc0e82b0f5c;True;0;True
Hunting Knives;books-sports-outdoors-hunting-fishing-hunting-equipment-hunting-tactical-knives-tools-Hunting Knives;;63d01145-3965-4f22-85fc-6cc0e82b0f5c;True;0;True
Hunting Backpacks & Duffle Bags;books-sports-outdoors-hunting-fishing-hunting-equipment-hunting-bags-belts-Hunting Backpacks & Duffle Bags;;5c82ec1b-e97b-45e8-b9db-0861d463b6a7;True;0;True
Deer Calls & Lures;books-sports-outdoors-hunting-fishing-hunting-equipment-hunting-game-calls-Deer Calls & Lures;;596a83ed-03ff-455d-81aa-3c00abceed3f;True;0;True
Duck Calls & Lures;books-sports-outdoors-hunting-fishing-hunting-equipment-hunting-game-calls-Duck Calls & Lures;;596a83ed-03ff-455d-81aa-3c00abceed3f;True;0;True
Elk Calls & Lures;books-sports-outdoors-hunting-fishing-hunting-equipment-hunting-game-calls-Elk Calls & Lures;;596a83ed-03ff-455d-81aa-3c00abceed3f;True;0;True
Goose Calls & Lures;books-sports-outdoors-hunting-fishing-hunting-equipment-hunting-game-calls-Goose Calls & Lures;;596a83ed-03ff-455d-81aa-3c00abceed3f;True;0;True
Hunting Call Lanyards, Pouches & Accessories;books-sports-outdoors-hunting-fishing-hunting-equipment-hunting-game-calls-Hunting Call Lanyards, Pouches & Accessories;;596a83ed-03ff-455d-81aa-3c00abceed3f;True;0;True
Predator Calls & Lures;books-sports-outdoors-hunting-fishing-hunting-equipment-hunting-game-calls-Predator Calls & Lures;;596a83ed-03ff-455d-81aa-3c00abceed3f;True;0;True
Turkey Calls & Lures;books-sports-outdoors-hunting-fishing-hunting-equipment-hunting-game-calls-Turkey Calls & Lures;;596a83ed-03ff-455d-81aa-3c00abceed3f;True;0;True
Hunting Field Dressing Accessories;books-sports-outdoors-hunting-fishing-hunting-equipment-hunting-game-handling-Hunting Field Dressing Accessories;;e5022abd-5616-4204-8e87-bde5153c9252;True;0;True
Hunting Food Processing;books-sports-outdoors-hunting-fishing-hunting-equipment-hunting-game-handling-Hunting Food Processing;;e5022abd-5616-4204-8e87-bde5153c9252;True;0;True
Hunting Food Processing;books-sports-outdoors-hunting-fishing-hunting-equipment-hunting-game-handling-Hunting Food Processing;;e5022abd-5616-4204-8e87-bde5153c9252;True;0;True
Hunting Game Belts & Bags;books-sports-outdoors-hunting-fishing-hunting-equipment-hunting-game-handling-Hunting Game Belts & Bags;;e5022abd-5616-4204-8e87-bde5153c9252;True;0;True
Hunting Game Carts;books-sports-outdoors-hunting-fishing-hunting-equipment-hunting-game-handling-Hunting Game Carts;;e5022abd-5616-4204-8e87-bde5153c9252;True;0;True
Hunting Game Hoists & Gambrels;books-sports-outdoors-hunting-fishing-hunting-equipment-hunting-game-handling-Hunting Game Hoists & Gambrels;;e5022abd-5616-4204-8e87-bde5153c9252;True;0;True
Hunting Trophy Mounts;books-sports-outdoors-hunting-fishing-hunting-equipment-hunting-game-handling-Hunting Trophy Mounts;;e5022abd-5616-4204-8e87-bde5153c9252;True;0;True
Hunting Scent Accessories;books-sports-outdoors-hunting-fishing-hunting-equipment-hunting-scents-scent-eliminators-Hunting Scent Accessories;;6ffe30a1-f7db-43c2-8988-6d74d6e089d4;True;0;True
Hunting Scent Eliminators;books-sports-outdoors-hunting-fishing-hunting-equipment-hunting-scents-scent-eliminators-Hunting Scent Eliminators;;6ffe30a1-f7db-43c2-8988-6d74d6e089d4;True;0;True
Hunting Scents;books-sports-outdoors-hunting-fishing-hunting-equipment-hunting-scents-scent-eliminators-Hunting Scents;;6ffe30a1-f7db-43c2-8988-6d74d6e089d4;True;0;True
Hunting Blinds;books-sports-outdoors-hunting-fishing-hunting-equipment-hunting-tree-stands,-blinds-accessories-Hunting Blinds;;c5c09a03-60da-4f0b-b5ba-6fcc212fe8bd;True;0;True
Hunting Safety Belts & Harnesses;books-sports-outdoors-hunting-fishing-hunting-equipment-hunting-tree-stands,-blinds-accessories-Hunting Safety Belts & Harnesses;;c5c09a03-60da-4f0b-b5ba-6fcc212fe8bd;True;0;True
Hunting Seats;books-sports-outdoors-hunting-fishing-hunting-equipment-hunting-tree-stands,-blinds-accessories-Hunting Seats;;c5c09a03-60da-4f0b-b5ba-6fcc212fe8bd;True;0;True
Hunting Tree Stand Accessories;books-sports-outdoors-hunting-fishing-hunting-equipment-hunting-tree-stands,-blinds-accessories-Hunting Tree Stand Accessories;;c5c09a03-60da-4f0b-b5ba-6fcc212fe8bd;True;0;True
Hunting Tree Stands;books-sports-outdoors-hunting-fishing-hunting-equipment-hunting-tree-stands,-blinds-accessories-Hunting Tree Stands;;c5c09a03-60da-4f0b-b5ba-6fcc212fe8bd;True;0;True
Hunting Tree Steps;books-sports-outdoors-hunting-fishing-hunting-equipment-hunting-tree-stands,-blinds-accessories-Hunting Tree Steps;;c5c09a03-60da-4f0b-b5ba-6fcc212fe8bd;True;0;True
Air Gun Pellets;books-sports-outdoors-hunting-fishing-shooting-air-guns-accessories-Air Gun Pellets;;25e0ee5e-4ba1-4755-8b17-f1e6012ea1a7;True;0;True
Air Gun Tools & Accessories;books-sports-outdoors-hunting-fishing-shooting-air-guns-accessories-Air Gun Tools & Accessories;;25e0ee5e-4ba1-4755-8b17-f1e6012ea1a7;True;0;True
Air Gun Tools & Accessories;books-sports-outdoors-hunting-fishing-shooting-air-guns-accessories-Air Gun Tools & Accessories;;25e0ee5e-4ba1-4755-8b17-f1e6012ea1a7;True;0;True
Air Gun Tools & Accessories;books-sports-outdoors-hunting-fishing-shooting-air-guns-accessories-Air Gun Tools & Accessories;;25e0ee5e-4ba1-4755-8b17-f1e6012ea1a7;True;0;True
Air Gun Tools & Accessories;books-sports-outdoors-hunting-fishing-shooting-air-guns-accessories-Air Gun Tools & Accessories;;25e0ee5e-4ba1-4755-8b17-f1e6012ea1a7;True;0;True
Air Guns;books-sports-outdoors-hunting-fishing-shooting-air-guns-accessories-Air Guns;;25e0ee5e-4ba1-4755-8b17-f1e6012ea1a7;True;0;True
Air Guns;books-sports-outdoors-hunting-fishing-shooting-air-guns-accessories-Air Guns;;25e0ee5e-4ba1-4755-8b17-f1e6012ea1a7;True;0;True
Air Guns;books-sports-outdoors-hunting-fishing-shooting-air-guns-accessories-Air Guns;;25e0ee5e-4ba1-4755-8b17-f1e6012ea1a7;True;0;True
Airsoft Pellets & Ammunition;books-sports-outdoors-hunting-fishing-shooting-airsoft-guns-accessories-Airsoft Pellets & Ammunition;;51973c08-7526-4d64-86ff-398b0ab3b3d7;True;0;True
Gun & Ammunition Storage & Safes;books-sports-outdoors-hunting-fishing-shooting-gun-accessories,-maintenance-storage-Gun & Ammunition Storage & Safes;;fb46f42c-63dd-434d-a766-650c4f1b8a06;True;0;True
Gun & Ammunition Storage & Safes;books-sports-outdoors-hunting-fishing-shooting-gun-accessories,-maintenance-storage-Gun & Ammunition Storage & Safes;;fb46f42c-63dd-434d-a766-650c4f1b8a06;True;0;True
Gun & Ammunition Storage & Safes;books-sports-outdoors-hunting-fishing-shooting-gun-accessories,-maintenance-storage-Gun & Ammunition Storage & Safes;;fb46f42c-63dd-434d-a766-650c4f1b8a06;True;0;True
Gun & Ammunition Storage & Safes;books-sports-outdoors-hunting-fishing-shooting-gun-accessories,-maintenance-storage-Gun & Ammunition Storage & Safes;;fb46f42c-63dd-434d-a766-650c4f1b8a06;True;0;True
Gun & Ammunition Storage & Safes;books-sports-outdoors-hunting-fishing-shooting-gun-accessories,-maintenance-storage-Gun & Ammunition Storage & Safes;;fb46f42c-63dd-434d-a766-650c4f1b8a06;True;0;True
Gun & Ammunition Storage & Safes;books-sports-outdoors-hunting-fishing-shooting-gun-accessories,-maintenance-storage-Gun & Ammunition Storage & Safes;;fb46f42c-63dd-434d-a766-650c4f1b8a06;True;0;True
Gun Holsters, Cases & Bags;books-sports-outdoors-hunting-fishing-shooting-gun-accessories,-maintenance-storage-Gun Holsters, Cases & Bags;;fb46f42c-63dd-434d-a766-650c4f1b8a06;True;0;True
Gun Holsters, Cases & Bags;books-sports-outdoors-hunting-fishing-shooting-gun-accessories,-maintenance-storage-Gun Holsters, Cases & Bags;;fb46f42c-63dd-434d-a766-650c4f1b8a06;True;0;True
Gun Holsters, Cases & Bags;books-sports-outdoors-hunting-fishing-shooting-gun-accessories,-maintenance-storage-Gun Holsters, Cases & Bags;;fb46f42c-63dd-434d-a766-650c4f1b8a06;True;0;True
Gun Holsters, Cases & Bags;books-sports-outdoors-hunting-fishing-shooting-gun-accessories,-maintenance-storage-Gun Holsters, Cases & Bags;;fb46f42c-63dd-434d-a766-650c4f1b8a06;True;0;True
Gun Holsters, Cases & Bags;books-sports-outdoors-hunting-fishing-shooting-gun-accessories,-maintenance-storage-Gun Holsters, Cases & Bags;;fb46f42c-63dd-434d-a766-650c4f1b8a06;True;0;True
Gun Holsters, Cases & Bags;books-sports-outdoors-hunting-fishing-shooting-gun-accessories,-maintenance-storage-Gun Holsters, Cases & Bags;;fb46f42c-63dd-434d-a766-650c4f1b8a06;True;0;True
Gun Holsters, Cases & Bags;books-sports-outdoors-hunting-fishing-shooting-gun-accessories,-maintenance-storage-Gun Holsters, Cases & Bags;;fb46f42c-63dd-434d-a766-650c4f1b8a06;True;0;True
Gun Holsters, Cases & Bags;books-sports-outdoors-hunting-fishing-shooting-gun-accessories,-maintenance-storage-Gun Holsters, Cases & Bags;;fb46f42c-63dd-434d-a766-650c4f1b8a06;True;0;True
Gun Holsters, Cases & Bags;books-sports-outdoors-hunting-fishing-shooting-gun-accessories,-maintenance-storage-Gun Holsters, Cases & Bags;;fb46f42c-63dd-434d-a766-650c4f1b8a06;True;0;True
Gun Holsters, Cases & Bags;books-sports-outdoors-hunting-fishing-shooting-gun-accessories,-maintenance-storage-Gun Holsters, Cases & Bags;;fb46f42c-63dd-434d-a766-650c4f1b8a06;True;0;True
Gun Maintenance;books-sports-outdoors-hunting-fishing-shooting-gun-accessories,-maintenance-storage-Gun Maintenance;;fb46f42c-63dd-434d-a766-650c4f1b8a06;True;0;True
Gun Maintenance;books-sports-outdoors-hunting-fishing-shooting-gun-accessories,-maintenance-storage-Gun Maintenance;;fb46f42c-63dd-434d-a766-650c4f1b8a06;True;0;True
Gun Maintenance;books-sports-outdoors-hunting-fishing-shooting-gun-accessories,-maintenance-storage-Gun Maintenance;;fb46f42c-63dd-434d-a766-650c4f1b8a06;True;0;True
Gun Maintenance;books-sports-outdoors-hunting-fishing-shooting-gun-accessories,-maintenance-storage-Gun Maintenance;;fb46f42c-63dd-434d-a766-650c4f1b8a06;True;0;True
Gun Maintenance;books-sports-outdoors-hunting-fishing-shooting-gun-accessories,-maintenance-storage-Gun Maintenance;;fb46f42c-63dd-434d-a766-650c4f1b8a06;True;0;True
Gun Maintenance;books-sports-outdoors-hunting-fishing-shooting-gun-accessories,-maintenance-storage-Gun Maintenance;;fb46f42c-63dd-434d-a766-650c4f1b8a06;True;0;True
Gun Maintenance;books-sports-outdoors-hunting-fishing-shooting-gun-accessories,-maintenance-storage-Gun Maintenance;;fb46f42c-63dd-434d-a766-650c4f1b8a06;True;0;True
Gun Maintenance;books-sports-outdoors-hunting-fishing-shooting-gun-accessories,-maintenance-storage-Gun Maintenance;;fb46f42c-63dd-434d-a766-650c4f1b8a06;True;0;True
Gun Maintenance;books-sports-outdoors-hunting-fishing-shooting-gun-accessories,-maintenance-storage-Gun Maintenance;;fb46f42c-63dd-434d-a766-650c4f1b8a06;True;0;True
Gun Parts & Accessories;books-sports-outdoors-hunting-fishing-shooting-gun-accessories,-maintenance-storage-Gun Parts & Accessories;;fb46f42c-63dd-434d-a766-650c4f1b8a06;True;0;True
Gun Parts & Accessories;books-sports-outdoors-hunting-fishing-shooting-gun-accessories,-maintenance-storage-Gun Parts & Accessories;;fb46f42c-63dd-434d-a766-650c4f1b8a06;True;0;True
Gun Parts & Accessories;books-sports-outdoors-hunting-fishing-shooting-gun-accessories,-maintenance-storage-Gun Parts & Accessories;;fb46f42c-63dd-434d-a766-650c4f1b8a06;True;0;True
Gun Parts & Accessories;books-sports-outdoors-hunting-fishing-shooting-gun-accessories,-maintenance-storage-Gun Parts & Accessories;;fb46f42c-63dd-434d-a766-650c4f1b8a06;True;0;True
Gun Parts & Accessories;books-sports-outdoors-hunting-fishing-shooting-gun-accessories,-maintenance-storage-Gun Parts & Accessories;;fb46f42c-63dd-434d-a766-650c4f1b8a06;True;0;True
Gun Parts & Accessories;books-sports-outdoors-hunting-fishing-shooting-gun-accessories,-maintenance-storage-Gun Parts & Accessories;;fb46f42c-63dd-434d-a766-650c4f1b8a06;True;0;True
Gun Parts & Accessories;books-sports-outdoors-hunting-fishing-shooting-gun-accessories,-maintenance-storage-Gun Parts & Accessories;;fb46f42c-63dd-434d-a766-650c4f1b8a06;True;0;True
Gun Parts & Accessories;books-sports-outdoors-hunting-fishing-shooting-gun-accessories,-maintenance-storage-Gun Parts & Accessories;;fb46f42c-63dd-434d-a766-650c4f1b8a06;True;0;True
Gun Parts & Accessories;books-sports-outdoors-hunting-fishing-shooting-gun-accessories,-maintenance-storage-Gun Parts & Accessories;;fb46f42c-63dd-434d-a766-650c4f1b8a06;True;0;True
Gun Parts & Accessories;books-sports-outdoors-hunting-fishing-shooting-gun-accessories,-maintenance-storage-Gun Parts & Accessories;;fb46f42c-63dd-434d-a766-650c4f1b8a06;True;0;True
Gun Parts & Accessories;books-sports-outdoors-hunting-fishing-shooting-gun-accessories,-maintenance-storage-Gun Parts & Accessories;;fb46f42c-63dd-434d-a766-650c4f1b8a06;True;0;True
Hunting & Shooting Earmuffs;books-sports-outdoors-hunting-fishing-shooting-hunting-shooting-eyewear-hearing-protection-Hunting & Shooting Earmuffs;;191e7fb2-4fa1-41dc-87f9-296533bb10e9;True;0;True
Hunting & Shooting Earplugs;books-sports-outdoors-hunting-fishing-shooting-hunting-shooting-eyewear-hearing-protection-Hunting & Shooting Earplugs;;191e7fb2-4fa1-41dc-87f9-296533bb10e9;True;0;True
Hunting & Shooting Safety Glasses;books-sports-outdoors-hunting-fishing-shooting-hunting-shooting-eyewear-hearing-protection-Hunting & Shooting Safety Glasses;;191e7fb2-4fa1-41dc-87f9-296533bb10e9;True;0;True
Gun Scopes;books-sports-outdoors-hunting-fishing-shooting-hunting-shooting-optics-Gun Scopes;;958630e6-9837-40cd-a69e-6a6a3138801e;True;0;True
Gun Scopes;books-sports-outdoors-hunting-fishing-shooting-hunting-shooting-optics-Gun Scopes;;958630e6-9837-40cd-a69e-6a6a3138801e;True;0;True
Gun Scopes;books-sports-outdoors-hunting-fishing-shooting-hunting-shooting-optics-Gun Scopes;;958630e6-9837-40cd-a69e-6a6a3138801e;True;0;True
Hunting & Trail Cameras;books-sports-outdoors-hunting-fishing-shooting-hunting-shooting-optics-Hunting & Trail Cameras;;958630e6-9837-40cd-a69e-6a6a3138801e;True;0;True
Hunting Boresighters;books-sports-outdoors-hunting-fishing-shooting-hunting-shooting-optics-Hunting Boresighters;;958630e6-9837-40cd-a69e-6a6a3138801e;True;0;True
Hunting Night Vision;books-sports-outdoors-hunting-fishing-shooting-hunting-shooting-optics-Hunting Night Vision;;958630e6-9837-40cd-a69e-6a6a3138801e;True;0;True
Hunting Night Vision;books-sports-outdoors-hunting-fishing-shooting-hunting-shooting-optics-Hunting Night Vision;;958630e6-9837-40cd-a69e-6a6a3138801e;True;0;True
Hunting Night Vision;books-sports-outdoors-hunting-fishing-shooting-hunting-shooting-optics-Hunting Night Vision;;958630e6-9837-40cd-a69e-6a6a3138801e;True;0;True
Laser Rangefinders;books-sports-outdoors-hunting-fishing-shooting-hunting-shooting-optics-Laser Rangefinders;;958630e6-9837-40cd-a69e-6a6a3138801e;True;0;True
Sporting Optics Accessories;books-sports-outdoors-hunting-fishing-shooting-hunting-shooting-optics-Sporting Optics Accessories;;958630e6-9837-40cd-a69e-6a6a3138801e;True;0;True
Sporting Optics Covers;books-sports-outdoors-hunting-fishing-shooting-hunting-shooting-optics-Sporting Optics Covers;;958630e6-9837-40cd-a69e-6a6a3138801e;True;0;True
Sporting Optics Mounts & Rings;books-sports-outdoors-hunting-fishing-shooting-hunting-shooting-optics-Sporting Optics Mounts & Rings;;958630e6-9837-40cd-a69e-6a6a3138801e;True;0;True
Sporting Optics Mounts & Rings;books-sports-outdoors-hunting-fishing-shooting-hunting-shooting-optics-Sporting Optics Mounts & Rings;;958630e6-9837-40cd-a69e-6a6a3138801e;True;0;True
Sporting Optics Mounts & Rings;books-sports-outdoors-hunting-fishing-shooting-hunting-shooting-optics-Sporting Optics Mounts & Rings;;958630e6-9837-40cd-a69e-6a6a3138801e;True;0;True
Spotting Scopes;books-sports-outdoors-hunting-fishing-shooting-hunting-shooting-optics-Spotting Scopes;;958630e6-9837-40cd-a69e-6a6a3138801e;True;0;True
Self Defense Pepper Spray;books-sports-outdoors-hunting-fishing-tactical-personal-defense-equipment-personal-defense-equipment-Self Defense Pepper Spray;;57a22bd1-209e-45c5-8823-58de70c66b59;True;0;True
Stun Guns;books-sports-outdoors-hunting-fishing-tactical-personal-defense-equipment-personal-defense-equipment-Stun Guns;;57a22bd1-209e-45c5-8823-58de70c66b59;True;0;True
Tactical Flashlights;books-sports-outdoors-hunting-fishing-tactical-personal-defense-equipment-personal-defense-equipment-Tactical Flashlights;;57a22bd1-209e-45c5-8823-58de70c66b59;True;0;True
Tactical Vests;books-sports-outdoors-hunting-fishing-tactical-personal-defense-equipment-protective-body-equipment-Tactical Vests;;92334cdd-fced-445e-a0da-e4e82417b745;True;0;True
Tactical Backpacks;books-sports-outdoors-hunting-fishing-tactical-personal-defense-equipment-tactical-bags-packs-Tactical Backpacks;;738a600d-099a-4ab3-9cac-54ac75820620;True;0;True
Tactical Bag Accessories;books-sports-outdoors-hunting-fishing-tactical-personal-defense-equipment-tactical-bags-packs-Tactical Bag Accessories;;738a600d-099a-4ab3-9cac-54ac75820620;True;0;True
Tactical Pouches;books-sports-outdoors-hunting-fishing-tactical-personal-defense-equipment-tactical-bags-packs-Tactical Pouches;;738a600d-099a-4ab3-9cac-54ac75820620;True;0;True
Foosball Accessories;sports-outdoors-sports-fitness-leisure-sports-games-equipment-arcade-table-games-foosball-tables-equipment-Foosball Accessories;;db4efc98-07ed-46d2-86cb-5868bc054a83;True;0;True
Foosball Tables;sports-outdoors-sports-fitness-leisure-sports-games-equipment-arcade-table-games-foosball-tables-equipment-Foosball Tables;;db4efc98-07ed-46d2-86cb-5868bc054a83;True;0;True
Shuffleboard Accessories;sports-outdoors-sports-fitness-leisure-sports-games-equipment-arcade-table-games-shuffleboard-equipment-Shuffleboard Accessories;;0f7a5eab-829e-46cd-af8b-576af924c16f;True;0;True
Shuffleboard Tables;sports-outdoors-sports-fitness-leisure-sports-games-equipment-arcade-table-games-shuffleboard-equipment-Shuffleboard Tables;;0f7a5eab-829e-46cd-af8b-576af924c16f;True;0;True
Billiard Cue Cases;sports-outdoors-sports-fitness-leisure-sports-games-equipment-billiards-equipment-cue-sticks-accessories-Billiard Cue Cases;;f908ed50-4a3f-41c5-ad2f-dc401c75d487;True;0;True
Billiard Cue Sticks;sports-outdoors-sports-fitness-leisure-sports-games-equipment-billiards-equipment-cue-sticks-accessories-Billiard Cue Sticks;;f908ed50-4a3f-41c5-ad2f-dc401c75d487;True;0;True
Billiard Cue Tips;sports-outdoors-sports-fitness-leisure-sports-games-equipment-billiards-equipment-cue-sticks-accessories-Billiard Cue Tips;;f908ed50-4a3f-41c5-ad2f-dc401c75d487;True;0;True
Cue Shaft Cleaning & Maintenance;sports-outdoors-sports-fitness-leisure-sports-games-equipment-billiards-equipment-cue-sticks-accessories-Cue Shaft Cleaning & Maintenance;;f908ed50-4a3f-41c5-ad2f-dc401c75d487;True;0;True
Billiard Cloth;sports-outdoors-sports-fitness-leisure-sports-games-equipment-billiards-equipment-pool-tables-accessories-Billiard Cloth;;8a9f4b8c-e8a0-4ae6-a63a-8d32f080b704;True;0;True
Billiard Pockets;sports-outdoors-sports-fitness-leisure-sports-games-equipment-billiards-equipment-pool-tables-accessories-Billiard Pockets;;8a9f4b8c-e8a0-4ae6-a63a-8d32f080b704;True;0;True
Billiard Table Covers;sports-outdoors-sports-fitness-leisure-sports-games-equipment-billiards-equipment-pool-tables-accessories-Billiard Table Covers;;8a9f4b8c-e8a0-4ae6-a63a-8d32f080b704;True;0;True
Billiard Table Tennis Conversion Tops;sports-outdoors-sports-fitness-leisure-sports-games-equipment-billiards-equipment-pool-tables-accessories-Billiard Table Tennis Conversion Tops;;8a9f4b8c-e8a0-4ae6-a63a-8d32f080b704;True;0;True
Billiard Tables;sports-outdoors-sports-fitness-leisure-sports-games-equipment-billiards-equipment-pool-tables-accessories-Billiard Tables;;8a9f4b8c-e8a0-4ae6-a63a-8d32f080b704;True;0;True
Pool Table Parts & Accessories;sports-outdoors-sports-fitness-leisure-sports-games-equipment-billiards-equipment-pool-tables-accessories-Pool Table Parts & Accessories;;8a9f4b8c-e8a0-4ae6-a63a-8d32f080b704;True;0;True
Bowling Insert Tape;sports-outdoors-sports-fitness-leisure-sports-games-equipment-bowling-equipment-bowling--accessories-Bowling Insert Tape;;01bf4e42-ec29-4820-b9aa-1143d95c0cbc;True;0;True
Bowling Shoe Covers;sports-outdoors-sports-fitness-leisure-sports-games-equipment-bowling-equipment-bowling--accessories-Bowling Shoe Covers;;01bf4e42-ec29-4820-b9aa-1143d95c0cbc;True;0;True
Bowling Training Aids;sports-outdoors-sports-fitness-leisure-sports-games-equipment-bowling-equipment-bowling--accessories-Bowling Training Aids;;01bf4e42-ec29-4820-b9aa-1143d95c0cbc;True;0;True
Bowling Roller Bags;sports-outdoors-sports-fitness-leisure-sports-games-equipment-bowling-equipment-bowling-bags-Bowling Roller Bags;;eb4c97d9-6550-44a3-8c57-d861c1ea26c4;True;0;True
Bowling Tote Bags;sports-outdoors-sports-fitness-leisure-sports-games-equipment-bowling-equipment-bowling-bags-Bowling Tote Bags;;eb4c97d9-6550-44a3-8c57-d861c1ea26c4;True;0;True
Boys Bowling Clothing;sports-outdoors-sports-fitness-leisure-sports-games-equipment-bowling-equipment-bowling-clothing-Boys Bowling Clothing;;db783be3-fc21-49c2-90fe-d31d49120738;True;0;True
Boys Bowling Clothing;sports-outdoors-sports-fitness-leisure-sports-games-equipment-bowling-equipment-bowling-clothing-Boys Bowling Clothing;;db783be3-fc21-49c2-90fe-d31d49120738;True;0;True
Mens Bowling Clothing;sports-outdoors-sports-fitness-leisure-sports-games-equipment-bowling-equipment-bowling-clothing-Mens Bowling Clothing;;db783be3-fc21-49c2-90fe-d31d49120738;True;0;True
Mens Bowling Clothing;sports-outdoors-sports-fitness-leisure-sports-games-equipment-bowling-equipment-bowling-clothing-Mens Bowling Clothing;;db783be3-fc21-49c2-90fe-d31d49120738;True;0;True
Womens Bowling Clothing;sports-outdoors-sports-fitness-leisure-sports-games-equipment-bowling-equipment-bowling-clothing-Womens Bowling Clothing;;db783be3-fc21-49c2-90fe-d31d49120738;True;0;True
Womens Bowling Clothing;sports-outdoors-sports-fitness-leisure-sports-games-equipment-bowling-equipment-bowling-clothing-Womens Bowling Clothing;;db783be3-fc21-49c2-90fe-d31d49120738;True;0;True
Bingo Balls;sports-outdoors-sports-fitness-leisure-sports-games-equipment-casino-equipment-bingo-equipment-Bingo Balls;;c9ba889d-366f-41b8-8cd3-55df8c0b2c1c;True;0;True
Bingo Cards;sports-outdoors-sports-fitness-leisure-sports-games-equipment-casino-equipment-bingo-equipment-Bingo Cards;;c9ba889d-366f-41b8-8cd3-55df8c0b2c1c;True;0;True
Bingo Chips;sports-outdoors-sports-fitness-leisure-sports-games-equipment-casino-equipment-bingo-equipment-Bingo Chips;;c9ba889d-366f-41b8-8cd3-55df8c0b2c1c;True;0;True
Bingo Daubers;sports-outdoors-sports-fitness-leisure-sports-games-equipment-casino-equipment-bingo-equipment-Bingo Daubers;;c9ba889d-366f-41b8-8cd3-55df8c0b2c1c;True;0;True
Bingo Sets;sports-outdoors-sports-fitness-leisure-sports-games-equipment-casino-equipment-bingo-equipment-Bingo Sets;;c9ba889d-366f-41b8-8cd3-55df8c0b2c1c;True;0;True
Blackjack Sets;sports-outdoors-sports-fitness-leisure-sports-games-equipment-casino-equipment-blackjack-equipment-Blackjack Sets;;83a14ea5-f40d-4b0d-85e7-8f8935e18fb0;True;0;True
Casino Card Shufflers;sports-outdoors-sports-fitness-leisure-sports-games-equipment-casino-equipment-casino-cards-equipment-Casino Card Shufflers;;19a9d56e-d372-4fe0-bb9f-6d1a1d174a7a;True;0;True
Casino Cut Cards;sports-outdoors-sports-fitness-leisure-sports-games-equipment-casino-equipment-casino-cards-equipment-Casino Cut Cards;;19a9d56e-d372-4fe0-bb9f-6d1a1d174a7a;True;0;True
Craps Game Layouts;sports-outdoors-sports-fitness-leisure-sports-games-equipment-casino-equipment-craps-equipment-Craps Game Layouts;;22719c6f-0f0d-4372-8394-0a5b6da1cb0c;True;0;True
Craps Sets;sports-outdoors-sports-fitness-leisure-sports-games-equipment-casino-equipment-craps-equipment-Craps Sets;;22719c6f-0f0d-4372-8394-0a5b6da1cb0c;True;0;True
Craps Tables;sports-outdoors-sports-fitness-leisure-sports-games-equipment-casino-equipment-craps-equipment-Craps Tables;;22719c6f-0f0d-4372-8394-0a5b6da1cb0c;True;0;True
Poker Chip Cases & Trays;sports-outdoors-sports-fitness-leisure-sports-games-equipment-casino-equipment-poker-equipment-Poker Chip Cases & Trays;;37e4f3fe-2771-492f-b8b1-6e9af0c8c894;True;0;True
Poker Chip Cases & Trays;sports-outdoors-sports-fitness-leisure-sports-games-equipment-casino-equipment-poker-equipment-Poker Chip Cases & Trays;;37e4f3fe-2771-492f-b8b1-6e9af0c8c894;True;0;True
Poker Chip Cases & Trays;sports-outdoors-sports-fitness-leisure-sports-games-equipment-casino-equipment-poker-equipment-Poker Chip Cases & Trays;;37e4f3fe-2771-492f-b8b1-6e9af0c8c894;True;0;True
Poker Chips;sports-outdoors-sports-fitness-leisure-sports-games-equipment-casino-equipment-poker-equipment-Poker Chips;;37e4f3fe-2771-492f-b8b1-6e9af0c8c894;True;0;True
Poker Layouts;sports-outdoors-sports-fitness-leisure-sports-games-equipment-casino-equipment-poker-equipment-Poker Layouts;;37e4f3fe-2771-492f-b8b1-6e9af0c8c894;True;0;True
Poker Sets;sports-outdoors-sports-fitness-leisure-sports-games-equipment-casino-equipment-poker-equipment-Poker Sets;;37e4f3fe-2771-492f-b8b1-6e9af0c8c894;True;0;True
Poker Table Tops;sports-outdoors-sports-fitness-leisure-sports-games-equipment-casino-equipment-poker-equipment-Poker Table Tops;;37e4f3fe-2771-492f-b8b1-6e9af0c8c894;True;0;True
Poker Tables;sports-outdoors-sports-fitness-leisure-sports-games-equipment-casino-equipment-poker-equipment-Poker Tables;;37e4f3fe-2771-492f-b8b1-6e9af0c8c894;True;0;True
Roulette Accessories;sports-outdoors-sports-fitness-leisure-sports-games-equipment-casino-equipment-roulette-equipment-Roulette Accessories;;cda15ad5-a28f-4dd1-ae40-fdfbf0f28dad;True;0;True
Roulette Layouts;sports-outdoors-sports-fitness-leisure-sports-games-equipment-casino-equipment-roulette-equipment-Roulette Layouts;;cda15ad5-a28f-4dd1-ae40-fdfbf0f28dad;True;0;True
Roulette Sets;sports-outdoors-sports-fitness-leisure-sports-games-equipment-casino-equipment-roulette-equipment-Roulette Sets;;cda15ad5-a28f-4dd1-ae40-fdfbf0f28dad;True;0;True
Roulette Wheels;sports-outdoors-sports-fitness-leisure-sports-games-equipment-casino-equipment-roulette-equipment-Roulette Wheels;;cda15ad5-a28f-4dd1-ae40-fdfbf0f28dad;True;0;True
Dart Pear Flights;sports-outdoors-sports-fitness-leisure-sports-games-equipment-darts-dartboards-dart-flights-Dart Pear Flights;;651a485f-af0b-4246-86e8-0f7e3a67cc39;True;0;True
Dart Slim Flights;sports-outdoors-sports-fitness-leisure-sports-games-equipment-darts-dartboards-dart-flights-Dart Slim Flights;;651a485f-af0b-4246-86e8-0f7e3a67cc39;True;0;True
Dart Standard Flights;sports-outdoors-sports-fitness-leisure-sports-games-equipment-darts-dartboards-dart-flights-Dart Standard Flights;;651a485f-af0b-4246-86e8-0f7e3a67cc39;True;0;True
Dart V-Wing Flights;sports-outdoors-sports-fitness-leisure-sports-games-equipment-darts-dartboards-dart-flights-Dart V-Wing Flights;;651a485f-af0b-4246-86e8-0f7e3a67cc39;True;0;True
Bocce Accessories & Parts;sports-outdoors-sports-fitness-leisure-sports-games-equipment-outdoor-games-activities-bocce-Bocce Accessories & Parts;;30eb9106-cf77-4308-b146-082d5145697d;True;0;True
Bocce Balls;sports-outdoors-sports-fitness-leisure-sports-games-equipment-outdoor-games-activities-bocce-Bocce Balls;;30eb9106-cf77-4308-b146-082d5145697d;True;0;True
Bocce Sets;sports-outdoors-sports-fitness-leisure-sports-games-equipment-outdoor-games-activities-bocce-Bocce Sets;;30eb9106-cf77-4308-b146-082d5145697d;True;0;True
Disc Golf Equipment;sports-outdoors-sports-fitness-leisure-sports-games-equipment-outdoor-games-activities-flying-disc-sports-equipment-Disc Golf Equipment;;3a35a959-38bb-4be2-ab2a-6033f2d08e48;True;0;True
Disc Golf Equipment;sports-outdoors-sports-fitness-leisure-sports-games-equipment-outdoor-games-activities-flying-disc-sports-equipment-Disc Golf Equipment;;3a35a959-38bb-4be2-ab2a-6033f2d08e48;True;0;True
Disc Golf Equipment;sports-outdoors-sports-fitness-leisure-sports-games-equipment-outdoor-games-activities-flying-disc-sports-equipment-Disc Golf Equipment;;3a35a959-38bb-4be2-ab2a-6033f2d08e48;True;0;True
Disc Golf Equipment;sports-outdoors-sports-fitness-leisure-sports-games-equipment-outdoor-games-activities-flying-disc-sports-equipment-Disc Golf Equipment;;3a35a959-38bb-4be2-ab2a-6033f2d08e48;True;0;True
Disc Golf Equipment;sports-outdoors-sports-fitness-leisure-sports-games-equipment-outdoor-games-activities-flying-disc-sports-equipment-Disc Golf Equipment;;3a35a959-38bb-4be2-ab2a-6033f2d08e48;True;0;True
Disc Golf Equipment;sports-outdoors-sports-fitness-leisure-sports-games-equipment-outdoor-games-activities-flying-disc-sports-equipment-Disc Golf Equipment;;3a35a959-38bb-4be2-ab2a-6033f2d08e48;True;0;True
Disc Golf Equipment;sports-outdoors-sports-fitness-leisure-sports-games-equipment-outdoor-games-activities-flying-disc-sports-equipment-Disc Golf Equipment;;3a35a959-38bb-4be2-ab2a-6033f2d08e48;True;0;True
Disc Golf Equipment;sports-outdoors-sports-fitness-leisure-sports-games-equipment-outdoor-games-activities-flying-disc-sports-equipment-Disc Golf Equipment;;3a35a959-38bb-4be2-ab2a-6033f2d08e48;True;0;True
Flying Discs;sports-outdoors-sports-fitness-leisure-sports-games-equipment-outdoor-games-activities-flying-disc-sports-equipment-Flying Discs;;3a35a959-38bb-4be2-ab2a-6033f2d08e48;True;0;True
Ultimate Disc Equipment;sports-outdoors-sports-fitness-leisure-sports-games-equipment-outdoor-games-activities-flying-disc-sports-equipment-Ultimate Disc Equipment;;3a35a959-38bb-4be2-ab2a-6033f2d08e48;True;0;True
Cornhole Games;sports-outdoors-sports-fitness-leisure-sports-games-equipment-outdoor-games-activities-toss-games-Cornhole Games;;68f03c44-6db6-4e06-b36e-26d2462c9eb3;True;0;True
Cornhole Games;sports-outdoors-sports-fitness-leisure-sports-games-equipment-outdoor-games-activities-toss-games-Cornhole Games;;68f03c44-6db6-4e06-b36e-26d2462c9eb3;True;0;True
Cornhole Games;sports-outdoors-sports-fitness-leisure-sports-games-equipment-outdoor-games-activities-toss-games-Cornhole Games;;68f03c44-6db6-4e06-b36e-26d2462c9eb3;True;0;True
Cornhole Games;sports-outdoors-sports-fitness-leisure-sports-games-equipment-outdoor-games-activities-toss-games-Cornhole Games;;68f03c44-6db6-4e06-b36e-26d2462c9eb3;True;0;True
Ladder Ball;sports-outdoors-sports-fitness-leisure-sports-games-equipment-outdoor-games-activities-toss-games-Ladder Ball;;68f03c44-6db6-4e06-b36e-26d2462c9eb3;True;0;True
Lawn Horseshoes;sports-outdoors-sports-fitness-leisure-sports-games-equipment-outdoor-games-activities-toss-games-Lawn Horseshoes;;68f03c44-6db6-4e06-b36e-26d2462c9eb3;True;0;True
Ring Toss Games;sports-outdoors-sports-fitness-leisure-sports-games-equipment-outdoor-games-activities-toss-games-Ring Toss Games;;68f03c44-6db6-4e06-b36e-26d2462c9eb3;True;0;True
Washers;sports-outdoors-sports-fitness-leisure-sports-games-equipment-outdoor-games-activities-toss-games-Washers;;68f03c44-6db6-4e06-b36e-26d2462c9eb3;True;0;True
Trampoline Covers;sports-outdoors-sports-fitness-leisure-sports-games-equipment-trampolines-accessories-trampoline-parts-accessories-Trampoline Covers;;2c6a86b3-9757-426e-b322-e2ca9ae425ce;True;0;True
Trampoline Enclosures;sports-outdoors-sports-fitness-leisure-sports-games-equipment-trampolines-accessories-trampoline-parts-accessories-Trampoline Enclosures;;2c6a86b3-9757-426e-b322-e2ca9ae425ce;True;0;True
Trampoline Mats;sports-outdoors-sports-fitness-leisure-sports-games-equipment-trampolines-accessories-trampoline-parts-accessories-Trampoline Mats;;2c6a86b3-9757-426e-b322-e2ca9ae425ce;True;0;True
Trampoline Pads;sports-outdoors-sports-fitness-leisure-sports-games-equipment-trampolines-accessories-trampoline-parts-accessories-Trampoline Pads;;2c6a86b3-9757-426e-b322-e2ca9ae425ce;True;0;True
Trampoline Parts;sports-outdoors-sports-fitness-leisure-sports-games-equipment-trampolines-accessories-trampoline-parts-accessories-Trampoline Parts;;2c6a86b3-9757-426e-b322-e2ca9ae425ce;True;0;True
Boys Dance Apparel;sports-outdoors-sports-fitness-other-sports-types-ballet-dance-equipment-dance-apparel-Boys Dance Apparel;;db4dfcea-25ed-43f7-a19a-cdd8b5d4a230;True;0;True
Boys Dance Apparel;sports-outdoors-sports-fitness-other-sports-types-ballet-dance-equipment-dance-apparel-Boys Dance Apparel;;db4dfcea-25ed-43f7-a19a-cdd8b5d4a230;True;0;True
Girls Dance Apparel;sports-outdoors-sports-fitness-other-sports-types-ballet-dance-equipment-dance-apparel-Girls Dance Apparel;;db4dfcea-25ed-43f7-a19a-cdd8b5d4a230;True;0;True
Girls Dance Apparel;sports-outdoors-sports-fitness-other-sports-types-ballet-dance-equipment-dance-apparel-Girls Dance Apparel;;db4dfcea-25ed-43f7-a19a-cdd8b5d4a230;True;0;True
Girls Dance Apparel;sports-outdoors-sports-fitness-other-sports-types-ballet-dance-equipment-dance-apparel-Girls Dance Apparel;;db4dfcea-25ed-43f7-a19a-cdd8b5d4a230;True;0;True
Girls Dance Apparel;sports-outdoors-sports-fitness-other-sports-types-ballet-dance-equipment-dance-apparel-Girls Dance Apparel;;db4dfcea-25ed-43f7-a19a-cdd8b5d4a230;True;0;True
Girls Dance Apparel;sports-outdoors-sports-fitness-other-sports-types-ballet-dance-equipment-dance-apparel-Girls Dance Apparel;;db4dfcea-25ed-43f7-a19a-cdd8b5d4a230;True;0;True
Girls Dance Apparel;sports-outdoors-sports-fitness-other-sports-types-ballet-dance-equipment-dance-apparel-Girls Dance Apparel;;db4dfcea-25ed-43f7-a19a-cdd8b5d4a230;True;0;True
Girls Dance Apparel;sports-outdoors-sports-fitness-other-sports-types-ballet-dance-equipment-dance-apparel-Girls Dance Apparel;;db4dfcea-25ed-43f7-a19a-cdd8b5d4a230;True;0;True
Mens Dance Apparel;sports-outdoors-sports-fitness-other-sports-types-ballet-dance-equipment-dance-apparel-Mens Dance Apparel;;db4dfcea-25ed-43f7-a19a-cdd8b5d4a230;True;0;True
Mens Dance Apparel;sports-outdoors-sports-fitness-other-sports-types-ballet-dance-equipment-dance-apparel-Mens Dance Apparel;;db4dfcea-25ed-43f7-a19a-cdd8b5d4a230;True;0;True
Mens Dance Apparel;sports-outdoors-sports-fitness-other-sports-types-ballet-dance-equipment-dance-apparel-Mens Dance Apparel;;db4dfcea-25ed-43f7-a19a-cdd8b5d4a230;True;0;True
Mens Dance Apparel;sports-outdoors-sports-fitness-other-sports-types-ballet-dance-equipment-dance-apparel-Mens Dance Apparel;;db4dfcea-25ed-43f7-a19a-cdd8b5d4a230;True;0;True
Mens Dance Apparel;sports-outdoors-sports-fitness-other-sports-types-ballet-dance-equipment-dance-apparel-Mens Dance Apparel;;db4dfcea-25ed-43f7-a19a-cdd8b5d4a230;True;0;True
Womens Dance Clothing;sports-outdoors-sports-fitness-other-sports-types-ballet-dance-equipment-dance-apparel-Womens Dance Clothing;;db4dfcea-25ed-43f7-a19a-cdd8b5d4a230;True;0;True
Womens Dance Clothing;sports-outdoors-sports-fitness-other-sports-types-ballet-dance-equipment-dance-apparel-Womens Dance Clothing;;db4dfcea-25ed-43f7-a19a-cdd8b5d4a230;True;0;True
Womens Dance Clothing;sports-outdoors-sports-fitness-other-sports-types-ballet-dance-equipment-dance-apparel-Womens Dance Clothing;;db4dfcea-25ed-43f7-a19a-cdd8b5d4a230;True;0;True
Womens Dance Clothing;sports-outdoors-sports-fitness-other-sports-types-ballet-dance-equipment-dance-apparel-Womens Dance Clothing;;db4dfcea-25ed-43f7-a19a-cdd8b5d4a230;True;0;True
Womens Dance Clothing;sports-outdoors-sports-fitness-other-sports-types-ballet-dance-equipment-dance-apparel-Womens Dance Clothing;;db4dfcea-25ed-43f7-a19a-cdd8b5d4a230;True;0;True
Womens Dance Clothing;sports-outdoors-sports-fitness-other-sports-types-ballet-dance-equipment-dance-apparel-Womens Dance Clothing;;db4dfcea-25ed-43f7-a19a-cdd8b5d4a230;True;0;True
Womens Dance Clothing;sports-outdoors-sports-fitness-other-sports-types-ballet-dance-equipment-dance-apparel-Womens Dance Clothing;;db4dfcea-25ed-43f7-a19a-cdd8b5d4a230;True;0;True
Boys Boxing Clothing;sports-outdoors-sports-fitness-other-sports-types-boxing-equipment-boxing-clothing-Boys Boxing Clothing;;05d10256-68c3-4a5a-bf14-fa2bda020d10;True;0;True
Boys Boxing Clothing;sports-outdoors-sports-fitness-other-sports-types-boxing-equipment-boxing-clothing-Boys Boxing Clothing;;05d10256-68c3-4a5a-bf14-fa2bda020d10;True;0;True
Mens Boxing Clothing;sports-outdoors-sports-fitness-other-sports-types-boxing-equipment-boxing-clothing-Mens Boxing Clothing;;05d10256-68c3-4a5a-bf14-fa2bda020d10;True;0;True
Mens Boxing Clothing;sports-outdoors-sports-fitness-other-sports-types-boxing-equipment-boxing-clothing-Mens Boxing Clothing;;05d10256-68c3-4a5a-bf14-fa2bda020d10;True;0;True
Womens Boxing Clothing;sports-outdoors-sports-fitness-other-sports-types-boxing-equipment-boxing-clothing-Womens Boxing Clothing;;05d10256-68c3-4a5a-bf14-fa2bda020d10;True;0;True
Womens Boxing Clothing;sports-outdoors-sports-fitness-other-sports-types-boxing-equipment-boxing-clothing-Womens Boxing Clothing;;05d10256-68c3-4a5a-bf14-fa2bda020d10;True;0;True
Boxing Bag Gloves;sports-outdoors-sports-fitness-other-sports-types-boxing-equipment-boxing-gloves-Boxing Bag Gloves;;c243e95a-a1c7-4f90-97dd-5e4b91adb1f6;True;0;True
Boxing Fight Gloves;sports-outdoors-sports-fitness-other-sports-types-boxing-equipment-boxing-gloves-Boxing Fight Gloves;;c243e95a-a1c7-4f90-97dd-5e4b91adb1f6;True;0;True
Boxing Training Gloves;sports-outdoors-sports-fitness-other-sports-types-boxing-equipment-boxing-gloves-Boxing Training Gloves;;c243e95a-a1c7-4f90-97dd-5e4b91adb1f6;True;0;True
Punching Bag Floor Anchors;sports-outdoors-sports-fitness-other-sports-types-boxing-equipment-punching-bag-accessories-Punching Bag Floor Anchors;;b4d2aa48-7461-44af-8024-3aa07b00354a;True;0;True
Punching Bag Hangers;sports-outdoors-sports-fitness-other-sports-types-boxing-equipment-punching-bag-accessories-Punching Bag Hangers;;b4d2aa48-7461-44af-8024-3aa07b00354a;True;0;True
Speed Punching Bag Platforms;sports-outdoors-sports-fitness-other-sports-types-boxing-equipment-punching-bag-accessories-Speed Punching Bag Platforms;;b4d2aa48-7461-44af-8024-3aa07b00354a;True;0;True
Speed Punching Bag Stands;sports-outdoors-sports-fitness-other-sports-types-boxing-equipment-punching-bag-accessories-Speed Punching Bag Stands;;b4d2aa48-7461-44af-8024-3aa07b00354a;True;0;True
Double-End Punching Bags;sports-outdoors-sports-fitness-other-sports-types-boxing-equipment-punching-bags-Double-End Punching Bags;;06b6d13b-fb4a-4386-86e8-5636110ac827;True;0;True
Focus Punching Bags;sports-outdoors-sports-fitness-other-sports-types-boxing-equipment-punching-bags-Focus Punching Bags;;06b6d13b-fb4a-4386-86e8-5636110ac827;True;0;True
Heavy Punching Bags;sports-outdoors-sports-fitness-other-sports-types-boxing-equipment-punching-bags-Heavy Punching Bags;;06b6d13b-fb4a-4386-86e8-5636110ac827;True;0;True
Maize Punching Bags;sports-outdoors-sports-fitness-other-sports-types-boxing-equipment-punching-bags-Maize Punching Bags;;06b6d13b-fb4a-4386-86e8-5636110ac827;True;0;True
Pedestal Punching Bags;sports-outdoors-sports-fitness-other-sports-types-boxing-equipment-punching-bags-Pedestal Punching Bags;;06b6d13b-fb4a-4386-86e8-5636110ac827;True;0;True
Speed Punching Bags;sports-outdoors-sports-fitness-other-sports-types-boxing-equipment-punching-bags-Speed Punching Bags;;06b6d13b-fb4a-4386-86e8-5636110ac827;True;0;True
Kids Equestrian Clothing;sports-outdoors-sports-fitness-other-sports-types-equestrian-equipment-equestrian-clothing-Kids Equestrian Clothing;;8c805137-48bb-4cb5-8a31-79694664b0e3;True;0;True
Kids Equestrian Clothing;sports-outdoors-sports-fitness-other-sports-types-equestrian-equipment-equestrian-clothing-Kids Equestrian Clothing;;8c805137-48bb-4cb5-8a31-79694664b0e3;True;0;True
Kids Equestrian Clothing;sports-outdoors-sports-fitness-other-sports-types-equestrian-equipment-equestrian-clothing-Kids Equestrian Clothing;;8c805137-48bb-4cb5-8a31-79694664b0e3;True;0;True
Kids Equestrian Clothing;sports-outdoors-sports-fitness-other-sports-types-equestrian-equipment-equestrian-clothing-Kids Equestrian Clothing;;8c805137-48bb-4cb5-8a31-79694664b0e3;True;0;True
Mens Equestrian Clothing;sports-outdoors-sports-fitness-other-sports-types-equestrian-equipment-equestrian-clothing-Mens Equestrian Clothing;;8c805137-48bb-4cb5-8a31-79694664b0e3;True;0;True
Mens Equestrian Clothing;sports-outdoors-sports-fitness-other-sports-types-equestrian-equipment-equestrian-clothing-Mens Equestrian Clothing;;8c805137-48bb-4cb5-8a31-79694664b0e3;True;0;True
Mens Equestrian Clothing;sports-outdoors-sports-fitness-other-sports-types-equestrian-equipment-equestrian-clothing-Mens Equestrian Clothing;;8c805137-48bb-4cb5-8a31-79694664b0e3;True;0;True
Womens Equestrian Clothing;sports-outdoors-sports-fitness-other-sports-types-equestrian-equipment-equestrian-clothing-Womens Equestrian Clothing;;8c805137-48bb-4cb5-8a31-79694664b0e3;True;0;True
Womens Equestrian Clothing;sports-outdoors-sports-fitness-other-sports-types-equestrian-equipment-equestrian-clothing-Womens Equestrian Clothing;;8c805137-48bb-4cb5-8a31-79694664b0e3;True;0;True
Womens Equestrian Clothing;sports-outdoors-sports-fitness-other-sports-types-equestrian-equipment-equestrian-clothing-Womens Equestrian Clothing;;8c805137-48bb-4cb5-8a31-79694664b0e3;True;0;True
Equestrian Bits;sports-outdoors-sports-fitness-other-sports-types-equestrian-equipment-equestrian-tack-Equestrian Bits;;bc329d07-5fae-49b3-8bc9-ec7ed868aa5d;True;0;True
Equestrian Longeing Equipment;sports-outdoors-sports-fitness-other-sports-types-equestrian-equipment-equestrian-tack-Equestrian Longeing Equipment;;bc329d07-5fae-49b3-8bc9-ec7ed868aa5d;True;0;True
Equestrian Pack Equipment;sports-outdoors-sports-fitness-other-sports-types-equestrian-equipment-equestrian-tack-Equestrian Pack Equipment;;bc329d07-5fae-49b3-8bc9-ec7ed868aa5d;True;0;True
Horse Bridles & Accessories;sports-outdoors-sports-fitness-other-sports-types-equestrian-equipment-equestrian-tack-Horse Bridles & Accessories;;bc329d07-5fae-49b3-8bc9-ec7ed868aa5d;True;0;True
Horse Bridles & Accessories;sports-outdoors-sports-fitness-other-sports-types-equestrian-equipment-equestrian-tack-Horse Bridles & Accessories;;bc329d07-5fae-49b3-8bc9-ec7ed868aa5d;True;0;True
Horse Bridles & Accessories;sports-outdoors-sports-fitness-other-sports-types-equestrian-equipment-equestrian-tack-Horse Bridles & Accessories;;bc329d07-5fae-49b3-8bc9-ec7ed868aa5d;True;0;True
Horse Bridles & Accessories;sports-outdoors-sports-fitness-other-sports-types-equestrian-equipment-equestrian-tack-Horse Bridles & Accessories;;bc329d07-5fae-49b3-8bc9-ec7ed868aa5d;True;0;True
Horse Halters & Leads;sports-outdoors-sports-fitness-other-sports-types-equestrian-equipment-equestrian-tack-Horse Halters & Leads;;bc329d07-5fae-49b3-8bc9-ec7ed868aa5d;True;0;True
Horse Halters & Leads;sports-outdoors-sports-fitness-other-sports-types-equestrian-equipment-equestrian-tack-Horse Halters & Leads;;bc329d07-5fae-49b3-8bc9-ec7ed868aa5d;True;0;True
Horse Halters & Leads;sports-outdoors-sports-fitness-other-sports-types-equestrian-equipment-equestrian-tack-Horse Halters & Leads;;bc329d07-5fae-49b3-8bc9-ec7ed868aa5d;True;0;True
Horse Saddles & Accessories;sports-outdoors-sports-fitness-other-sports-types-equestrian-equipment-equestrian-tack-Horse Saddles & Accessories;;bc329d07-5fae-49b3-8bc9-ec7ed868aa5d;True;0;True
Horse Saddles & Accessories;sports-outdoors-sports-fitness-other-sports-types-equestrian-equipment-equestrian-tack-Horse Saddles & Accessories;;bc329d07-5fae-49b3-8bc9-ec7ed868aa5d;True;0;True
Horse Saddles & Accessories;sports-outdoors-sports-fitness-other-sports-types-equestrian-equipment-equestrian-tack-Horse Saddles & Accessories;;bc329d07-5fae-49b3-8bc9-ec7ed868aa5d;True;0;True
Horse Saddles & Accessories;sports-outdoors-sports-fitness-other-sports-types-equestrian-equipment-equestrian-tack-Horse Saddles & Accessories;;bc329d07-5fae-49b3-8bc9-ec7ed868aa5d;True;0;True
Horse Saddles & Accessories;sports-outdoors-sports-fitness-other-sports-types-equestrian-equipment-equestrian-tack-Horse Saddles & Accessories;;bc329d07-5fae-49b3-8bc9-ec7ed868aa5d;True;0;True
Horse Saddles & Accessories;sports-outdoors-sports-fitness-other-sports-types-equestrian-equipment-equestrian-tack-Horse Saddles & Accessories;;bc329d07-5fae-49b3-8bc9-ec7ed868aa5d;True;0;True
Horse Saddles & Accessories;sports-outdoors-sports-fitness-other-sports-types-equestrian-equipment-equestrian-tack-Horse Saddles & Accessories;;bc329d07-5fae-49b3-8bc9-ec7ed868aa5d;True;0;True
Horse Saddles & Accessories;sports-outdoors-sports-fitness-other-sports-types-equestrian-equipment-equestrian-tack-Horse Saddles & Accessories;;bc329d07-5fae-49b3-8bc9-ec7ed868aa5d;True;0;True
Horse Saddles & Accessories;sports-outdoors-sports-fitness-other-sports-types-equestrian-equipment-equestrian-tack-Horse Saddles & Accessories;;bc329d07-5fae-49b3-8bc9-ec7ed868aa5d;True;0;True
Horse Saddles & Accessories;sports-outdoors-sports-fitness-other-sports-types-equestrian-equipment-equestrian-tack-Horse Saddles & Accessories;;bc329d07-5fae-49b3-8bc9-ec7ed868aa5d;True;0;True
Horse Saddles & Accessories;sports-outdoors-sports-fitness-other-sports-types-equestrian-equipment-equestrian-tack-Horse Saddles & Accessories;;bc329d07-5fae-49b3-8bc9-ec7ed868aa5d;True;0;True
Equestrian Crops;sports-outdoors-sports-fitness-other-sports-types-equestrian-equipment-horse-crops,-whips-spurs-Equestrian Crops;;c4b2350b-df74-4e54-994d-741bb0ba255a;True;0;True
Equestrian Spurs;sports-outdoors-sports-fitness-other-sports-types-equestrian-equipment-horse-crops,-whips-spurs-Equestrian Spurs;;c4b2350b-df74-4e54-994d-741bb0ba255a;True;0;True
Equestrian Whips;sports-outdoors-sports-fitness-other-sports-types-equestrian-equipment-horse-crops,-whips-spurs-Equestrian Whips;;c4b2350b-df74-4e54-994d-741bb0ba255a;True;0;True
Fencing Breast Protectors;sports-outdoors-sports-fitness-other-sports-types-fencing-equipment-fencing-protective-gear-Fencing Breast Protectors;;66b91816-bdbe-450b-ab94-9710ce38bca1;True;0;True
Fencing Chest Guards;sports-outdoors-sports-fitness-other-sports-types-fencing-equipment-fencing-protective-gear-Fencing Chest Guards;;66b91816-bdbe-450b-ab94-9710ce38bca1;True;0;True
Fencing Gloves;sports-outdoors-sports-fitness-other-sports-types-fencing-equipment-fencing-protective-gear-Fencing Gloves;;66b91816-bdbe-450b-ab94-9710ce38bca1;True;0;True
Fencing Jackets;sports-outdoors-sports-fitness-other-sports-types-fencing-equipment-fencing-protective-gear-Fencing Jackets;;66b91816-bdbe-450b-ab94-9710ce38bca1;True;0;True
Fencing Knickers;sports-outdoors-sports-fitness-other-sports-types-fencing-equipment-fencing-protective-gear-Fencing Knickers;;66b91816-bdbe-450b-ab94-9710ce38bca1;True;0;True
Fencing Masks;sports-outdoors-sports-fitness-other-sports-types-fencing-equipment-fencing-protective-gear-Fencing Masks;;66b91816-bdbe-450b-ab94-9710ce38bca1;True;0;True
Fencing Plastrons;sports-outdoors-sports-fitness-other-sports-types-fencing-equipment-fencing-protective-gear-Fencing Plastrons;;66b91816-bdbe-450b-ab94-9710ce38bca1;True;0;True
Fencing epees;sports-outdoors-sports-fitness-other-sports-types-fencing-equipment-fencing-weapons-parts-Fencing epees;;2c9a9371-d038-4e31-afb7-3ef71646d9a5;True;0;True
Fencing Foils;sports-outdoors-sports-fitness-other-sports-types-fencing-equipment-fencing-weapons-parts-Fencing Foils;;2c9a9371-d038-4e31-afb7-3ef71646d9a5;True;0;True
Fencing Sabres;sports-outdoors-sports-fitness-other-sports-types-fencing-equipment-fencing-weapons-parts-Fencing Sabres;;2c9a9371-d038-4e31-afb7-3ef71646d9a5;True;0;True
Gymnastics Chalk;sports-outdoors-sports-fitness-other-sports-types-gymnastics-equipment-gymnastics-accessories-Gymnastics Chalk;;01be33fd-baaa-4463-8689-b79eb3a06a18;True;0;True
Gymnastics Equipment Bags;sports-outdoors-sports-fitness-other-sports-types-gymnastics-equipment-gymnastics-accessories-Gymnastics Equipment Bags;;01be33fd-baaa-4463-8689-b79eb3a06a18;True;0;True
Gymnastics Hand Grips;sports-outdoors-sports-fitness-other-sports-types-gymnastics-equipment-gymnastics-accessories-Gymnastics Hand Grips;;01be33fd-baaa-4463-8689-b79eb3a06a18;True;0;True
Gymnastics Parachutes;sports-outdoors-sports-fitness-other-sports-types-gymnastics-equipment-gymnastics-accessories-Gymnastics Parachutes;;01be33fd-baaa-4463-8689-b79eb3a06a18;True;0;True
Gymnastics Asymmetric Bars;sports-outdoors-sports-fitness-other-sports-types-gymnastics-equipment-gymnastics-gym-competition-equipment-Gymnastics Asymmetric Bars;;e4837c0c-f291-4431-bbe7-970b28a9c468;True;0;True
Gymnastics Balance Beams & Bases;sports-outdoors-sports-fitness-other-sports-types-gymnastics-equipment-gymnastics-gym-competition-equipment-Gymnastics Balance Beams & Bases;;e4837c0c-f291-4431-bbe7-970b28a9c468;True;0;True
Gymnastics Horizontal Bars;sports-outdoors-sports-fitness-other-sports-types-gymnastics-equipment-gymnastics-gym-competition-equipment-Gymnastics Horizontal Bars;;e4837c0c-f291-4431-bbe7-970b28a9c468;True;0;True
Gymnastics Parallel Bars;sports-outdoors-sports-fitness-other-sports-types-gymnastics-equipment-gymnastics-gym-competition-equipment-Gymnastics Parallel Bars;;e4837c0c-f291-4431-bbe7-970b28a9c468;True;0;True
Gymnastics Pommel Horses;sports-outdoors-sports-fitness-other-sports-types-gymnastics-equipment-gymnastics-gym-competition-equipment-Gymnastics Pommel Horses;;e4837c0c-f291-4431-bbe7-970b28a9c468;True;0;True
Gymnastics Rings;sports-outdoors-sports-fitness-other-sports-types-gymnastics-equipment-gymnastics-gym-competition-equipment-Gymnastics Rings;;e4837c0c-f291-4431-bbe7-970b28a9c468;True;0;True
Gymnastics Flooring;sports-outdoors-sports-fitness-other-sports-types-gymnastics-equipment-gymnastics-mats-flooring-Gymnastics Flooring;;30112b57-3cea-4c2a-9452-85573901c8da;True;0;True
Gymnastics Mats;sports-outdoors-sports-fitness-other-sports-types-gymnastics-equipment-gymnastics-mats-flooring-Gymnastics Mats;;30112b57-3cea-4c2a-9452-85573901c8da;True;0;True
Gymnastics Mats;sports-outdoors-sports-fitness-other-sports-types-gymnastics-equipment-gymnastics-mats-flooring-Gymnastics Mats;;30112b57-3cea-4c2a-9452-85573901c8da;True;0;True
Gymnastics Mats;sports-outdoors-sports-fitness-other-sports-types-gymnastics-equipment-gymnastics-mats-flooring-Gymnastics Mats;;30112b57-3cea-4c2a-9452-85573901c8da;True;0;True
Gymnastics Mats;sports-outdoors-sports-fitness-other-sports-types-gymnastics-equipment-gymnastics-mats-flooring-Gymnastics Mats;;30112b57-3cea-4c2a-9452-85573901c8da;True;0;True
Gymnastics Mats;sports-outdoors-sports-fitness-other-sports-types-gymnastics-equipment-gymnastics-mats-flooring-Gymnastics Mats;;30112b57-3cea-4c2a-9452-85573901c8da;True;0;True
Jiu-Jitsu Uniforms;sports-outdoors-sports-fitness-other-sports-types-martial-arts-equipment-martial-arts-clothing-Jiu-Jitsu Uniforms;;2d02e5c2-6493-4b35-92bb-129672665889;True;0;True
Jiu-Jitsu Uniforms;sports-outdoors-sports-fitness-other-sports-types-martial-arts-equipment-martial-arts-clothing-Jiu-Jitsu Uniforms;;2d02e5c2-6493-4b35-92bb-129672665889;True;0;True
Jiu-Jitsu Uniforms;sports-outdoors-sports-fitness-other-sports-types-martial-arts-equipment-martial-arts-clothing-Jiu-Jitsu Uniforms;;2d02e5c2-6493-4b35-92bb-129672665889;True;0;True
Jiu-Jitsu Uniforms;sports-outdoors-sports-fitness-other-sports-types-martial-arts-equipment-martial-arts-clothing-Jiu-Jitsu Uniforms;;2d02e5c2-6493-4b35-92bb-129672665889;True;0;True
Jiu-Jitsu Uniforms;sports-outdoors-sports-fitness-other-sports-types-martial-arts-equipment-martial-arts-clothing-Jiu-Jitsu Uniforms;;2d02e5c2-6493-4b35-92bb-129672665889;True;0;True
Judo Uniforms;sports-outdoors-sports-fitness-other-sports-types-martial-arts-equipment-martial-arts-clothing-Judo Uniforms;;2d02e5c2-6493-4b35-92bb-129672665889;True;0;True
Judo Uniforms;sports-outdoors-sports-fitness-other-sports-types-martial-arts-equipment-martial-arts-clothing-Judo Uniforms;;2d02e5c2-6493-4b35-92bb-129672665889;True;0;True
Judo Uniforms;sports-outdoors-sports-fitness-other-sports-types-martial-arts-equipment-martial-arts-clothing-Judo Uniforms;;2d02e5c2-6493-4b35-92bb-129672665889;True;0;True
Karate Uniforms;sports-outdoors-sports-fitness-other-sports-types-martial-arts-equipment-martial-arts-clothing-Karate Uniforms;;2d02e5c2-6493-4b35-92bb-129672665889;True;0;True
Karate Uniforms;sports-outdoors-sports-fitness-other-sports-types-martial-arts-equipment-martial-arts-clothing-Karate Uniforms;;2d02e5c2-6493-4b35-92bb-129672665889;True;0;True
Karate Uniforms;sports-outdoors-sports-fitness-other-sports-types-martial-arts-equipment-martial-arts-clothing-Karate Uniforms;;2d02e5c2-6493-4b35-92bb-129672665889;True;0;True
Karate Uniforms;sports-outdoors-sports-fitness-other-sports-types-martial-arts-equipment-martial-arts-clothing-Karate Uniforms;;2d02e5c2-6493-4b35-92bb-129672665889;True;0;True
Karate Uniforms;sports-outdoors-sports-fitness-other-sports-types-martial-arts-equipment-martial-arts-clothing-Karate Uniforms;;2d02e5c2-6493-4b35-92bb-129672665889;True;0;True
Kickboxing Uniforms;sports-outdoors-sports-fitness-other-sports-types-martial-arts-equipment-martial-arts-clothing-Kickboxing Uniforms;;2d02e5c2-6493-4b35-92bb-129672665889;True;0;True
Kung Fu & Tai Chi Uniforms;sports-outdoors-sports-fitness-other-sports-types-martial-arts-equipment-martial-arts-clothing-Kung Fu & Tai Chi Uniforms;;2d02e5c2-6493-4b35-92bb-129672665889;True;0;True
Kung Fu & Tai Chi Uniforms;sports-outdoors-sports-fitness-other-sports-types-martial-arts-equipment-martial-arts-clothing-Kung Fu & Tai Chi Uniforms;;2d02e5c2-6493-4b35-92bb-129672665889;True;0;True
Kung Fu & Tai Chi Uniforms;sports-outdoors-sports-fitness-other-sports-types-martial-arts-equipment-martial-arts-clothing-Kung Fu & Tai Chi Uniforms;;2d02e5c2-6493-4b35-92bb-129672665889;True;0;True
Kung Fu & Tai Chi Uniforms;sports-outdoors-sports-fitness-other-sports-types-martial-arts-equipment-martial-arts-clothing-Kung Fu & Tai Chi Uniforms;;2d02e5c2-6493-4b35-92bb-129672665889;True;0;True
Martial Arts Body Shields;sports-outdoors-sports-fitness-other-sports-types-martial-arts-equipment-martial-arts-protective-gear-Martial Arts Body Shields;;070084b9-93a7-46a6-8580-66521aa58b7c;True;0;True
Martial Arts Chest & Rib Guards;sports-outdoors-sports-fitness-other-sports-types-martial-arts-equipment-martial-arts-protective-gear-Martial Arts Chest & Rib Guards;;070084b9-93a7-46a6-8580-66521aa58b7c;True;0;True
Martial Arts Forearm Guards;sports-outdoors-sports-fitness-other-sports-types-martial-arts-equipment-martial-arts-protective-gear-Martial Arts Forearm Guards;;070084b9-93a7-46a6-8580-66521aa58b7c;True;0;True
Martial Arts Groin Protectors;sports-outdoors-sports-fitness-other-sports-types-martial-arts-equipment-martial-arts-protective-gear-Martial Arts Groin Protectors;;070084b9-93a7-46a6-8580-66521aa58b7c;True;0;True
Martial Arts Hand Wraps;sports-outdoors-sports-fitness-other-sports-types-martial-arts-equipment-martial-arts-protective-gear-Martial Arts Hand Wraps;;070084b9-93a7-46a6-8580-66521aa58b7c;True;0;True
Martial Arts Headgear;sports-outdoors-sports-fitness-other-sports-types-martial-arts-equipment-martial-arts-protective-gear-Martial Arts Headgear;;070084b9-93a7-46a6-8580-66521aa58b7c;True;0;True
Martial Arts Protective Foot Gear;sports-outdoors-sports-fitness-other-sports-types-martial-arts-equipment-martial-arts-protective-gear-Martial Arts Protective Foot Gear;;070084b9-93a7-46a6-8580-66521aa58b7c;True;0;True
Martial Arts Shin Guards;sports-outdoors-sports-fitness-other-sports-types-martial-arts-equipment-martial-arts-protective-gear-Martial Arts Shin Guards;;070084b9-93a7-46a6-8580-66521aa58b7c;True;0;True
Protective Sports Bras;sports-outdoors-sports-fitness-other-sports-types-martial-arts-equipment-martial-arts-protective-gear-Protective Sports Bras;;070084b9-93a7-46a6-8580-66521aa58b7c;True;0;True
Martial Arts Bag Gloves;sports-outdoors-sports-fitness-other-sports-types-martial-arts-equipment-martial-arts-training-equipment-Martial Arts Bag Gloves;;f29cc06d-e71a-43e8-a39c-0608c4d9cdf4;True;0;True
Martial Arts Hand Targets & Focus Mitts;sports-outdoors-sports-fitness-other-sports-types-martial-arts-equipment-martial-arts-training-equipment-Martial Arts Hand Targets & Focus Mitts;;f29cc06d-e71a-43e8-a39c-0608c4d9cdf4;True;0;True
Martial Arts Kicking Shields;sports-outdoors-sports-fitness-other-sports-types-martial-arts-equipment-martial-arts-training-equipment-Martial Arts Kicking Shields;;f29cc06d-e71a-43e8-a39c-0608c4d9cdf4;True;0;True
Martial Arts Kicking Targets;sports-outdoors-sports-fitness-other-sports-types-martial-arts-equipment-martial-arts-training-equipment-Martial Arts Kicking Targets;;f29cc06d-e71a-43e8-a39c-0608c4d9cdf4;True;0;True
Martial Arts Target Boards;sports-outdoors-sports-fitness-other-sports-types-martial-arts-equipment-martial-arts-training-equipment-Martial Arts Target Boards;;f29cc06d-e71a-43e8-a39c-0608c4d9cdf4;True;0;True
Martial Arts Training Dummies;sports-outdoors-sports-fitness-other-sports-types-martial-arts-equipment-martial-arts-training-equipment-Martial Arts Training Dummies;;f29cc06d-e71a-43e8-a39c-0608c4d9cdf4;True;0;True
Martial Arts Training Gloves;sports-outdoors-sports-fitness-other-sports-types-martial-arts-equipment-martial-arts-training-equipment-Martial Arts Training Gloves;;f29cc06d-e71a-43e8-a39c-0608c4d9cdf4;True;0;True
Martial Arts Batons;sports-outdoors-sports-fitness-other-sports-types-martial-arts-equipment-martial-arts-weapons-Martial Arts Batons;;f7e910a2-c299-4553-8a01-5631fd34be0c;True;0;True
Martial Arts Bo Staffs;sports-outdoors-sports-fitness-other-sports-types-martial-arts-equipment-martial-arts-weapons-Martial Arts Bo Staffs;;f7e910a2-c299-4553-8a01-5631fd34be0c;True;0;True
Martial Arts Bokken;sports-outdoors-sports-fitness-other-sports-types-martial-arts-equipment-martial-arts-weapons-Martial Arts Bokken;;f7e910a2-c299-4553-8a01-5631fd34be0c;True;0;True
Martial Arts Chains;sports-outdoors-sports-fitness-other-sports-types-martial-arts-equipment-martial-arts-weapons-Martial Arts Chains;;f7e910a2-c299-4553-8a01-5631fd34be0c;True;0;True
Martial Arts Cord Nunchakus;sports-outdoors-sports-fitness-other-sports-types-martial-arts-equipment-martial-arts-weapons-Martial Arts Cord Nunchakus;;f7e910a2-c299-4553-8a01-5631fd34be0c;True;0;True
Martial Arts Escrima Sticks;sports-outdoors-sports-fitness-other-sports-types-martial-arts-equipment-martial-arts-weapons-Martial Arts Escrima Sticks;;f7e910a2-c299-4553-8a01-5631fd34be0c;True;0;True
Martial Arts Kamas;sports-outdoors-sports-fitness-other-sports-types-martial-arts-equipment-martial-arts-weapons-Martial Arts Kamas;;f7e910a2-c299-4553-8a01-5631fd34be0c;True;0;True
Martial Arts Knives;sports-outdoors-sports-fitness-other-sports-types-martial-arts-equipment-martial-arts-weapons-Martial Arts Knives;;f7e910a2-c299-4553-8a01-5631fd34be0c;True;0;True
Martial Arts Ninja Weapons;sports-outdoors-sports-fitness-other-sports-types-martial-arts-equipment-martial-arts-weapons-Martial Arts Ninja Weapons;;f7e910a2-c299-4553-8a01-5631fd34be0c;True;0;True
Martial Arts Practice Swords;sports-outdoors-sports-fitness-other-sports-types-martial-arts-equipment-martial-arts-weapons-Martial Arts Practice Swords;;f7e910a2-c299-4553-8a01-5631fd34be0c;True;0;True
Martial Arts Sais;sports-outdoors-sports-fitness-other-sports-types-martial-arts-equipment-martial-arts-weapons-Martial Arts Sais;;f7e910a2-c299-4553-8a01-5631fd34be0c;True;0;True
Martial Arts Swords;sports-outdoors-sports-fitness-other-sports-types-martial-arts-equipment-martial-arts-weapons-Martial Arts Swords;;f7e910a2-c299-4553-8a01-5631fd34be0c;True;0;True
Martial Arts Tonfas;sports-outdoors-sports-fitness-other-sports-types-martial-arts-equipment-martial-arts-weapons-Martial Arts Tonfas;;f7e910a2-c299-4553-8a01-5631fd34be0c;True;0;True
Boys Sports Compression Pants & Tights;sports-outdoors-sports-fitness-sports-fitness-clothing-boys-sports-clothing-boys-base-layers-compression-Boys Sports Compression Pants & Tights;;492368d7-064d-4859-9a7a-7a6f04dce1e8;True;0;True
Boys Sports Compression Shorts;sports-outdoors-sports-fitness-sports-fitness-clothing-boys-sports-clothing-boys-base-layers-compression-Boys Sports Compression Shorts;;492368d7-064d-4859-9a7a-7a6f04dce1e8;True;0;True
Boys Sports Compression Tops;sports-outdoors-sports-fitness-sports-fitness-clothing-boys-sports-clothing-boys-base-layers-compression-Boys Sports Compression Tops;;492368d7-064d-4859-9a7a-7a6f04dce1e8;True;0;True
Girls Sports Compression Pants & Tights;sports-outdoors-sports-fitness-sports-fitness-clothing-girls-sports-clothing-girls-base-layers-compression-Girls Sports Compression Pants & Tights;;1cb1886a-9cf6-46ac-8c48-732409219481;True;0;True
Girls Sports Compression Tops;sports-outdoors-sports-fitness-sports-fitness-clothing-girls-sports-clothing-girls-base-layers-compression-Girls Sports Compression Tops;;1cb1886a-9cf6-46ac-8c48-732409219481;True;0;True
Mens Compression Arm Sleeves;sports-outdoors-sports-fitness-sports-fitness-clothing-mens-sports-clothing-mens-base-layers-compression-Mens Compression Arm Sleeves;;ba841461-b63e-40da-86a2-159ac2a81d4b;True;0;True
Mens Compression Leg Sleeves;sports-outdoors-sports-fitness-sports-fitness-clothing-mens-sports-clothing-mens-base-layers-compression-Mens Compression Leg Sleeves;;ba841461-b63e-40da-86a2-159ac2a81d4b;True;0;True
Mens Sports Compression Pants & Tights;sports-outdoors-sports-fitness-sports-fitness-clothing-mens-sports-clothing-mens-base-layers-compression-Mens Sports Compression Pants & Tights;;ba841461-b63e-40da-86a2-159ac2a81d4b;True;0;True
Mens Sports Compression Shorts;sports-outdoors-sports-fitness-sports-fitness-clothing-mens-sports-clothing-mens-base-layers-compression-Mens Sports Compression Shorts;;ba841461-b63e-40da-86a2-159ac2a81d4b;True;0;True
Mens Sports Compression Socks;sports-outdoors-sports-fitness-sports-fitness-clothing-mens-sports-clothing-mens-base-layers-compression-Mens Sports Compression Socks;;ba841461-b63e-40da-86a2-159ac2a81d4b;True;0;True
Mens Sports Compression Tops;sports-outdoors-sports-fitness-sports-fitness-clothing-mens-sports-clothing-mens-base-layers-compression-Mens Sports Compression Tops;;ba841461-b63e-40da-86a2-159ac2a81d4b;True;0;True
Womens Compression Arm Sleeves;sports-outdoors-sports-fitness-sports-fitness-clothing-womens-sports-clothing-womens-base-layers-compression-Womens Compression Arm Sleeves;;9085c022-3b52-4fe7-ad75-a351f3bdbccc;True;0;True
Womens Compression Leg Sleeves;sports-outdoors-sports-fitness-sports-fitness-clothing-womens-sports-clothing-womens-base-layers-compression-Womens Compression Leg Sleeves;;9085c022-3b52-4fe7-ad75-a351f3bdbccc;True;0;True
Womens Sports Compression Pants & Tights;sports-outdoors-sports-fitness-sports-fitness-clothing-womens-sports-clothing-womens-base-layers-compression-Womens Sports Compression Pants & Tights;;9085c022-3b52-4fe7-ad75-a351f3bdbccc;True;0;True
Womens Sports Compression Shorts;sports-outdoors-sports-fitness-sports-fitness-clothing-womens-sports-clothing-womens-base-layers-compression-Womens Sports Compression Shorts;;9085c022-3b52-4fe7-ad75-a351f3bdbccc;True;0;True
Womens Sports Compression Socks;sports-outdoors-sports-fitness-sports-fitness-clothing-womens-sports-clothing-womens-base-layers-compression-Womens Sports Compression Socks;;9085c022-3b52-4fe7-ad75-a351f3bdbccc;True;0;True
Womens Sports Compression Tops;sports-outdoors-sports-fitness-sports-fitness-clothing-womens-sports-clothing-womens-base-layers-compression-Womens Sports Compression Tops;;9085c022-3b52-4fe7-ad75-a351f3bdbccc;True;0;True
Basketball Backboard Components;sports-outdoors-sports-fitness-sports-accessories-field,-court,-gym-rink-equipment-basketball-court-equipment-Basketball Backboard Components;;f2bec249-7009-4a80-be9e-a921fb47d328;True;0;True
Basketball Backboard Components;sports-outdoors-sports-fitness-sports-accessories-field,-court,-gym-rink-equipment-basketball-court-equipment-Basketball Backboard Components;;f2bec249-7009-4a80-be9e-a921fb47d328;True;0;True
Basketball Backboard Components;sports-outdoors-sports-fitness-sports-accessories-field,-court,-gym-rink-equipment-basketball-court-equipment-Basketball Backboard Components;;f2bec249-7009-4a80-be9e-a921fb47d328;True;0;True
Basketball Backboard Components;sports-outdoors-sports-fitness-sports-accessories-field,-court,-gym-rink-equipment-basketball-court-equipment-Basketball Backboard Components;;f2bec249-7009-4a80-be9e-a921fb47d328;True;0;True
Basketball Backboard Components;sports-outdoors-sports-fitness-sports-accessories-field,-court,-gym-rink-equipment-basketball-court-equipment-Basketball Backboard Components;;f2bec249-7009-4a80-be9e-a921fb47d328;True;0;True
Basketball Court Accessories;sports-outdoors-sports-fitness-sports-accessories-field,-court,-gym-rink-equipment-basketball-court-equipment-Basketball Court Accessories;;f2bec249-7009-4a80-be9e-a921fb47d328;True;0;True
Basketball Hoops & Goals;sports-outdoors-sports-fitness-sports-accessories-field,-court,-gym-rink-equipment-basketball-court-equipment-Basketball Hoops & Goals;;f2bec249-7009-4a80-be9e-a921fb47d328;True;0;True
Basketball Hoops & Goals;sports-outdoors-sports-fitness-sports-accessories-field,-court,-gym-rink-equipment-basketball-court-equipment-Basketball Hoops & Goals;;f2bec249-7009-4a80-be9e-a921fb47d328;True;0;True
Basketball Hoops & Goals;sports-outdoors-sports-fitness-sports-accessories-field,-court,-gym-rink-equipment-basketball-court-equipment-Basketball Hoops & Goals;;f2bec249-7009-4a80-be9e-a921fb47d328;True;0;True
Basketball Hoops & Goals;sports-outdoors-sports-fitness-sports-accessories-field,-court,-gym-rink-equipment-basketball-court-equipment-Basketball Hoops & Goals;;f2bec249-7009-4a80-be9e-a921fb47d328;True;0;True
Basketball Scoreboards & Timers;sports-outdoors-sports-fitness-sports-accessories-field,-court,-gym-rink-equipment-basketball-court-equipment-Basketball Scoreboards & Timers;;f2bec249-7009-4a80-be9e-a921fb47d328;True;0;True
Football Goalposts;sports-outdoors-sports-fitness-sports-accessories-field,-court,-gym-rink-equipment-football-field-equipment-Football Goalposts;;d55b43dc-af42-4401-9302-6152eafa3299;True;0;True
Football Yard Markers;sports-outdoors-sports-fitness-sports-accessories-field,-court,-gym-rink-equipment-football-field-equipment-Football Yard Markers;;d55b43dc-af42-4401-9302-6152eafa3299;True;0;True
Hockey Goals;sports-outdoors-sports-fitness-sports-accessories-field,-court,-gym-rink-equipment-hockey-rink-field-equipment-Hockey Goals;;8bb53a5d-769d-4476-b095-09b8347a34ce;True;0;True
Hockey Nets;sports-outdoors-sports-fitness-sports-accessories-field,-court,-gym-rink-equipment-hockey-rink-field-equipment-Hockey Nets;;8bb53a5d-769d-4476-b095-09b8347a34ce;True;0;True
Soccer Goals;sports-outdoors-sports-fitness-sports-accessories-field,-court,-gym-rink-equipment-soccer-field-equipment-Soccer Goals;;0aa78c54-2c3d-4eca-8f4f-b23da18f2cda;True;0;True
Soccer Nets;sports-outdoors-sports-fitness-sports-accessories-field,-court,-gym-rink-equipment-soccer-field-equipment-Soccer Nets;;0aa78c54-2c3d-4eca-8f4f-b23da18f2cda;True;0;True
Boys Athletic Swim Pants;sports-outdoors-sports-fitness-swimming-equipment-swimwear-boys-athletic-swimwear-Boys Athletic Swim Pants;;190d8059-11d1-4058-ae58-52e22a65fd70;True;0;True
Boys Athletic Swimwear Briefs;sports-outdoors-sports-fitness-swimming-equipment-swimwear-boys-athletic-swimwear-Boys Athletic Swimwear Briefs;;190d8059-11d1-4058-ae58-52e22a65fd70;True;0;True
Boys Athletic Swimwear Jammers;sports-outdoors-sports-fitness-swimming-equipment-swimwear-boys-athletic-swimwear-Boys Athletic Swimwear Jammers;;190d8059-11d1-4058-ae58-52e22a65fd70;True;0;True
Boys Swimwear Bodysuits;sports-outdoors-sports-fitness-swimming-equipment-swimwear-boys-athletic-swimwear-Boys Swimwear Bodysuits;;190d8059-11d1-4058-ae58-52e22a65fd70;True;0;True
Girls Athletic One-Piece Swimsuits;sports-outdoors-sports-fitness-swimming-equipment-swimwear-girls-athletic-swimwear-Girls Athletic One-Piece Swimsuits;;44614243-e596-4050-981b-7cbb0de4284c;True;0;True
Girls Athletic Two-Piece Swimsuits;sports-outdoors-sports-fitness-swimming-equipment-swimwear-girls-athletic-swimwear-Girls Athletic Two-Piece Swimsuits;;44614243-e596-4050-981b-7cbb0de4284c;True;0;True
Girls Swimwear Bodysuits;sports-outdoors-sports-fitness-swimming-equipment-swimwear-girls-athletic-swimwear-Girls Swimwear Bodysuits;;44614243-e596-4050-981b-7cbb0de4284c;True;0;True
Mens Athletic Swimwear Briefs;sports-outdoors-sports-fitness-swimming-equipment-swimwear-mens-athletic-swimwear-Mens Athletic Swimwear Briefs;;dcc9ef44-b967-4714-8801-cad0eef93bc2;True;0;True
Mens Athletic Swimwear Jammers;sports-outdoors-sports-fitness-swimming-equipment-swimwear-mens-athletic-swimwear-Mens Athletic Swimwear Jammers;;dcc9ef44-b967-4714-8801-cad0eef93bc2;True;0;True
Mens Swimwear Bodysuits;sports-outdoors-sports-fitness-swimming-equipment-swimwear-mens-athletic-swimwear-Mens Swimwear Bodysuits;;dcc9ef44-b967-4714-8801-cad0eef93bc2;True;0;True
Womens Athletic One-Piece Swimsuits;sports-outdoors-sports-fitness-swimming-equipment-swimwear-womens-athletic-swimwear-Womens Athletic One-Piece Swimsuits;;4e7e3f4f-1e58-4ebd-96e6-98e302f3886b;True;0;True
Womens Athletic Swim Pants;sports-outdoors-sports-fitness-swimming-equipment-swimwear-womens-athletic-swimwear-Womens Athletic Swim Pants;;4e7e3f4f-1e58-4ebd-96e6-98e302f3886b;True;0;True
Womens Athletic Two-Piece Swimsuits;sports-outdoors-sports-fitness-swimming-equipment-swimwear-womens-athletic-swimwear-Womens Athletic Two-Piece Swimsuits;;4e7e3f4f-1e58-4ebd-96e6-98e302f3886b;True;0;True
Womens Swimwear Bodysuits;sports-outdoors-sports-fitness-swimming-equipment-swimwear-womens-athletic-swimwear-Womens Swimwear Bodysuits;;4e7e3f4f-1e58-4ebd-96e6-98e302f3886b;True;0;True
Baseball & Softball Backstops;sports-outdoors-sports-fitness-team-sports-baseball-equipment-baseball-softball-field-equipment-Baseball & Softball Backstops;;418ac13a-f3b0-42da-984c-3f1073a00528;True;0;True
Baseball & Softball Bases & Pitching Rubbers;sports-outdoors-sports-fitness-team-sports-baseball-equipment-baseball-softball-field-equipment-Baseball & Softball Bases & Pitching Rubbers;;418ac13a-f3b0-42da-984c-3f1073a00528;True;0;True
Baseball & Softball Bases & Pitching Rubbers;sports-outdoors-sports-fitness-team-sports-baseball-equipment-baseball-softball-field-equipment-Baseball & Softball Bases & Pitching Rubbers;;418ac13a-f3b0-42da-984c-3f1073a00528;True;0;True
Baseball & Softball Bases & Pitching Rubbers;sports-outdoors-sports-fitness-team-sports-baseball-equipment-baseball-softball-field-equipment-Baseball & Softball Bases & Pitching Rubbers;;418ac13a-f3b0-42da-984c-3f1073a00528;True;0;True
Baseball & Softball Batting Cages;sports-outdoors-sports-fitness-team-sports-baseball-equipment-baseball-softball-field-equipment-Baseball & Softball Batting Cages;;418ac13a-f3b0-42da-984c-3f1073a00528;True;0;True
Baseball & Softball Drag Mats;sports-outdoors-sports-fitness-team-sports-baseball-equipment-baseball-softball-field-equipment-Baseball & Softball Drag Mats;;418ac13a-f3b0-42da-984c-3f1073a00528;True;0;True
Baseball & Softball Protective Screens;sports-outdoors-sports-fitness-team-sports-baseball-equipment-baseball-softball-field-equipment-Baseball & Softball Protective Screens;;418ac13a-f3b0-42da-984c-3f1073a00528;True;0;True
Baseball & Softball Batting Helmets;sports-outdoors-sports-fitness-team-sports-baseball-equipment-baseball-softball-protective-gear-Baseball & Softball Batting Helmets;;587906ed-5bcf-4496-a9f2-b455addd8519;True;0;True
Baseball & Softball Catcher Chest Protectors;sports-outdoors-sports-fitness-team-sports-baseball-equipment-baseball-softball-protective-gear-Baseball & Softball Catcher Chest Protectors;;587906ed-5bcf-4496-a9f2-b455addd8519;True;0;True
Baseball & Softball Catcher Helmets;sports-outdoors-sports-fitness-team-sports-baseball-equipment-baseball-softball-protective-gear-Baseball & Softball Catcher Helmets;;587906ed-5bcf-4496-a9f2-b455addd8519;True;0;True
Baseball & Softball Catcher Leg Guards;sports-outdoors-sports-fitness-team-sports-baseball-equipment-baseball-softball-protective-gear-Baseball & Softball Catcher Leg Guards;;587906ed-5bcf-4496-a9f2-b455addd8519;True;0;True
Baseball & Softball Catcher Masks;sports-outdoors-sports-fitness-team-sports-baseball-equipment-baseball-softball-protective-gear-Baseball & Softball Catcher Masks;;587906ed-5bcf-4496-a9f2-b455addd8519;True;0;True
Baseball & Softball Face Guards;sports-outdoors-sports-fitness-team-sports-baseball-equipment-baseball-softball-protective-gear-Baseball & Softball Face Guards;;587906ed-5bcf-4496-a9f2-b455addd8519;True;0;True
Baseball & Softball Knee Pads;sports-outdoors-sports-fitness-team-sports-baseball-equipment-baseball-softball-protective-gear-Baseball & Softball Knee Pads;;587906ed-5bcf-4496-a9f2-b455addd8519;True;0;True
Baseball & Softball Sliding Pads;sports-outdoors-sports-fitness-team-sports-baseball-equipment-baseball-softball-protective-gear-Baseball & Softball Sliding Pads;;587906ed-5bcf-4496-a9f2-b455addd8519;True;0;True
Plastic Baseballs & Softballs;sports-outdoors-sports-fitness-team-sports-baseball-equipment-baseball-softball-starter-equipment-Plastic Baseballs & Softballs;;b9865851-da69-4322-ab88-dfe6bacaaef6;True;0;True
Plastic Bats;sports-outdoors-sports-fitness-team-sports-baseball-equipment-baseball-softball-starter-equipment-Plastic Bats;;b9865851-da69-4322-ab88-dfe6bacaaef6;True;0;True
T-Ball Bats;sports-outdoors-sports-fitness-team-sports-baseball-equipment-baseball-softball-starter-equipment-T-Ball Bats;;b9865851-da69-4322-ab88-dfe6bacaaef6;True;0;True
Baseball & Softball Ball Rebounders;sports-outdoors-sports-fitness-team-sports-baseball-equipment-baseball-softball-training-equipment-Baseball & Softball Ball Rebounders;;a3c41480-c3d5-49e3-a0d9-5153c07eb993;True;0;True
Baseball & Softball Batting Tees;sports-outdoors-sports-fitness-team-sports-baseball-equipment-baseball-softball-training-equipment-Baseball & Softball Batting Tees;;a3c41480-c3d5-49e3-a0d9-5153c07eb993;True;0;True
Baseball & Softball Batting Trainers;sports-outdoors-sports-fitness-team-sports-baseball-equipment-baseball-softball-training-equipment-Baseball & Softball Batting Trainers;;a3c41480-c3d5-49e3-a0d9-5153c07eb993;True;0;True
Baseball & Softball Pitching Machines;sports-outdoors-sports-fitness-team-sports-baseball-equipment-baseball-softball-training-equipment-Baseball & Softball Pitching Machines;;a3c41480-c3d5-49e3-a0d9-5153c07eb993;True;0;True
Baseball & Softball Pitching Trainers;sports-outdoors-sports-fitness-team-sports-baseball-equipment-baseball-softball-training-equipment-Baseball & Softball Pitching Trainers;;a3c41480-c3d5-49e3-a0d9-5153c07eb993;True;0;True
Baseball & Softball Practice Net Systems;sports-outdoors-sports-fitness-team-sports-baseball-equipment-baseball-softball-training-equipment-Baseball & Softball Practice Net Systems;;a3c41480-c3d5-49e3-a0d9-5153c07eb993;True;0;True
Baseball & Softball Practice Nets;sports-outdoors-sports-fitness-team-sports-baseball-equipment-baseball-softball-training-equipment-Baseball & Softball Practice Nets;;a3c41480-c3d5-49e3-a0d9-5153c07eb993;True;0;True
Fungo & Training Bats;sports-outdoors-sports-fitness-team-sports-baseball-equipment-baseball-softball-training-equipment-Fungo & Training Bats;;a3c41480-c3d5-49e3-a0d9-5153c07eb993;True;0;True
Baseball & Softball Bat Accessories;sports-outdoors-sports-fitness-team-sports-baseball-equipment-baseball-accessories-Baseball & Softball Bat Accessories;;7a711051-131c-4fe1-90de-79acaf768f4e;True;0;True
Baseball & Softball Bat Accessories;sports-outdoors-sports-fitness-team-sports-baseball-equipment-baseball-accessories-Baseball & Softball Bat Accessories;;7a711051-131c-4fe1-90de-79acaf768f4e;True;0;True
Baseball & Softball Bat Accessories;sports-outdoors-sports-fitness-team-sports-baseball-equipment-baseball-accessories-Baseball & Softball Bat Accessories;;7a711051-131c-4fe1-90de-79acaf768f4e;True;0;True
Baseball & Softball Bat Accessories;sports-outdoors-sports-fitness-team-sports-baseball-equipment-baseball-accessories-Baseball & Softball Bat Accessories;;7a711051-131c-4fe1-90de-79acaf768f4e;True;0;True
Baseball & Softball Bat Accessories;sports-outdoors-sports-fitness-team-sports-baseball-equipment-baseball-accessories-Baseball & Softball Bat Accessories;;7a711051-131c-4fe1-90de-79acaf768f4e;True;0;True
Baseball & Softball Equipment Bags;sports-outdoors-sports-fitness-team-sports-baseball-equipment-baseball-accessories-Baseball & Softball Equipment Bags;;7a711051-131c-4fe1-90de-79acaf768f4e;True;0;True
Baseball & Softball Mitt Accessories;sports-outdoors-sports-fitness-team-sports-baseball-equipment-baseball-accessories-Baseball & Softball Mitt Accessories;;7a711051-131c-4fe1-90de-79acaf768f4e;True;0;True
Baseball & Softball Mitt Accessories;sports-outdoors-sports-fitness-team-sports-baseball-equipment-baseball-accessories-Baseball & Softball Mitt Accessories;;7a711051-131c-4fe1-90de-79acaf768f4e;True;0;True
Baseball & Softball Mitt Accessories;sports-outdoors-sports-fitness-team-sports-baseball-equipment-baseball-accessories-Baseball & Softball Mitt Accessories;;7a711051-131c-4fe1-90de-79acaf768f4e;True;0;True
Baseball & Softball Mitt Accessories;sports-outdoors-sports-fitness-team-sports-baseball-equipment-baseball-accessories-Baseball & Softball Mitt Accessories;;7a711051-131c-4fe1-90de-79acaf768f4e;True;0;True
Baseball & Softball Umpire Protection;sports-outdoors-sports-fitness-team-sports-baseball-equipment-baseball-accessories-Baseball & Softball Umpire Protection;;7a711051-131c-4fe1-90de-79acaf768f4e;True;0;True
Baseball & Softball Umpire Protection;sports-outdoors-sports-fitness-team-sports-baseball-equipment-baseball-accessories-Baseball & Softball Umpire Protection;;7a711051-131c-4fe1-90de-79acaf768f4e;True;0;True
Baseball & Softball Umpire Protection;sports-outdoors-sports-fitness-team-sports-baseball-equipment-baseball-accessories-Baseball & Softball Umpire Protection;;7a711051-131c-4fe1-90de-79acaf768f4e;True;0;True
Boys Baseball Clothing;sports-outdoors-sports-fitness-team-sports-baseball-equipment-baseball-clothing-Boys Baseball Clothing;;d9d0da7c-87e9-46a8-912c-c214bb47032b;True;0;True
Boys Baseball Clothing;sports-outdoors-sports-fitness-team-sports-baseball-equipment-baseball-clothing-Boys Baseball Clothing;;d9d0da7c-87e9-46a8-912c-c214bb47032b;True;0;True
Boys Baseball Clothing;sports-outdoors-sports-fitness-team-sports-baseball-equipment-baseball-clothing-Boys Baseball Clothing;;d9d0da7c-87e9-46a8-912c-c214bb47032b;True;0;True
Girls Baseball Clothing;sports-outdoors-sports-fitness-team-sports-baseball-equipment-baseball-clothing-Girls Baseball Clothing;;d9d0da7c-87e9-46a8-912c-c214bb47032b;True;0;True
Girls Baseball Clothing;sports-outdoors-sports-fitness-team-sports-baseball-equipment-baseball-clothing-Girls Baseball Clothing;;d9d0da7c-87e9-46a8-912c-c214bb47032b;True;0;True
Mens Baseball Clothing;sports-outdoors-sports-fitness-team-sports-baseball-equipment-baseball-clothing-Mens Baseball Clothing;;d9d0da7c-87e9-46a8-912c-c214bb47032b;True;0;True
Mens Baseball Clothing;sports-outdoors-sports-fitness-team-sports-baseball-equipment-baseball-clothing-Mens Baseball Clothing;;d9d0da7c-87e9-46a8-912c-c214bb47032b;True;0;True
Mens Baseball Clothing;sports-outdoors-sports-fitness-team-sports-baseball-equipment-baseball-clothing-Mens Baseball Clothing;;d9d0da7c-87e9-46a8-912c-c214bb47032b;True;0;True
Mens Baseball Clothing;sports-outdoors-sports-fitness-team-sports-baseball-equipment-baseball-clothing-Mens Baseball Clothing;;d9d0da7c-87e9-46a8-912c-c214bb47032b;True;0;True
Womens Baseball Clothing;sports-outdoors-sports-fitness-team-sports-baseball-equipment-baseball-clothing-Womens Baseball Clothing;;d9d0da7c-87e9-46a8-912c-c214bb47032b;True;0;True
Womens Baseball Clothing;sports-outdoors-sports-fitness-team-sports-baseball-equipment-baseball-clothing-Womens Baseball Clothing;;d9d0da7c-87e9-46a8-912c-c214bb47032b;True;0;True
Womens Baseball Clothing;sports-outdoors-sports-fitness-team-sports-baseball-equipment-baseball-clothing-Womens Baseball Clothing;;d9d0da7c-87e9-46a8-912c-c214bb47032b;True;0;True
Baseball Catchers Mitts;sports-outdoors-sports-fitness-team-sports-baseball-equipment-baseball-mitts-Baseball Catchers Mitts;;b069b5a6-b8f9-4b2c-9f2d-d4b4d28cbde3;True;0;True
Baseball First Basemans Mitts;sports-outdoors-sports-fitness-team-sports-baseball-equipment-baseball-mitts-Baseball First Basemans Mitts;;b069b5a6-b8f9-4b2c-9f2d-d4b4d28cbde3;True;0;True
Baseball Infielders Mitts;sports-outdoors-sports-fitness-team-sports-baseball-equipment-baseball-mitts-Baseball Infielders Mitts;;b069b5a6-b8f9-4b2c-9f2d-d4b4d28cbde3;True;0;True
Baseball Outfielders Mitts;sports-outdoors-sports-fitness-team-sports-baseball-equipment-baseball-mitts-Baseball Outfielders Mitts;;b069b5a6-b8f9-4b2c-9f2d-d4b4d28cbde3;True;0;True
Boys Basketball Clothing;sports-outdoors-sports-fitness-team-sports-basketball-equipment-basketball-clothing-Boys Basketball Clothing;;7d0d2f12-c972-4f10-a6b3-a30d74b5b900;True;0;True
Boys Basketball Clothing;sports-outdoors-sports-fitness-team-sports-basketball-equipment-basketball-clothing-Boys Basketball Clothing;;7d0d2f12-c972-4f10-a6b3-a30d74b5b900;True;0;True
Girls Basketball Clothing;sports-outdoors-sports-fitness-team-sports-basketball-equipment-basketball-clothing-Girls Basketball Clothing;;7d0d2f12-c972-4f10-a6b3-a30d74b5b900;True;0;True
Girls Basketball Clothing;sports-outdoors-sports-fitness-team-sports-basketball-equipment-basketball-clothing-Girls Basketball Clothing;;7d0d2f12-c972-4f10-a6b3-a30d74b5b900;True;0;True
Mens Basketball Clothing;sports-outdoors-sports-fitness-team-sports-basketball-equipment-basketball-clothing-Mens Basketball Clothing;;7d0d2f12-c972-4f10-a6b3-a30d74b5b900;True;0;True
Mens Basketball Clothing;sports-outdoors-sports-fitness-team-sports-basketball-equipment-basketball-clothing-Mens Basketball Clothing;;7d0d2f12-c972-4f10-a6b3-a30d74b5b900;True;0;True
Womens Basketball Clothing;sports-outdoors-sports-fitness-team-sports-basketball-equipment-basketball-clothing-Womens Basketball Clothing;;7d0d2f12-c972-4f10-a6b3-a30d74b5b900;True;0;True
Womens Basketball Clothing;sports-outdoors-sports-fitness-team-sports-basketball-equipment-basketball-clothing-Womens Basketball Clothing;;7d0d2f12-c972-4f10-a6b3-a30d74b5b900;True;0;True
Basketball Equipment Bags;sports-outdoors-sports-fitness-team-sports-basketball-equipment-basketball-equipment-accessories-Basketball Equipment Bags;;1cdc5b89-ebfa-48bc-9052-ff1429d6264f;True;0;True
Basketball Shooter Sleeves;sports-outdoors-sports-fitness-team-sports-basketball-equipment-basketball-equipment-accessories-Basketball Shooter Sleeves;;1cdc5b89-ebfa-48bc-9052-ff1429d6264f;True;0;True
Basketball Returns & Guard Nets;sports-outdoors-sports-fitness-team-sports-basketball-equipment-basketball-training-equipment-Basketball Returns & Guard Nets;;a5c832b8-8f15-4d5e-9b56-085bcd351957;True;0;True
Boys Football Clothing;sports-outdoors-sports-fitness-team-sports-football-equipment-football-clothing-Boys Football Clothing;;7825f7be-be67-4161-bb55-0586f76dca57;True;0;True
Boys Football Clothing;sports-outdoors-sports-fitness-team-sports-football-equipment-football-clothing-Boys Football Clothing;;7825f7be-be67-4161-bb55-0586f76dca57;True;0;True
Boys Football Clothing;sports-outdoors-sports-fitness-team-sports-football-equipment-football-clothing-Boys Football Clothing;;7825f7be-be67-4161-bb55-0586f76dca57;True;0;True
Girls Football Clothing;sports-outdoors-sports-fitness-team-sports-football-equipment-football-clothing-Girls Football Clothing;;7825f7be-be67-4161-bb55-0586f76dca57;True;0;True
Girls Football Clothing;sports-outdoors-sports-fitness-team-sports-football-equipment-football-clothing-Girls Football Clothing;;7825f7be-be67-4161-bb55-0586f76dca57;True;0;True
Mens Football Clothing;sports-outdoors-sports-fitness-team-sports-football-equipment-football-clothing-Mens Football Clothing;;7825f7be-be67-4161-bb55-0586f76dca57;True;0;True
Mens Football Clothing;sports-outdoors-sports-fitness-team-sports-football-equipment-football-clothing-Mens Football Clothing;;7825f7be-be67-4161-bb55-0586f76dca57;True;0;True
Mens Football Clothing;sports-outdoors-sports-fitness-team-sports-football-equipment-football-clothing-Mens Football Clothing;;7825f7be-be67-4161-bb55-0586f76dca57;True;0;True
Womens Football Clothing;sports-outdoors-sports-fitness-team-sports-football-equipment-football-clothing-Womens Football Clothing;;7825f7be-be67-4161-bb55-0586f76dca57;True;0;True
Womens Football Clothing;sports-outdoors-sports-fitness-team-sports-football-equipment-football-clothing-Womens Football Clothing;;7825f7be-be67-4161-bb55-0586f76dca57;True;0;True
Football Flag Football Belts;sports-outdoors-sports-fitness-team-sports-football-equipment-football-equipment-accessories-Football Flag Football Belts;;9ad7ffb6-7dda-4a3c-aa39-fe695baee624;True;0;True
Football Kicking Holders & Tees;sports-outdoors-sports-fitness-team-sports-football-equipment-football-equipment-accessories-Football Kicking Holders & Tees;;9ad7ffb6-7dda-4a3c-aa39-fe695baee624;True;0;True
Football Helmets & Headgear;sports-outdoors-sports-fitness-team-sports-football-equipment-football-protective-gear-Football Helmets & Headgear;;1082c941-99a3-4548-9d6f-ab6eacd964dd;True;0;True
Football Helmets & Headgear;sports-outdoors-sports-fitness-team-sports-football-equipment-football-protective-gear-Football Helmets & Headgear;;1082c941-99a3-4548-9d6f-ab6eacd964dd;True;0;True
Football Helmets & Headgear;sports-outdoors-sports-fitness-team-sports-football-equipment-football-protective-gear-Football Helmets & Headgear;;1082c941-99a3-4548-9d6f-ab6eacd964dd;True;0;True
Football Helmets & Headgear;sports-outdoors-sports-fitness-team-sports-football-equipment-football-protective-gear-Football Helmets & Headgear;;1082c941-99a3-4548-9d6f-ab6eacd964dd;True;0;True
Football Protective Padding;sports-outdoors-sports-fitness-team-sports-football-equipment-football-protective-gear-Football Protective Padding;;1082c941-99a3-4548-9d6f-ab6eacd964dd;True;0;True
Football Protective Padding;sports-outdoors-sports-fitness-team-sports-football-equipment-football-protective-gear-Football Protective Padding;;1082c941-99a3-4548-9d6f-ab6eacd964dd;True;0;True
Football Protective Padding;sports-outdoors-sports-fitness-team-sports-football-equipment-football-protective-gear-Football Protective Padding;;1082c941-99a3-4548-9d6f-ab6eacd964dd;True;0;True
Football Protective Padding;sports-outdoors-sports-fitness-team-sports-football-equipment-football-protective-gear-Football Protective Padding;;1082c941-99a3-4548-9d6f-ab6eacd964dd;True;0;True
Football Protective Padding;sports-outdoors-sports-fitness-team-sports-football-equipment-football-protective-gear-Football Protective Padding;;1082c941-99a3-4548-9d6f-ab6eacd964dd;True;0;True
Football Protective Padding;sports-outdoors-sports-fitness-team-sports-football-equipment-football-protective-gear-Football Protective Padding;;1082c941-99a3-4548-9d6f-ab6eacd964dd;True;0;True
Football Protective Padding;sports-outdoors-sports-fitness-team-sports-football-equipment-football-protective-gear-Football Protective Padding;;1082c941-99a3-4548-9d6f-ab6eacd964dd;True;0;True
Football Protective Padding;sports-outdoors-sports-fitness-team-sports-football-equipment-football-protective-gear-Football Protective Padding;;1082c941-99a3-4548-9d6f-ab6eacd964dd;True;0;True
Football Dummies;sports-outdoors-sports-fitness-team-sports-football-equipment-football-training-aids-Football Dummies;;766e4cdb-af4a-4542-8aaa-4b28f8a4dadf;True;0;True
Football Kicking Cages;sports-outdoors-sports-fitness-team-sports-football-equipment-football-training-aids-Football Kicking Cages;;766e4cdb-af4a-4542-8aaa-4b28f8a4dadf;True;0;True
Football Machines;sports-outdoors-sports-fitness-team-sports-football-equipment-football-training-aids-Football Machines;;766e4cdb-af4a-4542-8aaa-4b28f8a4dadf;True;0;True
Football Sleds & Chutes;sports-outdoors-sports-fitness-team-sports-football-equipment-football-training-aids-Football Sleds & Chutes;;766e4cdb-af4a-4542-8aaa-4b28f8a4dadf;True;0;True
Ice Hockey Equipment Bags;sports-outdoors-sports-fitness-team-sports-?ce-hockey-equipment-?ce-hockey-accessories-Ice Hockey Equipment Bags;;01370837-99e0-441a-a418-f66109455c6e;True;0;True
Ice Hockey Grips & Tapes;sports-outdoors-sports-fitness-team-sports-?ce-hockey-equipment-?ce-hockey-accessories-Ice Hockey Grips & Tapes;;01370837-99e0-441a-a418-f66109455c6e;True;0;True
Ice Hockey Skate Accessories;sports-outdoors-sports-fitness-team-sports-?ce-hockey-equipment-?ce-hockey-accessories-Ice Hockey Skate Accessories;;01370837-99e0-441a-a418-f66109455c6e;True;0;True
Boys Ice Hockey Clothing;sports-outdoors-sports-fitness-team-sports-?ce-hockey-equipment-?ce-hockey-clothing-Boys Ice Hockey Clothing;;d799a39b-ac9e-4ced-b521-4957947def82;True;0;True
Boys Ice Hockey Clothing;sports-outdoors-sports-fitness-team-sports-?ce-hockey-equipment-?ce-hockey-clothing-Boys Ice Hockey Clothing;;d799a39b-ac9e-4ced-b521-4957947def82;True;0;True
Girls Ice Hockey Clothing;sports-outdoors-sports-fitness-team-sports-?ce-hockey-equipment-?ce-hockey-clothing-Girls Ice Hockey Clothing;;d799a39b-ac9e-4ced-b521-4957947def82;True;0;True
Mens Ice Hockey Clothing;sports-outdoors-sports-fitness-team-sports-?ce-hockey-equipment-?ce-hockey-clothing-Mens Ice Hockey Clothing;;d799a39b-ac9e-4ced-b521-4957947def82;True;0;True
Mens Ice Hockey Clothing;sports-outdoors-sports-fitness-team-sports-?ce-hockey-equipment-?ce-hockey-clothing-Mens Ice Hockey Clothing;;d799a39b-ac9e-4ced-b521-4957947def82;True;0;True
Mens Ice Hockey Clothing;sports-outdoors-sports-fitness-team-sports-?ce-hockey-equipment-?ce-hockey-clothing-Mens Ice Hockey Clothing;;d799a39b-ac9e-4ced-b521-4957947def82;True;0;True
Mens Ice Hockey Clothing;sports-outdoors-sports-fitness-team-sports-?ce-hockey-equipment-?ce-hockey-clothing-Mens Ice Hockey Clothing;;d799a39b-ac9e-4ced-b521-4957947def82;True;0;True
Womens Ice Hockey Clothing;sports-outdoors-sports-fitness-team-sports-?ce-hockey-equipment-?ce-hockey-clothing-Womens Ice Hockey Clothing;;d799a39b-ac9e-4ced-b521-4957947def82;True;0;True
Womens Ice Hockey Clothing;sports-outdoors-sports-fitness-team-sports-?ce-hockey-equipment-?ce-hockey-clothing-Womens Ice Hockey Clothing;;d799a39b-ac9e-4ced-b521-4957947def82;True;0;True
Ice Hockey Goalkeeper Equipment;sports-outdoors-sports-fitness-team-sports-?ce-hockey-equipment-?ce-hockey-player-equipment-Ice Hockey Goalkeeper Equipment;;02507f52-4a49-46a9-b790-cad9ad6d4bd4;True;0;True
Ice Hockey Goalkeeper Equipment;sports-outdoors-sports-fitness-team-sports-?ce-hockey-equipment-?ce-hockey-player-equipment-Ice Hockey Goalkeeper Equipment;;02507f52-4a49-46a9-b790-cad9ad6d4bd4;True;0;True
Ice Hockey Goalkeeper Equipment;sports-outdoors-sports-fitness-team-sports-?ce-hockey-equipment-?ce-hockey-player-equipment-Ice Hockey Goalkeeper Equipment;;02507f52-4a49-46a9-b790-cad9ad6d4bd4;True;0;True
Ice Hockey Goalkeeper Equipment;sports-outdoors-sports-fitness-team-sports-?ce-hockey-equipment-?ce-hockey-player-equipment-Ice Hockey Goalkeeper Equipment;;02507f52-4a49-46a9-b790-cad9ad6d4bd4;True;0;True
Ice Hockey Players Gloves;sports-outdoors-sports-fitness-team-sports-?ce-hockey-equipment-?ce-hockey-player-equipment-Ice Hockey Players Gloves;;02507f52-4a49-46a9-b790-cad9ad6d4bd4;True;0;True
Ice Hockey Shafts;sports-outdoors-sports-fitness-team-sports-?ce-hockey-equipment-?ce-hockey-player-equipment-Ice Hockey Shafts;;02507f52-4a49-46a9-b790-cad9ad6d4bd4;True;0;True
Ice Hockey Sticks;sports-outdoors-sports-fitness-team-sports-?ce-hockey-equipment-?ce-hockey-player-equipment-Ice Hockey Sticks;;02507f52-4a49-46a9-b790-cad9ad6d4bd4;True;0;True
Ice Hockey Elbow Pads;sports-outdoors-sports-fitness-team-sports-?ce-hockey-equipment-?ce-hockey-protective-gear-Ice Hockey Elbow Pads;;860e366e-cbc5-49a2-ad52-7bafa8970df3;True;0;True
Ice Hockey Helmet & Face Mask Combos;sports-outdoors-sports-fitness-team-sports-?ce-hockey-equipment-?ce-hockey-protective-gear-Ice Hockey Helmet & Face Mask Combos;;860e366e-cbc5-49a2-ad52-7bafa8970df3;True;0;True
Ice Hockey Helmets;sports-outdoors-sports-fitness-team-sports-?ce-hockey-equipment-?ce-hockey-protective-gear-Ice Hockey Helmets;;860e366e-cbc5-49a2-ad52-7bafa8970df3;True;0;True
Ice Hockey Masks & Shields;sports-outdoors-sports-fitness-team-sports-?ce-hockey-equipment-?ce-hockey-protective-gear-Ice Hockey Masks & Shields;;860e366e-cbc5-49a2-ad52-7bafa8970df3;True;0;True
Ice Hockey Shin Guards;sports-outdoors-sports-fitness-team-sports-?ce-hockey-equipment-?ce-hockey-protective-gear-Ice Hockey Shin Guards;;860e366e-cbc5-49a2-ad52-7bafa8970df3;True;0;True
Ice Hockey Shoulder Pads;sports-outdoors-sports-fitness-team-sports-?ce-hockey-equipment-?ce-hockey-protective-gear-Ice Hockey Shoulder Pads;;860e366e-cbc5-49a2-ad52-7bafa8970df3;True;0;True
Ice Hockey Goal Targets;sports-outdoors-sports-fitness-team-sports-?ce-hockey-equipment-?ce-hockey-training-equipment-Ice Hockey Goal Targets;;9a2235c6-69d7-41d4-98d6-620b08bd1478;True;0;True
Girls Lacrosse Clothing;sports-outdoors-sports-fitness-team-sports-lacrosse-equipment-lacrosse-clothing-Girls Lacrosse Clothing;;2deab356-9a31-41d6-a8cf-5ae56493d449;True;0;True
Mens Lacrosse Clothing;sports-outdoors-sports-fitness-team-sports-lacrosse-equipment-lacrosse-clothing-Mens Lacrosse Clothing;;2deab356-9a31-41d6-a8cf-5ae56493d449;True;0;True
Womens Lacrosse Clothing;sports-outdoors-sports-fitness-team-sports-lacrosse-equipment-lacrosse-clothing-Womens Lacrosse Clothing;;2deab356-9a31-41d6-a8cf-5ae56493d449;True;0;True
Lacrosse Equipment Bags;sports-outdoors-sports-fitness-team-sports-lacrosse-equipment-lacrosse-equipment-accessories-Lacrosse Equipment Bags;;38fe0bba-a8f0-4e4b-ae06-d1db16928608;True;0;True
Lacrosse Stringing Kits;sports-outdoors-sports-fitness-team-sports-lacrosse-equipment-lacrosse-equipment-accessories-Lacrosse Stringing Kits;;38fe0bba-a8f0-4e4b-ae06-d1db16928608;True;0;True
Lacrosse Goals;sports-outdoors-sports-fitness-team-sports-lacrosse-equipment-lacrosse-field-equipment-Lacrosse Goals;;b6cc7811-9b18-4054-b2b5-818da3ce32ae;True;0;True
Lacrosse Nets;sports-outdoors-sports-fitness-team-sports-lacrosse-equipment-lacrosse-field-equipment-Lacrosse Nets;;b6cc7811-9b18-4054-b2b5-818da3ce32ae;True;0;True
Lacrosse Gloves;sports-outdoors-sports-fitness-team-sports-lacrosse-equipment-lacrosse-player-equipment-Lacrosse Gloves;;ea6077dd-d8dc-4456-b0e2-7b8f483cdc8b;True;0;True
Lacrosse Gloves;sports-outdoors-sports-fitness-team-sports-lacrosse-equipment-lacrosse-player-equipment-Lacrosse Gloves;;ea6077dd-d8dc-4456-b0e2-7b8f483cdc8b;True;0;True
Lacrosse Gloves;sports-outdoors-sports-fitness-team-sports-lacrosse-equipment-lacrosse-player-equipment-Lacrosse Gloves;;ea6077dd-d8dc-4456-b0e2-7b8f483cdc8b;True;0;True
Lacrosse Heads;sports-outdoors-sports-fitness-team-sports-lacrosse-equipment-lacrosse-player-equipment-Lacrosse Heads;;ea6077dd-d8dc-4456-b0e2-7b8f483cdc8b;True;0;True
Lacrosse Heads;sports-outdoors-sports-fitness-team-sports-lacrosse-equipment-lacrosse-player-equipment-Lacrosse Heads;;ea6077dd-d8dc-4456-b0e2-7b8f483cdc8b;True;0;True
Lacrosse Heads;sports-outdoors-sports-fitness-team-sports-lacrosse-equipment-lacrosse-player-equipment-Lacrosse Heads;;ea6077dd-d8dc-4456-b0e2-7b8f483cdc8b;True;0;True
Lacrosse Shafts;sports-outdoors-sports-fitness-team-sports-lacrosse-equipment-lacrosse-player-equipment-Lacrosse Shafts;;ea6077dd-d8dc-4456-b0e2-7b8f483cdc8b;True;0;True
Lacrosse Shafts;sports-outdoors-sports-fitness-team-sports-lacrosse-equipment-lacrosse-player-equipment-Lacrosse Shafts;;ea6077dd-d8dc-4456-b0e2-7b8f483cdc8b;True;0;True
Lacrosse Shafts;sports-outdoors-sports-fitness-team-sports-lacrosse-equipment-lacrosse-player-equipment-Lacrosse Shafts;;ea6077dd-d8dc-4456-b0e2-7b8f483cdc8b;True;0;True
Lacrosse Sticks;sports-outdoors-sports-fitness-team-sports-lacrosse-equipment-lacrosse-player-equipment-Lacrosse Sticks;;ea6077dd-d8dc-4456-b0e2-7b8f483cdc8b;True;0;True
Lacrosse Arm Guards;sports-outdoors-sports-fitness-team-sports-lacrosse-equipment-lacrosse-protective-gear-Lacrosse Arm Guards;;0cd44a29-e46a-4109-9c4e-00a4a0e936fe;True;0;True
Lacrosse Chest Protectors;sports-outdoors-sports-fitness-team-sports-lacrosse-equipment-lacrosse-protective-gear-Lacrosse Chest Protectors;;0cd44a29-e46a-4109-9c4e-00a4a0e936fe;True;0;True
Lacrosse Elbow Pads;sports-outdoors-sports-fitness-team-sports-lacrosse-equipment-lacrosse-protective-gear-Lacrosse Elbow Pads;;0cd44a29-e46a-4109-9c4e-00a4a0e936fe;True;0;True
Lacrosse Goggles;sports-outdoors-sports-fitness-team-sports-lacrosse-equipment-lacrosse-protective-gear-Lacrosse Goggles;;0cd44a29-e46a-4109-9c4e-00a4a0e936fe;True;0;True
Lacrosse Helmets;sports-outdoors-sports-fitness-team-sports-lacrosse-equipment-lacrosse-protective-gear-Lacrosse Helmets;;0cd44a29-e46a-4109-9c4e-00a4a0e936fe;True;0;True
Lacrosse Protective Pants;sports-outdoors-sports-fitness-team-sports-lacrosse-equipment-lacrosse-protective-gear-Lacrosse Protective Pants;;0cd44a29-e46a-4109-9c4e-00a4a0e936fe;True;0;True
Lacrosse Rib Pads;sports-outdoors-sports-fitness-team-sports-lacrosse-equipment-lacrosse-protective-gear-Lacrosse Rib Pads;;0cd44a29-e46a-4109-9c4e-00a4a0e936fe;True;0;True
Lacrosse Shoulder Pads;sports-outdoors-sports-fitness-team-sports-lacrosse-equipment-lacrosse-protective-gear-Lacrosse Shoulder Pads;;0cd44a29-e46a-4109-9c4e-00a4a0e936fe;True;0;True
Lacrosse Upper Body Pads;sports-outdoors-sports-fitness-team-sports-lacrosse-equipment-lacrosse-protective-gear-Lacrosse Upper Body Pads;;0cd44a29-e46a-4109-9c4e-00a4a0e936fe;True;0;True
Lacrosse Goal Targets;sports-outdoors-sports-fitness-team-sports-lacrosse-equipment-lacrosse-training-equipment-Lacrosse Goal Targets;;edc9b382-5a45-4623-abd5-58564f5b1fa6;True;0;True
Lacrosse Reboounders;sports-outdoors-sports-fitness-team-sports-lacrosse-equipment-lacrosse-training-equipment-Lacrosse Reboounders;;edc9b382-5a45-4623-abd5-58564f5b1fa6;True;0;True
Cheerleading Apparel;sports-outdoors-sports-fitness-team-sports-other-team-sports-cheerleading-equipment-Cheerleading Apparel;;653fd985-0bce-443e-8535-700de24fb28e;True;0;True
Cheerleading Apparel;sports-outdoors-sports-fitness-team-sports-other-team-sports-cheerleading-equipment-Cheerleading Apparel;;653fd985-0bce-443e-8535-700de24fb28e;True;0;True
Cheerleading Apparel;sports-outdoors-sports-fitness-team-sports-other-team-sports-cheerleading-equipment-Cheerleading Apparel;;653fd985-0bce-443e-8535-700de24fb28e;True;0;True
Cheerleading Apparel;sports-outdoors-sports-fitness-team-sports-other-team-sports-cheerleading-equipment-Cheerleading Apparel;;653fd985-0bce-443e-8535-700de24fb28e;True;0;True
Cheerleading Apparel;sports-outdoors-sports-fitness-team-sports-other-team-sports-cheerleading-equipment-Cheerleading Apparel;;653fd985-0bce-443e-8535-700de24fb28e;True;0;True
Cheerleading Apparel;sports-outdoors-sports-fitness-team-sports-other-team-sports-cheerleading-equipment-Cheerleading Apparel;;653fd985-0bce-443e-8535-700de24fb28e;True;0;True
Cheerleading Apparel;sports-outdoors-sports-fitness-team-sports-other-team-sports-cheerleading-equipment-Cheerleading Apparel;;653fd985-0bce-443e-8535-700de24fb28e;True;0;True
Cheerleading Apparel;sports-outdoors-sports-fitness-team-sports-other-team-sports-cheerleading-equipment-Cheerleading Apparel;;653fd985-0bce-443e-8535-700de24fb28e;True;0;True
Cheerleading Apparel;sports-outdoors-sports-fitness-team-sports-other-team-sports-cheerleading-equipment-Cheerleading Apparel;;653fd985-0bce-443e-8535-700de24fb28e;True;0;True
Cheerleading Apparel;sports-outdoors-sports-fitness-team-sports-other-team-sports-cheerleading-equipment-Cheerleading Apparel;;653fd985-0bce-443e-8535-700de24fb28e;True;0;True
Cheerleading Apparel;sports-outdoors-sports-fitness-team-sports-other-team-sports-cheerleading-equipment-Cheerleading Apparel;;653fd985-0bce-443e-8535-700de24fb28e;True;0;True
Cheerleading Footwear;sports-outdoors-sports-fitness-team-sports-other-team-sports-cheerleading-equipment-Cheerleading Footwear;;653fd985-0bce-443e-8535-700de24fb28e;True;0;True
Cheerleading Mascot Costumes;sports-outdoors-sports-fitness-team-sports-other-team-sports-cheerleading-equipment-Cheerleading Mascot Costumes;;653fd985-0bce-443e-8535-700de24fb28e;True;0;True
Cheerleading Megaphones;sports-outdoors-sports-fitness-team-sports-other-team-sports-cheerleading-equipment-Cheerleading Megaphones;;653fd985-0bce-443e-8535-700de24fb28e;True;0;True
Cheerleading Poms;sports-outdoors-sports-fitness-team-sports-other-team-sports-cheerleading-equipment-Cheerleading Poms;;653fd985-0bce-443e-8535-700de24fb28e;True;0;True
Cricket Balls;sports-outdoors-sports-fitness-team-sports-other-team-sports-cricket-equipment-Cricket Balls;;8f3d5dd0-c061-4136-8e16-a9b4385ad31a;True;0;True
Cricket Bats;sports-outdoors-sports-fitness-team-sports-other-team-sports-cricket-equipment-Cricket Bats;;8f3d5dd0-c061-4136-8e16-a9b4385ad31a;True;0;True
Cricket Batting Gloves;sports-outdoors-sports-fitness-team-sports-other-team-sports-cricket-equipment-Cricket Batting Gloves;;8f3d5dd0-c061-4136-8e16-a9b4385ad31a;True;0;True
Cricket Clothing;sports-outdoors-sports-fitness-team-sports-other-team-sports-cricket-equipment-Cricket Clothing;;8f3d5dd0-c061-4136-8e16-a9b4385ad31a;True;0;True
Cricket Clothing;sports-outdoors-sports-fitness-team-sports-other-team-sports-cricket-equipment-Cricket Clothing;;8f3d5dd0-c061-4136-8e16-a9b4385ad31a;True;0;True
Cricket Clothing;sports-outdoors-sports-fitness-team-sports-other-team-sports-cricket-equipment-Cricket Clothing;;8f3d5dd0-c061-4136-8e16-a9b4385ad31a;True;0;True
Cricket Clothing;sports-outdoors-sports-fitness-team-sports-other-team-sports-cricket-equipment-Cricket Clothing;;8f3d5dd0-c061-4136-8e16-a9b4385ad31a;True;0;True
Cricket Clothing;sports-outdoors-sports-fitness-team-sports-other-team-sports-cricket-equipment-Cricket Clothing;;8f3d5dd0-c061-4136-8e16-a9b4385ad31a;True;0;True
Cricket Clothing;sports-outdoors-sports-fitness-team-sports-other-team-sports-cricket-equipment-Cricket Clothing;;8f3d5dd0-c061-4136-8e16-a9b4385ad31a;True;0;True
Cricket Clothing;sports-outdoors-sports-fitness-team-sports-other-team-sports-cricket-equipment-Cricket Clothing;;8f3d5dd0-c061-4136-8e16-a9b4385ad31a;True;0;True
Cricket Equipment Bags;sports-outdoors-sports-fitness-team-sports-other-team-sports-cricket-equipment-Cricket Equipment Bags;;8f3d5dd0-c061-4136-8e16-a9b4385ad31a;True;0;True
Cricket Gloves;sports-outdoors-sports-fitness-team-sports-other-team-sports-cricket-equipment-Cricket Gloves;;8f3d5dd0-c061-4136-8e16-a9b4385ad31a;True;0;True
Cricket Gloves;sports-outdoors-sports-fitness-team-sports-other-team-sports-cricket-equipment-Cricket Gloves;;8f3d5dd0-c061-4136-8e16-a9b4385ad31a;True;0;True
Cricket Helmets;sports-outdoors-sports-fitness-team-sports-other-team-sports-cricket-equipment-Cricket Helmets;;8f3d5dd0-c061-4136-8e16-a9b4385ad31a;True;0;True
Cricket Protective Gear;sports-outdoors-sports-fitness-team-sports-other-team-sports-cricket-equipment-Cricket Protective Gear;;8f3d5dd0-c061-4136-8e16-a9b4385ad31a;True;0;True
Cricket Protective Gear;sports-outdoors-sports-fitness-team-sports-other-team-sports-cricket-equipment-Cricket Protective Gear;;8f3d5dd0-c061-4136-8e16-a9b4385ad31a;True;0;True
Cricket Sets;sports-outdoors-sports-fitness-team-sports-other-team-sports-cricket-equipment-Cricket Sets;;8f3d5dd0-c061-4136-8e16-a9b4385ad31a;True;0;True
Cricket Wicket Keeping Gloves;sports-outdoors-sports-fitness-team-sports-other-team-sports-cricket-equipment-Cricket Wicket Keeping Gloves;;8f3d5dd0-c061-4136-8e16-a9b4385ad31a;True;0;True
Field Hockey Balls;sports-outdoors-sports-fitness-team-sports-other-team-sports-field-hockey-equipment-Field Hockey Balls;;81169548-3f49-4bec-9960-918e4fcd160d;True;0;True
Field Hockey Equipment Bags;sports-outdoors-sports-fitness-team-sports-other-team-sports-field-hockey-equipment-Field Hockey Equipment Bags;;81169548-3f49-4bec-9960-918e4fcd160d;True;0;True
Field Hockey Player Equipment;sports-outdoors-sports-fitness-team-sports-other-team-sports-field-hockey-equipment-Field Hockey Player Equipment;;81169548-3f49-4bec-9960-918e4fcd160d;True;0;True
Field Hockey Player Equipment;sports-outdoors-sports-fitness-team-sports-other-team-sports-field-hockey-equipment-Field Hockey Player Equipment;;81169548-3f49-4bec-9960-918e4fcd160d;True;0;True
Field Hockey Player Equipment;sports-outdoors-sports-fitness-team-sports-other-team-sports-field-hockey-equipment-Field Hockey Player Equipment;;81169548-3f49-4bec-9960-918e4fcd160d;True;0;True
Field Hockey Protective Gear;sports-outdoors-sports-fitness-team-sports-other-team-sports-field-hockey-equipment-Field Hockey Protective Gear;;81169548-3f49-4bec-9960-918e4fcd160d;True;0;True
Field Hockey Protective Gear;sports-outdoors-sports-fitness-team-sports-other-team-sports-field-hockey-equipment-Field Hockey Protective Gear;;81169548-3f49-4bec-9960-918e4fcd160d;True;0;True
Field Hockey Protective Gear;sports-outdoors-sports-fitness-team-sports-other-team-sports-field-hockey-equipment-Field Hockey Protective Gear;;81169548-3f49-4bec-9960-918e4fcd160d;True;0;True
Field Hockey Training Equipment;sports-outdoors-sports-fitness-team-sports-other-team-sports-field-hockey-equipment-Field Hockey Training Equipment;;81169548-3f49-4bec-9960-918e4fcd160d;True;0;True
Hockey Stick Replacement Blades;sports-outdoors-sports-fitness-team-sports-other-team-sports-roller-hockey-equipment-Hockey Stick Replacement Blades;;a7b09662-6fb4-4008-906d-d22f83a14f85;True;0;True
Roller Hockey Balls & Pucks;sports-outdoors-sports-fitness-team-sports-other-team-sports-roller-hockey-equipment-Roller Hockey Balls & Pucks;;a7b09662-6fb4-4008-906d-d22f83a14f85;True;0;True
Roller Hockey Goals;sports-outdoors-sports-fitness-team-sports-other-team-sports-roller-hockey-equipment-Roller Hockey Goals;;a7b09662-6fb4-4008-906d-d22f83a14f85;True;0;True
Roller Hockey Nets;sports-outdoors-sports-fitness-team-sports-other-team-sports-roller-hockey-equipment-Roller Hockey Nets;;a7b09662-6fb4-4008-906d-d22f83a14f85;True;0;True
Roller Hockey Skates;sports-outdoors-sports-fitness-team-sports-other-team-sports-roller-hockey-equipment-Roller Hockey Skates;;a7b09662-6fb4-4008-906d-d22f83a14f85;True;0;True
Rugby Balls;sports-outdoors-sports-fitness-team-sports-other-team-sports-rugby-equipment-Rugby Balls;;2579212b-12a5-4454-9de1-b047f7bde201;True;0;True
Rugby Clothing;sports-outdoors-sports-fitness-team-sports-other-team-sports-rugby-equipment-Rugby Clothing;;2579212b-12a5-4454-9de1-b047f7bde201;True;0;True
Rugby Clothing;sports-outdoors-sports-fitness-team-sports-other-team-sports-rugby-equipment-Rugby Clothing;;2579212b-12a5-4454-9de1-b047f7bde201;True;0;True
Rugby Clothing;sports-outdoors-sports-fitness-team-sports-other-team-sports-rugby-equipment-Rugby Clothing;;2579212b-12a5-4454-9de1-b047f7bde201;True;0;True
Rugby Clothing;sports-outdoors-sports-fitness-team-sports-other-team-sports-rugby-equipment-Rugby Clothing;;2579212b-12a5-4454-9de1-b047f7bde201;True;0;True
Rugby Clothing;sports-outdoors-sports-fitness-team-sports-other-team-sports-rugby-equipment-Rugby Clothing;;2579212b-12a5-4454-9de1-b047f7bde201;True;0;True
Rugby Equipment Bags;sports-outdoors-sports-fitness-team-sports-other-team-sports-rugby-equipment-Rugby Equipment Bags;;2579212b-12a5-4454-9de1-b047f7bde201;True;0;True
Rugby Footwear;sports-outdoors-sports-fitness-team-sports-other-team-sports-rugby-equipment-Rugby Footwear;;2579212b-12a5-4454-9de1-b047f7bde201;True;0;True
Rugby Protective Gear;sports-outdoors-sports-fitness-team-sports-other-team-sports-rugby-equipment-Rugby Protective Gear;;2579212b-12a5-4454-9de1-b047f7bde201;True;0;True
Rugby Protective Gear;sports-outdoors-sports-fitness-team-sports-other-team-sports-rugby-equipment-Rugby Protective Gear;;2579212b-12a5-4454-9de1-b047f7bde201;True;0;True
Rugby Protective Gear;sports-outdoors-sports-fitness-team-sports-other-team-sports-rugby-equipment-Rugby Protective Gear;;2579212b-12a5-4454-9de1-b047f7bde201;True;0;True
Track & Field Equipment Accessories;sports-outdoors-sports-fitness-team-sports-other-team-sports-track-field-equipment-Track & Field Equipment Accessories;;d1d5edc9-e890-4c99-a9d7-a6a1657db3ce;True;0;True
Track & Field Equipment Accessories;sports-outdoors-sports-fitness-team-sports-other-team-sports-track-field-equipment-Track & Field Equipment Accessories;;d1d5edc9-e890-4c99-a9d7-a6a1657db3ce;True;0;True
Track & Field Equipment Accessories;sports-outdoors-sports-fitness-team-sports-other-team-sports-track-field-equipment-Track & Field Equipment Accessories;;d1d5edc9-e890-4c99-a9d7-a6a1657db3ce;True;0;True
Track & Field Jumping Equipment;sports-outdoors-sports-fitness-team-sports-other-team-sports-track-field-equipment-Track & Field Jumping Equipment;;d1d5edc9-e890-4c99-a9d7-a6a1657db3ce;True;0;True
Track & Field Jumping Equipment;sports-outdoors-sports-fitness-team-sports-other-team-sports-track-field-equipment-Track & Field Jumping Equipment;;d1d5edc9-e890-4c99-a9d7-a6a1657db3ce;True;0;True
Track & Field Jumping Equipment;sports-outdoors-sports-fitness-team-sports-other-team-sports-track-field-equipment-Track & Field Jumping Equipment;;d1d5edc9-e890-4c99-a9d7-a6a1657db3ce;True;0;True
Track & Field Jumping Equipment;sports-outdoors-sports-fitness-team-sports-other-team-sports-track-field-equipment-Track & Field Jumping Equipment;;d1d5edc9-e890-4c99-a9d7-a6a1657db3ce;True;0;True
Track & Field Meet Equipment;sports-outdoors-sports-fitness-team-sports-other-team-sports-track-field-equipment-Track & Field Meet Equipment;;d1d5edc9-e890-4c99-a9d7-a6a1657db3ce;True;0;True
Track & Field Meet Equipment;sports-outdoors-sports-fitness-team-sports-other-team-sports-track-field-equipment-Track & Field Meet Equipment;;d1d5edc9-e890-4c99-a9d7-a6a1657db3ce;True;0;True
Track & Field Meet Equipment;sports-outdoors-sports-fitness-team-sports-other-team-sports-track-field-equipment-Track & Field Meet Equipment;;d1d5edc9-e890-4c99-a9d7-a6a1657db3ce;True;0;True
Track & Field Throwing Equipment;sports-outdoors-sports-fitness-team-sports-other-team-sports-track-field-equipment-Track & Field Throwing Equipment;;d1d5edc9-e890-4c99-a9d7-a6a1657db3ce;True;0;True
Track & Field Throwing Equipment;sports-outdoors-sports-fitness-team-sports-other-team-sports-track-field-equipment-Track & Field Throwing Equipment;;d1d5edc9-e890-4c99-a9d7-a6a1657db3ce;True;0;True
Track & Field Throwing Equipment;sports-outdoors-sports-fitness-team-sports-other-team-sports-track-field-equipment-Track & Field Throwing Equipment;;d1d5edc9-e890-4c99-a9d7-a6a1657db3ce;True;0;True
Track & Field Throwing Equipment;sports-outdoors-sports-fitness-team-sports-other-team-sports-track-field-equipment-Track & Field Throwing Equipment;;d1d5edc9-e890-4c99-a9d7-a6a1657db3ce;True;0;True
Track & Field Throwing Equipment;sports-outdoors-sports-fitness-team-sports-other-team-sports-track-field-equipment-Track & Field Throwing Equipment;;d1d5edc9-e890-4c99-a9d7-a6a1657db3ce;True;0;True
Track Equipment;sports-outdoors-sports-fitness-team-sports-other-team-sports-track-field-equipment-Track Equipment;;d1d5edc9-e890-4c99-a9d7-a6a1657db3ce;True;0;True
Track Equipment;sports-outdoors-sports-fitness-team-sports-other-team-sports-track-field-equipment-Track Equipment;;d1d5edc9-e890-4c99-a9d7-a6a1657db3ce;True;0;True
Track Equipment;sports-outdoors-sports-fitness-team-sports-other-team-sports-track-field-equipment-Track Equipment;;d1d5edc9-e890-4c99-a9d7-a6a1657db3ce;True;0;True
Track Equipment;sports-outdoors-sports-fitness-team-sports-other-team-sports-track-field-equipment-Track Equipment;;d1d5edc9-e890-4c99-a9d7-a6a1657db3ce;True;0;True
Track Equipment;sports-outdoors-sports-fitness-team-sports-other-team-sports-track-field-equipment-Track Equipment;;d1d5edc9-e890-4c99-a9d7-a6a1657db3ce;True;0;True
Wrestling Dummies;sports-outdoors-sports-fitness-team-sports-other-team-sports-wrestling-equipment-Wrestling Dummies;;4c1855ca-6de0-41fe-9ba5-cf6198f4276f;True;0;True
Wrestling Mats;sports-outdoors-sports-fitness-team-sports-other-team-sports-wrestling-equipment-Wrestling Mats;;4c1855ca-6de0-41fe-9ba5-cf6198f4276f;True;0;True
Wrestling Protective Gear;sports-outdoors-sports-fitness-team-sports-other-team-sports-wrestling-equipment-Wrestling Protective Gear;;4c1855ca-6de0-41fe-9ba5-cf6198f4276f;True;0;True
Wrestling Protective Gear;sports-outdoors-sports-fitness-team-sports-other-team-sports-wrestling-equipment-Wrestling Protective Gear;;4c1855ca-6de0-41fe-9ba5-cf6198f4276f;True;0;True
Wrestling Protective Gear;sports-outdoors-sports-fitness-team-sports-other-team-sports-wrestling-equipment-Wrestling Protective Gear;;4c1855ca-6de0-41fe-9ba5-cf6198f4276f;True;0;True
Wrestling Singlets;sports-outdoors-sports-fitness-team-sports-other-team-sports-wrestling-equipment-Wrestling Singlets;;4c1855ca-6de0-41fe-9ba5-cf6198f4276f;True;0;True
Boys Soccer Clothing;sports-outdoors-sports-fitness-team-sports-soccer-equipment-soccer-clothing-Boys Soccer Clothing;;2e22cf17-a921-4424-991e-1d5631dee208;True;0;True
Boys Soccer Clothing;sports-outdoors-sports-fitness-team-sports-soccer-equipment-soccer-clothing-Boys Soccer Clothing;;2e22cf17-a921-4424-991e-1d5631dee208;True;0;True
Girls Soccer Clothing;sports-outdoors-sports-fitness-team-sports-soccer-equipment-soccer-clothing-Girls Soccer Clothing;;2e22cf17-a921-4424-991e-1d5631dee208;True;0;True
Girls Soccer Clothing;sports-outdoors-sports-fitness-team-sports-soccer-equipment-soccer-clothing-Girls Soccer Clothing;;2e22cf17-a921-4424-991e-1d5631dee208;True;0;True
Mens Soccer Clothing;sports-outdoors-sports-fitness-team-sports-soccer-equipment-soccer-clothing-Mens Soccer Clothing;;2e22cf17-a921-4424-991e-1d5631dee208;True;0;True
Mens Soccer Clothing;sports-outdoors-sports-fitness-team-sports-soccer-equipment-soccer-clothing-Mens Soccer Clothing;;2e22cf17-a921-4424-991e-1d5631dee208;True;0;True
Mens Soccer Clothing;sports-outdoors-sports-fitness-team-sports-soccer-equipment-soccer-clothing-Mens Soccer Clothing;;2e22cf17-a921-4424-991e-1d5631dee208;True;0;True
Womens Soccer Clothing;sports-outdoors-sports-fitness-team-sports-soccer-equipment-soccer-clothing-Womens Soccer Clothing;;2e22cf17-a921-4424-991e-1d5631dee208;True;0;True
Womens Soccer Clothing;sports-outdoors-sports-fitness-team-sports-soccer-equipment-soccer-clothing-Womens Soccer Clothing;;2e22cf17-a921-4424-991e-1d5631dee208;True;0;True
Soccer Equipment Bags;sports-outdoors-sports-fitness-team-sports-soccer-equipment-soccer-equipment-accessories-Soccer Equipment Bags;;d319a16f-5903-43c5-b6ea-07178c26f0f2;True;0;True
Soccer Goalkeeper Gloves;sports-outdoors-sports-fitness-team-sports-soccer-equipment-soccer-player-equipment-Soccer Goalkeeper Gloves;;6ea47710-6116-41f6-a4f3-382c128c7d17;True;0;True
Soccer Shin Guards;sports-outdoors-sports-fitness-team-sports-soccer-equipment-soccer-player-equipment-Soccer Shin Guards;;6ea47710-6116-41f6-a4f3-382c128c7d17;True;0;True
Soccer Rebounders;sports-outdoors-sports-fitness-team-sports-soccer-equipment-soccer-training-equipment-balls-Soccer Rebounders;;92ec55f8-bf8b-4851-a5f8-6ccbbecb07e0;True;0;True
Fast-Pitch Softball Bats;sports-outdoors-sports-fitness-team-sports-softball-equipment-softball-bats-Fast-Pitch Softball Bats;;d94c2e1f-bc41-411a-9ed2-73bcae3428d0;True;0;True
Slow-Pitch Softball Bats;sports-outdoors-sports-fitness-team-sports-softball-equipment-softball-bats-Slow-Pitch Softball Bats;;d94c2e1f-bc41-411a-9ed2-73bcae3428d0;True;0;True
Boys Softball Clothing;sports-outdoors-sports-fitness-team-sports-softball-equipment-softball-clothing-Boys Softball Clothing;;8abe8945-fe9e-4053-9287-2b7265ebc722;True;0;True
Boys Softball Clothing;sports-outdoors-sports-fitness-team-sports-softball-equipment-softball-clothing-Boys Softball Clothing;;8abe8945-fe9e-4053-9287-2b7265ebc722;True;0;True
Girls Softball Clothing;sports-outdoors-sports-fitness-team-sports-softball-equipment-softball-clothing-Girls Softball Clothing;;8abe8945-fe9e-4053-9287-2b7265ebc722;True;0;True
Girls Softball Clothing;sports-outdoors-sports-fitness-team-sports-softball-equipment-softball-clothing-Girls Softball Clothing;;8abe8945-fe9e-4053-9287-2b7265ebc722;True;0;True
Girls Softball Clothing;sports-outdoors-sports-fitness-team-sports-softball-equipment-softball-clothing-Girls Softball Clothing;;8abe8945-fe9e-4053-9287-2b7265ebc722;True;0;True
Mens Softball Clothing;sports-outdoors-sports-fitness-team-sports-softball-equipment-softball-clothing-Mens Softball Clothing;;8abe8945-fe9e-4053-9287-2b7265ebc722;True;0;True
Mens Softball Clothing;sports-outdoors-sports-fitness-team-sports-softball-equipment-softball-clothing-Mens Softball Clothing;;8abe8945-fe9e-4053-9287-2b7265ebc722;True;0;True
Mens Softball Clothing;sports-outdoors-sports-fitness-team-sports-softball-equipment-softball-clothing-Mens Softball Clothing;;8abe8945-fe9e-4053-9287-2b7265ebc722;True;0;True
Womens Softball Clothing;sports-outdoors-sports-fitness-team-sports-softball-equipment-softball-clothing-Womens Softball Clothing;;8abe8945-fe9e-4053-9287-2b7265ebc722;True;0;True
Womens Softball Clothing;sports-outdoors-sports-fitness-team-sports-softball-equipment-softball-clothing-Womens Softball Clothing;;8abe8945-fe9e-4053-9287-2b7265ebc722;True;0;True
Womens Softball Clothing;sports-outdoors-sports-fitness-team-sports-softball-equipment-softball-clothing-Womens Softball Clothing;;8abe8945-fe9e-4053-9287-2b7265ebc722;True;0;True
Softball Catchers Mitts;sports-outdoors-sports-fitness-team-sports-softball-equipment-softball-mitts-Softball Catchers Mitts;;0dfdeb75-8e38-47ee-a4b6-68b8334f6a25;True;0;True
Softball First Basemans Mitts;sports-outdoors-sports-fitness-team-sports-softball-equipment-softball-mitts-Softball First Basemans Mitts;;0dfdeb75-8e38-47ee-a4b6-68b8334f6a25;True;0;True
Softball Infielders Mitts;sports-outdoors-sports-fitness-team-sports-softball-equipment-softball-mitts-Softball Infielders Mitts;;0dfdeb75-8e38-47ee-a4b6-68b8334f6a25;True;0;True
Softball Outfielders Mitts;sports-outdoors-sports-fitness-team-sports-softball-equipment-softball-mitts-Softball Outfielders Mitts;;0dfdeb75-8e38-47ee-a4b6-68b8334f6a25;True;0;True
Softball Sets;sports-outdoors-sports-fitness-team-sports-softball-equipment-softball-uniforms-Softball Sets;;3b1ef6e9-5e50-4388-a1ca-f70aad591b36;True;0;True
Fast-Pitch Softballs;sports-outdoors-sports-fitness-team-sports-softball-equipment-softballs-Fast-Pitch Softballs;;39a8e32f-a98c-416e-b60e-e9b44e4046b0;True;0;True
Slow-Pitch Softballs;sports-outdoors-sports-fitness-team-sports-softball-equipment-softballs-Slow-Pitch Softballs;;39a8e32f-a98c-416e-b60e-e9b44e4046b0;True;0;True
Boys Volleyball Clothing;sports-outdoors-sports-fitness-team-sports-volleyball-equipment-volleyball-clothing-Boys Volleyball Clothing;;122148c9-e5f4-4b1b-92d0-ff62666383e5;True;0;True
Girls Volleyball Clothing;sports-outdoors-sports-fitness-team-sports-volleyball-equipment-volleyball-clothing-Girls Volleyball Clothing;;122148c9-e5f4-4b1b-92d0-ff62666383e5;True;0;True
Girls Volleyball Clothing;sports-outdoors-sports-fitness-team-sports-volleyball-equipment-volleyball-clothing-Girls Volleyball Clothing;;122148c9-e5f4-4b1b-92d0-ff62666383e5;True;0;True
Mens Volleyball Clothing;sports-outdoors-sports-fitness-team-sports-volleyball-equipment-volleyball-clothing-Mens Volleyball Clothing;;122148c9-e5f4-4b1b-92d0-ff62666383e5;True;0;True
Mens Volleyball Clothing;sports-outdoors-sports-fitness-team-sports-volleyball-equipment-volleyball-clothing-Mens Volleyball Clothing;;122148c9-e5f4-4b1b-92d0-ff62666383e5;True;0;True
Womens Volleyball Clothing;sports-outdoors-sports-fitness-team-sports-volleyball-equipment-volleyball-clothing-Womens Volleyball Clothing;;122148c9-e5f4-4b1b-92d0-ff62666383e5;True;0;True
Womens Volleyball Clothing;sports-outdoors-sports-fitness-team-sports-volleyball-equipment-volleyball-clothing-Womens Volleyball Clothing;;122148c9-e5f4-4b1b-92d0-ff62666383e5;True;0;True
Volleyball Net Antennas;sports-outdoors-sports-fitness-team-sports-volleyball-equipment-volleyball-court-equipment-Volleyball Net Antennas;;9b01b356-2bc8-4312-997e-d179069f7de6;True;0;True
Volleyball Net Systems;sports-outdoors-sports-fitness-team-sports-volleyball-equipment-volleyball-court-equipment-Volleyball Net Systems;;9b01b356-2bc8-4312-997e-d179069f7de6;True;0;True
Volleyball Nets;sports-outdoors-sports-fitness-team-sports-volleyball-equipment-volleyball-court-equipment-Volleyball Nets;;9b01b356-2bc8-4312-997e-d179069f7de6;True;0;True
Volleyball Pole Sets;sports-outdoors-sports-fitness-team-sports-volleyball-equipment-volleyball-court-equipment-Volleyball Pole Sets;;9b01b356-2bc8-4312-997e-d179069f7de6;True;0;True
Volleyball Equipment Bags;sports-outdoors-sports-fitness-team-sports-volleyball-equipment-volleyball-equipment-accessories-Volleyball Equipment Bags;;dbab9bac-8393-403c-970b-22bf66be7143;True;0;True
Volleyball Ankle Guards;sports-outdoors-sports-fitness-team-sports-volleyball-equipment-volleyball-protective-gear-Volleyball Ankle Guards;;d7349c2d-93ec-4aad-914b-cc2d077a6e72;True;0;True
Volleyball Knee Pads;sports-outdoors-sports-fitness-team-sports-volleyball-equipment-volleyball-protective-gear-Volleyball Knee Pads;;d7349c2d-93ec-4aad-914b-cc2d077a6e72;True;0;True
Indoor Volleyballs;sports-outdoors-sports-fitness-team-sports-volleyball-equipment-volleyballs-Indoor Volleyballs;;a503df3b-fbdb-4c9e-9540-14d3d507c62d;True;0;True
Outdoor Volleyballs;sports-outdoors-sports-fitness-team-sports-volleyball-equipment-volleyballs-Outdoor Volleyballs;;a503df3b-fbdb-4c9e-9540-14d3d507c62d;True;0;True
Girls Tennis Clothing;sports-outdoors-sports-fitness-tennis-racquet-sport-equipment-tennis-equipment-tennis-clothing-Girls Tennis Clothing;;cfff6119-3188-4077-9636-7a52d9413c40;True;0;True
Girls Tennis Clothing;sports-outdoors-sports-fitness-tennis-racquet-sport-equipment-tennis-equipment-tennis-clothing-Girls Tennis Clothing;;cfff6119-3188-4077-9636-7a52d9413c40;True;0;True
Girls Tennis Clothing;sports-outdoors-sports-fitness-tennis-racquet-sport-equipment-tennis-equipment-tennis-clothing-Girls Tennis Clothing;;cfff6119-3188-4077-9636-7a52d9413c40;True;0;True
Mens Tennis Clothing;sports-outdoors-sports-fitness-tennis-racquet-sport-equipment-tennis-equipment-tennis-clothing-Mens Tennis Clothing;;cfff6119-3188-4077-9636-7a52d9413c40;True;0;True
Mens Tennis Clothing;sports-outdoors-sports-fitness-tennis-racquet-sport-equipment-tennis-equipment-tennis-clothing-Mens Tennis Clothing;;cfff6119-3188-4077-9636-7a52d9413c40;True;0;True
Mens Tennis Clothing;sports-outdoors-sports-fitness-tennis-racquet-sport-equipment-tennis-equipment-tennis-clothing-Mens Tennis Clothing;;cfff6119-3188-4077-9636-7a52d9413c40;True;0;True
Womens Tennis Clothing;sports-outdoors-sports-fitness-tennis-racquet-sport-equipment-tennis-equipment-tennis-clothing-Womens Tennis Clothing;;cfff6119-3188-4077-9636-7a52d9413c40;True;0;True
Womens Tennis Clothing;sports-outdoors-sports-fitness-tennis-racquet-sport-equipment-tennis-equipment-tennis-clothing-Womens Tennis Clothing;;cfff6119-3188-4077-9636-7a52d9413c40;True;0;True
Womens Tennis Clothing;sports-outdoors-sports-fitness-tennis-racquet-sport-equipment-tennis-equipment-tennis-clothing-Womens Tennis Clothing;;cfff6119-3188-4077-9636-7a52d9413c40;True;0;True
Womens Tennis Clothing;sports-outdoors-sports-fitness-tennis-racquet-sport-equipment-tennis-equipment-tennis-clothing-Womens Tennis Clothing;;cfff6119-3188-4077-9636-7a52d9413c40;True;0;True
Womens Tennis Clothing;sports-outdoors-sports-fitness-tennis-racquet-sport-equipment-tennis-equipment-tennis-clothing-Womens Tennis Clothing;;cfff6119-3188-4077-9636-7a52d9413c40;True;0;True
Womens Tennis Clothing;sports-outdoors-sports-fitness-tennis-racquet-sport-equipment-tennis-equipment-tennis-clothing-Womens Tennis Clothing;;cfff6119-3188-4077-9636-7a52d9413c40;True;0;True
Womens Tennis Clothing;sports-outdoors-sports-fitness-tennis-racquet-sport-equipment-tennis-equipment-tennis-clothing-Womens Tennis Clothing;;cfff6119-3188-4077-9636-7a52d9413c40;True;0;True
Tennis Ball Hoppers;sports-outdoors-sports-fitness-tennis-racquet-sport-equipment-tennis-equipment-tennis-court-equipment-Tennis Ball Hoppers;;77d47954-fb7d-4937-9332-36231c9dd8ae;True;0;True
Tennis Ball Machines;sports-outdoors-sports-fitness-tennis-racquet-sport-equipment-tennis-equipment-tennis-court-equipment-Tennis Ball Machines;;77d47954-fb7d-4937-9332-36231c9dd8ae;True;0;True
Tennis Net Posts;sports-outdoors-sports-fitness-tennis-racquet-sport-equipment-tennis-equipment-tennis-court-equipment-Tennis Net Posts;;77d47954-fb7d-4937-9332-36231c9dd8ae;True;0;True
Tennis Nets;sports-outdoors-sports-fitness-tennis-racquet-sport-equipment-tennis-equipment-tennis-court-equipment-Tennis Nets;;77d47954-fb7d-4937-9332-36231c9dd8ae;True;0;True
Tennis Bags;sports-outdoors-sports-fitness-tennis-racquet-sport-equipment-tennis-equipment-tennis-equipment-accessories-Tennis Bags;;a3e1e2b2-9ba3-4658-a018-89e65a39d34b;True;0;True
Tennis Court Accessories;sports-outdoors-sports-fitness-tennis-racquet-sport-equipment-tennis-equipment-tennis-equipment-accessories-Tennis Court Accessories;;a3e1e2b2-9ba3-4658-a018-89e65a39d34b;True;0;True
Tennis Racquet Accessories;sports-outdoors-sports-fitness-tennis-racquet-sport-equipment-tennis-equipment-tennis-equipment-accessories-Tennis Racquet Accessories;;a3e1e2b2-9ba3-4658-a018-89e65a39d34b;True;0;True
Tennis Racquet Accessories;sports-outdoors-sports-fitness-tennis-racquet-sport-equipment-tennis-equipment-tennis-equipment-accessories-Tennis Racquet Accessories;;a3e1e2b2-9ba3-4658-a018-89e65a39d34b;True;0;True
Tennis Racquet Accessories;sports-outdoors-sports-fitness-tennis-racquet-sport-equipment-tennis-equipment-tennis-equipment-accessories-Tennis Racquet Accessories;;a3e1e2b2-9ba3-4658-a018-89e65a39d34b;True;0;True
Tennis Racquet Accessories;sports-outdoors-sports-fitness-tennis-racquet-sport-equipment-tennis-equipment-tennis-equipment-accessories-Tennis Racquet Accessories;;a3e1e2b2-9ba3-4658-a018-89e65a39d34b;True;0;True
Tennis Racquet Accessories;sports-outdoors-sports-fitness-tennis-racquet-sport-equipment-tennis-equipment-tennis-equipment-accessories-Tennis Racquet Accessories;;a3e1e2b2-9ba3-4658-a018-89e65a39d34b;True;0;True
Tennis Stringing Machines & Tools;sports-outdoors-sports-fitness-tennis-racquet-sport-equipment-tennis-equipment-tennis-equipment-accessories-Tennis Stringing Machines & Tools;;a3e1e2b2-9ba3-4658-a018-89e65a39d34b;True;0;True
Sports Fan Beer Glasses;sports-outdoors-sports-fan-shop-sports-fan-home-kitchen-sports-fan-kitchen-dining-products-sports-fan-cups-glasses-Sports Fan Beer Glasses;;b80310da-51f5-4b17-9017-c6d29e496296;True;0;True
Sports Fan Shot Glasses;sports-outdoors-sports-fan-shop-sports-fan-home-kitchen-sports-fan-kitchen-dining-products-sports-fan-cups-glasses-Sports Fan Shot Glasses;;b80310da-51f5-4b17-9017-c6d29e496296;True;0;True
Sports Fan Tumblers;sports-outdoors-sports-fan-shop-sports-fan-home-kitchen-sports-fan-kitchen-dining-products-sports-fan-cups-glasses-Sports Fan Tumblers;;b80310da-51f5-4b17-9017-c6d29e496296;True;0;True
Limestone Tiles;tools-home-improvement-building-supplies-building-materials-construction-tiles-stone-tiles-Limestone Tiles;;ba1fca71-53ab-499c-a6e9-8142d815ca3e;True;0;True
Marble Tiles;tools-home-improvement-building-supplies-building-materials-construction-tiles-stone-tiles-Marble Tiles;;ba1fca71-53ab-499c-a6e9-8142d815ca3e;True;0;True
Decking Nails;tools-home-improvement-building-supplies-building-materials-decking-fencing-decking-fencing-hardware-Decking Nails;;7e709f87-72b5-411b-b795-cc5a1a5f1a2d;True;0;True
Decking;tools-home-improvement-building-supplies-building-materials-decking-fencing-decking-fencing-materials-Decking;;4f9988cc-9867-467e-9578-1f8de8713969;True;0;True
Decking & Fencing Lattice;tools-home-improvement-building-supplies-building-materials-decking-fencing-decking-fencing-materials-Decking & Fencing Lattice;;4f9988cc-9867-467e-9578-1f8de8713969;True;0;True
Hardware Cloth;tools-home-improvement-building-supplies-building-materials-decking-fencing-decking-fencing-materials-Hardware Cloth;;4f9988cc-9867-467e-9578-1f8de8713969;True;0;True
Decking & Fencing Weatherproofing;tools-home-improvement-building-supplies-building-materials-decking-fencing-fencing-railings-pickets-Decking & Fencing Weatherproofing;;acd3c31b-617f-4c0a-b7db-2d5a1ef90049;True;0;True
Decking Pickets;tools-home-improvement-building-supplies-building-materials-decking-fencing-fencing-railings-pickets-Decking Pickets;;acd3c31b-617f-4c0a-b7db-2d5a1ef90049;True;0;True
Decking Posts & Accessories;tools-home-improvement-building-supplies-building-materials-decking-fencing-fencing-railings-pickets-Decking Posts & Accessories;;acd3c31b-617f-4c0a-b7db-2d5a1ef90049;True;0;True
Decking Posts & Accessories;tools-home-improvement-building-supplies-building-materials-decking-fencing-fencing-railings-pickets-Decking Posts & Accessories;;acd3c31b-617f-4c0a-b7db-2d5a1ef90049;True;0;True
Decking Posts & Accessories;tools-home-improvement-building-supplies-building-materials-decking-fencing-fencing-railings-pickets-Decking Posts & Accessories;;acd3c31b-617f-4c0a-b7db-2d5a1ef90049;True;0;True
Decking Posts & Accessories;tools-home-improvement-building-supplies-building-materials-decking-fencing-fencing-railings-pickets-Decking Posts & Accessories;;acd3c31b-617f-4c0a-b7db-2d5a1ef90049;True;0;True
Decking Railings;tools-home-improvement-building-supplies-building-materials-decking-fencing-fencing-railings-pickets-Decking Railings;;acd3c31b-617f-4c0a-b7db-2d5a1ef90049;True;0;True
Acid Floor Cleaners;tools-home-improvement-building-supplies-building-materials-flooring-products-flooring-tiling-accessories-Acid Floor Cleaners;;f33d8cda-c703-402a-883c-c31d130663b4;True;0;True
Floor Leveling Compounds;tools-home-improvement-building-supplies-building-materials-flooring-products-flooring-tiling-accessories-Floor Leveling Compounds;;f33d8cda-c703-402a-883c-c31d130663b4;True;0;True
Flooring Adhesive Primer;tools-home-improvement-building-supplies-building-materials-flooring-products-flooring-tiling-accessories-Flooring Adhesive Primer;;f33d8cda-c703-402a-883c-c31d130663b4;True;0;True
Flooring Adhesive Remover;tools-home-improvement-building-supplies-building-materials-flooring-products-flooring-tiling-accessories-Flooring Adhesive Remover;;f33d8cda-c703-402a-883c-c31d130663b4;True;0;True
Flooring Finish Compound;tools-home-improvement-building-supplies-building-materials-flooring-products-flooring-tiling-accessories-Flooring Finish Compound;;f33d8cda-c703-402a-883c-c31d130663b4;True;0;True
Flooring Underlayments;tools-home-improvement-building-supplies-building-materials-flooring-products-flooring-tiling-accessories-Flooring Underlayments;;f33d8cda-c703-402a-883c-c31d130663b4;True;0;True
Tile Cleaner;tools-home-improvement-building-supplies-building-materials-flooring-products-flooring-tiling-accessories-Tile Cleaner;;f33d8cda-c703-402a-883c-c31d130663b4;True;0;True
Tile Grout Cleaners;tools-home-improvement-building-supplies-building-materials-flooring-products-flooring-tiling-accessories-Tile Grout Cleaners;;f33d8cda-c703-402a-883c-c31d130663b4;True;0;True
Carpet & Carpet Tiles;tools-home-improvement-building-supplies-building-materials-flooring-products-flooring-materials-Carpet & Carpet Tiles;;98c2ae49-6ad2-4c47-a17e-6a16eeffb090;True;0;True
Ceramic Floor Tile;tools-home-improvement-building-supplies-building-materials-flooring-products-flooring-materials-Ceramic Floor Tile;;98c2ae49-6ad2-4c47-a17e-6a16eeffb090;True;0;True
Foam Flooring;tools-home-improvement-building-supplies-building-materials-flooring-products-flooring-materials-Foam Flooring;;98c2ae49-6ad2-4c47-a17e-6a16eeffb090;True;0;True
Laminate Flooring;tools-home-improvement-building-supplies-building-materials-flooring-products-flooring-materials-Laminate Flooring;;98c2ae49-6ad2-4c47-a17e-6a16eeffb090;True;0;True
Rubber Flooring;tools-home-improvement-building-supplies-building-materials-flooring-products-flooring-materials-Rubber Flooring;;98c2ae49-6ad2-4c47-a17e-6a16eeffb090;True;0;True
Vinyl Flooring;tools-home-improvement-building-supplies-building-materials-flooring-products-flooring-materials-Vinyl Flooring;;98c2ae49-6ad2-4c47-a17e-6a16eeffb090;True;0;True
Wood Flooring;tools-home-improvement-building-supplies-building-materials-flooring-products-flooring-materials-Wood Flooring;;98c2ae49-6ad2-4c47-a17e-6a16eeffb090;True;0;True
Entry Doors;tools-home-improvement-building-supplies-building-materials-household-doors-exterior-doors-Entry Doors;;0e732c68-1dcf-4357-898a-9b857aba2e32;True;0;True
Patio Doors;tools-home-improvement-building-supplies-building-materials-household-doors-exterior-doors-Patio Doors;;0e732c68-1dcf-4357-898a-9b857aba2e32;True;0;True
Screen Doors;tools-home-improvement-building-supplies-building-materials-household-doors-exterior-doors-Screen Doors;;0e732c68-1dcf-4357-898a-9b857aba2e32;True;0;True
Garage Door Hardware;tools-home-improvement-building-supplies-building-materials-household-doors-garage-doors,-openers-parts-Garage Door Hardware;;861430a9-62c2-47c4-a66e-373a24e0d708;True;0;True
Garage Door Hardware;tools-home-improvement-building-supplies-building-materials-household-doors-garage-doors,-openers-parts-Garage Door Hardware;;861430a9-62c2-47c4-a66e-373a24e0d708;True;0;True
Garage Door Hardware;tools-home-improvement-building-supplies-building-materials-household-doors-garage-doors,-openers-parts-Garage Door Hardware;;861430a9-62c2-47c4-a66e-373a24e0d708;True;0;True
Garage Door Hardware;tools-home-improvement-building-supplies-building-materials-household-doors-garage-doors,-openers-parts-Garage Door Hardware;;861430a9-62c2-47c4-a66e-373a24e0d708;True;0;True
Garage Door Hardware;tools-home-improvement-building-supplies-building-materials-household-doors-garage-doors,-openers-parts-Garage Door Hardware;;861430a9-62c2-47c4-a66e-373a24e0d708;True;0;True
Garage Door Hardware;tools-home-improvement-building-supplies-building-materials-household-doors-garage-doors,-openers-parts-Garage Door Hardware;;861430a9-62c2-47c4-a66e-373a24e0d708;True;0;True
Garage Door Hardware;tools-home-improvement-building-supplies-building-materials-household-doors-garage-doors,-openers-parts-Garage Door Hardware;;861430a9-62c2-47c4-a66e-373a24e0d708;True;0;True
Garage Door Keypads & Remotes;tools-home-improvement-building-supplies-building-materials-household-doors-garage-doors,-openers-parts-Garage Door Keypads & Remotes;;861430a9-62c2-47c4-a66e-373a24e0d708;True;0;True
Garage Door Opener System Parts;tools-home-improvement-building-supplies-building-materials-household-doors-garage-doors,-openers-parts-Garage Door Opener System Parts;;861430a9-62c2-47c4-a66e-373a24e0d708;True;0;True
Garage Door Openers;tools-home-improvement-building-supplies-building-materials-household-doors-garage-doors,-openers-parts-Garage Door Openers;;861430a9-62c2-47c4-a66e-373a24e0d708;True;0;True
Garage Doors;tools-home-improvement-building-supplies-building-materials-household-doors-garage-doors,-openers-parts-Garage Doors;;861430a9-62c2-47c4-a66e-373a24e0d708;True;0;True
Interior Slab Doors;tools-home-improvement-building-supplies-building-materials-household-doors-?nterior-closet-doors-Interior Slab Doors;;b62a5456-f7fa-436b-a4db-1ebf702c2b4a;True;0;True
Multifold Interior Doors;tools-home-improvement-building-supplies-building-materials-household-doors-?nterior-closet-doors-Multifold Interior Doors;;b62a5456-f7fa-436b-a4db-1ebf702c2b4a;True;0;True
Pocket Interior Doors;tools-home-improvement-building-supplies-building-materials-household-doors-?nterior-closet-doors-Pocket Interior Doors;;b62a5456-f7fa-436b-a4db-1ebf702c2b4a;True;0;True
Swinging Doors;tools-home-improvement-building-supplies-building-materials-household-doors-?nterior-closet-doors-Swinging Doors;;b62a5456-f7fa-436b-a4db-1ebf702c2b4a;True;0;True
Exterior Board & Batten Window Shutters;tools-home-improvement-building-supplies-building-materials-household-windows-window-treatment-shutters-Exterior Board & Batten Window Shutters;;cd5f2674-4e13-40eb-a7d7-a7d699abe8ff;True;0;True
Exterior Louver Window Shutters;tools-home-improvement-building-supplies-building-materials-household-windows-window-treatment-shutters-Exterior Louver Window Shutters;;cd5f2674-4e13-40eb-a7d7-a7d699abe8ff;True;0;True
Exterior Panel Window Shutters;tools-home-improvement-building-supplies-building-materials-household-windows-window-treatment-shutters-Exterior Panel Window Shutters;;cd5f2674-4e13-40eb-a7d7-a7d699abe8ff;True;0;True
Glass Blocks;tools-home-improvement-building-supplies-building-materials-raw-building-materials-glass-building-material-Glass Blocks;;1c5732c8-12cd-462d-978b-aacad3db6edd;True;0;True
Plate Glass;tools-home-improvement-building-supplies-building-materials-raw-building-materials-glass-building-material-Plate Glass;;1c5732c8-12cd-462d-978b-aacad3db6edd;True;0;True
Gutter Downspouts;tools-home-improvement-building-supplies-building-materials-roofing-materials-gutters-accessories-Gutter Downspouts;;7efd0234-365b-453c-b7d0-af0d55b1ad64;True;0;True
Gutter Elbows;tools-home-improvement-building-supplies-building-materials-roofing-materials-gutters-accessories-Gutter Elbows;;7efd0234-365b-453c-b7d0-af0d55b1ad64;True;0;True
Gutter Guards;tools-home-improvement-building-supplies-building-materials-roofing-materials-gutters-accessories-Gutter Guards;;7efd0234-365b-453c-b7d0-af0d55b1ad64;True;0;True
Roofing Gutters;tools-home-improvement-building-supplies-building-materials-roofing-materials-gutters-accessories-Roofing Gutters;;7efd0234-365b-453c-b7d0-af0d55b1ad64;True;0;True
Gable Vents;tools-home-improvement-building-supplies-building-materials-roofing-materials-roofing-vents-Gable Vents;;00d561ba-f202-4d6f-95aa-a42825b6165c;True;0;True
Roof Vents;tools-home-improvement-building-supplies-building-materials-roofing-materials-roofing-vents-Roof Vents;;00d561ba-f202-4d6f-95aa-a42825b6165c;True;0;True
Soffit Vents;tools-home-improvement-building-supplies-building-materials-roofing-materials-roofing-vents-Soffit Vents;;00d561ba-f202-4d6f-95aa-a42825b6165c;True;0;True
Ceiling Molding & Trim;tools-home-improvement-building-supplies-building-materials-wood-millwork-wood-moldings-trims-Ceiling Molding & Trim;;caf08d22-9a3f-451b-9fb4-35c97d7376b4;True;0;True
Door Molding & Trim;tools-home-improvement-building-supplies-building-materials-wood-millwork-wood-moldings-trims-Door Molding & Trim;;caf08d22-9a3f-451b-9fb4-35c97d7376b4;True;0;True
Floor Molding & Trim;tools-home-improvement-building-supplies-building-materials-wood-millwork-wood-moldings-trims-Floor Molding & Trim;;caf08d22-9a3f-451b-9fb4-35c97d7376b4;True;0;True
Wall Molding & Trim;tools-home-improvement-building-supplies-building-materials-wood-millwork-wood-moldings-trims-Wall Molding & Trim;;caf08d22-9a3f-451b-9fb4-35c97d7376b4;True;0;True
Window Molding & Trim;tools-home-improvement-building-supplies-building-materials-wood-millwork-wood-moldings-trims-Window Molding & Trim;;caf08d22-9a3f-451b-9fb4-35c97d7376b4;True;0;True
Home Nonprogrammable Thermostats;tools-home-improvement-building-supplies-hvac-home-thermostats-accessories-household-thermostats-Home Nonprogrammable Thermostats;;aa7341bd-20a3-4fed-a44b-4b7bc8a91495;True;0;True
Home Programmable Thermostats;tools-home-improvement-building-supplies-hvac-home-thermostats-accessories-household-thermostats-Home Programmable Thermostats;;aa7341bd-20a3-4fed-a44b-4b7bc8a91495;True;0;True
Fuse Blocks;tools-home-improvement-electrical-equipment-breakers-load-centers-fuses-fuses-fuse-blocks-fuse-holders-Fuse Blocks;;ed795e5c-a807-4a49-8789-3555eedefd97;True;0;True
Fuse Holders;tools-home-improvement-electrical-equipment-breakers-load-centers-fuses-fuses-fuse-blocks-fuse-holders-Fuse Holders;;ed795e5c-a807-4a49-8789-3555eedefd97;True;0;True
Bathroom Sink Drains;tools-home-improvement-kitchen-bath-fixtures-bathroom-fixtures-bathroom-sink-bathtub-accessories-bathroom-sink-bathtub-drains-Bathroom Sink Drains;;ce2ab8d0-a3f9-4a70-93bd-1291994e161b;True;0;True
Bathtub Drains;tools-home-improvement-kitchen-bath-fixtures-bathroom-fixtures-bathroom-sink-bathtub-accessories-bathroom-sink-bathtub-drains-Bathtub Drains;;ce2ab8d0-a3f9-4a70-93bd-1291994e161b;True;0;True
Fixed Showerheads;tools-home-improvement-kitchen-bath-fixtures-bathroom-fixtures-bathtub-faucets-showerheads-showerheads-handheld-showers-Fixed Showerheads;;47ffd43c-09b1-4661-b3c2-469b49ce9c6d;True;0;True
Handheld Showerheads;tools-home-improvement-kitchen-bath-fixtures-bathroom-fixtures-bathtub-faucets-showerheads-showerheads-handheld-showers-Handheld Showerheads;;47ffd43c-09b1-4661-b3c2-469b49ce9c6d;True;0;True
Showerhead Body Sprays;tools-home-improvement-kitchen-bath-fixtures-bathroom-fixtures-bathtub-faucets-showerheads-showerheads-handheld-showers-Showerhead Body Sprays;;47ffd43c-09b1-4661-b3c2-469b49ce9c6d;True;0;True
Showerhead Filters;tools-home-improvement-kitchen-bath-fixtures-bathroom-fixtures-bathtub-faucets-showerheads-showerheads-handheld-showers-Showerhead Filters;;47ffd43c-09b1-4661-b3c2-469b49ce9c6d;True;0;True
One-Piece Toilets;tools-home-improvement-kitchen-bath-fixtures-bathroom-fixtures-toilets-toilet-parts-toilets-One-Piece Toilets;;0c18cd4b-f7de-4d67-a822-18782d036032;True;0;True
Two-Piece Toilets;tools-home-improvement-kitchen-bath-fixtures-bathroom-fixtures-toilets-toilet-parts-toilets-Two-Piece Toilets;;0c18cd4b-f7de-4d67-a822-18782d036032;True;0;True
Double Bowl Kitchen Sinks;tools-home-improvement-kitchen-bath-fixtures-kitchen-fixtures-kitchen-bar-sinks-kitchen-sinks-Double Bowl Kitchen Sinks;;1141d7cc-c868-4134-8476-9020545483cb;True;0;True
Single Bowl Kitchen Sinks;tools-home-improvement-kitchen-bath-fixtures-kitchen-fixtures-kitchen-bar-sinks-kitchen-sinks-Single Bowl Kitchen Sinks;;1141d7cc-c868-4134-8476-9020545483cb;True;0;True
Triple Bowl Kitchen Sinks;tools-home-improvement-kitchen-bath-fixtures-kitchen-fixtures-kitchen-bar-sinks-kitchen-sinks-Triple Bowl Kitchen Sinks;;1141d7cc-c868-4134-8476-9020545483cb;True;0;True
Kitchen Sink Pot Filler Faucets;tools-home-improvement-kitchen-bath-fixtures-kitchen-fixtures-kitchen-faucets-kitchen-sink-faucets-Kitchen Sink Pot Filler Faucets;;2d0659b7-6e8b-455c-88b2-bf5f73f99f63;True;0;True
Touch On Kitchen Sink Faucets;tools-home-improvement-kitchen-bath-fixtures-kitchen-fixtures-kitchen-faucets-kitchen-sink-faucets-Touch On Kitchen Sink Faucets;;2d0659b7-6e8b-455c-88b2-bf5f73f99f63;True;0;True
Touchless Kitchen Sink Faucets;tools-home-improvement-kitchen-bath-fixtures-kitchen-fixtures-kitchen-faucets-kitchen-sink-faucets-Touchless Kitchen Sink Faucets;;2d0659b7-6e8b-455c-88b2-bf5f73f99f63;True;0;True
Pneumatic Hold Down Clamps;automotive-automotive-tools-equipment-hand-tools-clamps-pneumatic-clamps-Pneumatic Hold Down Clamps;;e3ded8c7-acfc-48a0-be90-8bd656c5d1e2;True;0;True
Outdoor Landscaping Stone Masonry Forms;automotive-automotive-tools-equipment-hand-tools-masonry-tools-masonry-forms-Outdoor Landscaping Stone Masonry Forms;;202e39ac-935c-4316-9cec-275e8885723c;True;0;True
Square Drive Sockets;automotive-automotive-tools-equipment-hand-tools-sockets-socket-sets-?ndividual-drive-sockets-Square Drive Sockets;;30debcaf-118d-4690-9c9a-80017adc0082;True;0;True
Star Drive Sockets;automotive-automotive-tools-equipment-hand-tools-sockets-socket-sets-?ndividual-drive-sockets-Star Drive Sockets;;30debcaf-118d-4690-9c9a-80017adc0082;True;0;True
Triple Square Drive Sockets;automotive-automotive-tools-equipment-hand-tools-sockets-socket-sets-?ndividual-drive-sockets-Triple Square Drive Sockets;;30debcaf-118d-4690-9c9a-80017adc0082;True;0;True
Power Tool Battery Chargers;tools-home-improvement-power-tools-hand-tools-power-tool-parts-accessories-cordless-power-tool-battery-packs-chargers-cordless-tool-chargers-converters-Power Tool Battery Chargers;;46eea5f0-36cc-4983-8090-2bb0b7807e6f;True;0;True
Power Tool Battery Converters;tools-home-improvement-power-tools-hand-tools-power-tool-parts-accessories-cordless-power-tool-battery-packs-chargers-cordless-tool-chargers-converters-Power Tool Battery Converters;;46eea5f0-36cc-4983-8090-2bb0b7807e6f;True;0;True
Auger Drill Bits;tools-home-improvement-power-tools-hand-tools-power-tool-parts-accessories-power-drill-parts-accessories-drill-bits-Auger Drill Bits;;caa77c77-9ec0-4b64-8efd-b326f0b5ac7f;True;0;True
Boring Drill Bits;tools-home-improvement-power-tools-hand-tools-power-tool-parts-accessories-power-drill-parts-accessories-drill-bits-Boring Drill Bits;;caa77c77-9ec0-4b64-8efd-b326f0b5ac7f;True;0;True
Brad-Point Drill Bits;tools-home-improvement-power-tools-hand-tools-power-tool-parts-accessories-power-drill-parts-accessories-drill-bits-Brad-Point Drill Bits;;caa77c77-9ec0-4b64-8efd-b326f0b5ac7f;True;0;True
Core Drill Bits;tools-home-improvement-power-tools-hand-tools-power-tool-parts-accessories-power-drill-parts-accessories-drill-bits-Core Drill Bits;;caa77c77-9ec0-4b64-8efd-b326f0b5ac7f;True;0;True
Countersink Drill Bits;tools-home-improvement-power-tools-hand-tools-power-tool-parts-accessories-power-drill-parts-accessories-drill-bits-Countersink Drill Bits;;caa77c77-9ec0-4b64-8efd-b326f0b5ac7f;True;0;True
Forstner Drill Bits;tools-home-improvement-power-tools-hand-tools-power-tool-parts-accessories-power-drill-parts-accessories-drill-bits-Forstner Drill Bits;;caa77c77-9ec0-4b64-8efd-b326f0b5ac7f;True;0;True
Installer Drill Bits;tools-home-improvement-power-tools-hand-tools-power-tool-parts-accessories-power-drill-parts-accessories-drill-bits-Installer Drill Bits;;caa77c77-9ec0-4b64-8efd-b326f0b5ac7f;True;0;True
Masonry Drill Bits;tools-home-improvement-power-tools-hand-tools-power-tool-parts-accessories-power-drill-parts-accessories-drill-bits-Masonry Drill Bits;;caa77c77-9ec0-4b64-8efd-b326f0b5ac7f;True;0;True
Masonry Drill Bits;tools-home-improvement-power-tools-hand-tools-power-tool-parts-accessories-power-drill-parts-accessories-drill-bits-Masonry Drill Bits;;caa77c77-9ec0-4b64-8efd-b326f0b5ac7f;True;0;True
Masonry Drill Bits;tools-home-improvement-power-tools-hand-tools-power-tool-parts-accessories-power-drill-parts-accessories-drill-bits-Masonry Drill Bits;;caa77c77-9ec0-4b64-8efd-b326f0b5ac7f;True;0;True
Self-Feed Drill Bits;tools-home-improvement-power-tools-hand-tools-power-tool-parts-accessories-power-drill-parts-accessories-drill-bits-Self-Feed Drill Bits;;caa77c77-9ec0-4b64-8efd-b326f0b5ac7f;True;0;True
Spade Drill Bits;tools-home-improvement-power-tools-hand-tools-power-tool-parts-accessories-power-drill-parts-accessories-drill-bits-Spade Drill Bits;;caa77c77-9ec0-4b64-8efd-b326f0b5ac7f;True;0;True
Twist Drill Bits;tools-home-improvement-power-tools-hand-tools-power-tool-parts-accessories-power-drill-parts-accessories-drill-bits-Twist Drill Bits;;caa77c77-9ec0-4b64-8efd-b326f0b5ac7f;True;0;True
Twist Drill Bits;tools-home-improvement-power-tools-hand-tools-power-tool-parts-accessories-power-drill-parts-accessories-drill-bits-Twist Drill Bits;;caa77c77-9ec0-4b64-8efd-b326f0b5ac7f;True;0;True
Twist Drill Bits;tools-home-improvement-power-tools-hand-tools-power-tool-parts-accessories-power-drill-parts-accessories-drill-bits-Twist Drill Bits;;caa77c77-9ec0-4b64-8efd-b326f0b5ac7f;True;0;True
Twist Drill Bits;tools-home-improvement-power-tools-hand-tools-power-tool-parts-accessories-power-drill-parts-accessories-drill-bits-Twist Drill Bits;;caa77c77-9ec0-4b64-8efd-b326f0b5ac7f;True;0;True
Twist Drill Bits;tools-home-improvement-power-tools-hand-tools-power-tool-parts-accessories-power-drill-parts-accessories-drill-bits-Twist Drill Bits;;caa77c77-9ec0-4b64-8efd-b326f0b5ac7f;True;0;True
Twist Drill Bits;tools-home-improvement-power-tools-hand-tools-power-tool-parts-accessories-power-drill-parts-accessories-drill-bits-Twist Drill Bits;;caa77c77-9ec0-4b64-8efd-b326f0b5ac7f;True;0;True
Twist Drill Bits;tools-home-improvement-power-tools-hand-tools-power-tool-parts-accessories-power-drill-parts-accessories-drill-bits-Twist Drill Bits;;caa77c77-9ec0-4b64-8efd-b326f0b5ac7f;True;0;True
Hole Saw Arbors;tools-home-improvement-power-tools-hand-tools-power-tool-parts-accessories-power-drill-parts-accessories-hole-saws-accessories-Hole Saw Arbors;;a36ca3e6-ca77-49b8-a32e-767a4100c9fc;True;0;True
Hole Saw Extensions;tools-home-improvement-power-tools-hand-tools-power-tool-parts-accessories-power-drill-parts-accessories-hole-saws-accessories-Hole Saw Extensions;;a36ca3e6-ca77-49b8-a32e-767a4100c9fc;True;0;True
Hole Saw Pilot Bits;tools-home-improvement-power-tools-hand-tools-power-tool-parts-accessories-power-drill-parts-accessories-hole-saws-accessories-Hole Saw Pilot Bits;;a36ca3e6-ca77-49b8-a32e-767a4100c9fc;True;0;True
Hole Saw Sets & Kits;tools-home-improvement-power-tools-hand-tools-power-tool-parts-accessories-power-drill-parts-accessories-hole-saws-accessories-Hole Saw Sets & Kits;;a36ca3e6-ca77-49b8-a32e-767a4100c9fc;True;0;True
Hole Saws;tools-home-improvement-power-tools-hand-tools-power-tool-parts-accessories-power-drill-parts-accessories-hole-saws-accessories-Hole Saws;;a36ca3e6-ca77-49b8-a32e-767a4100c9fc;True;0;True
Detail Sander Paper;tools-home-improvement-power-tools-hand-tools-power-tool-parts-accessories-power-finishing-tool-parts-accessories-power-sander-parts-accessories-Detail Sander Paper;;b7b0d572-1ebf-4de2-8d99-6ff80bdeb4cf;True;0;True
Power Sander Accessories;tools-home-improvement-power-tools-hand-tools-power-tool-parts-accessories-power-finishing-tool-parts-accessories-power-sander-parts-accessories-Power Sander Accessories;;b7b0d572-1ebf-4de2-8d99-6ff80bdeb4cf;True;0;True
Power Sander Replacement Parts;tools-home-improvement-power-tools-hand-tools-power-tool-parts-accessories-power-finishing-tool-parts-accessories-power-sander-parts-accessories-Power Sander Replacement Parts;;b7b0d572-1ebf-4de2-8d99-6ff80bdeb4cf;True;0;True
Power Sanding Discs;tools-home-improvement-power-tools-hand-tools-power-tool-parts-accessories-power-finishing-tool-parts-accessories-power-sander-parts-accessories-Power Sanding Discs;;b7b0d572-1ebf-4de2-8d99-6ff80bdeb4cf;True;0;True
Power Sanding Discs;tools-home-improvement-power-tools-hand-tools-power-tool-parts-accessories-power-finishing-tool-parts-accessories-power-sander-parts-accessories-Power Sanding Discs;;b7b0d572-1ebf-4de2-8d99-6ff80bdeb4cf;True;0;True
Power Sanding Discs;tools-home-improvement-power-tools-hand-tools-power-tool-parts-accessories-power-finishing-tool-parts-accessories-power-sander-parts-accessories-Power Sanding Discs;;b7b0d572-1ebf-4de2-8d99-6ff80bdeb4cf;True;0;True
Power Sanding Discs;tools-home-improvement-power-tools-hand-tools-power-tool-parts-accessories-power-finishing-tool-parts-accessories-power-sander-parts-accessories-Power Sanding Discs;;b7b0d572-1ebf-4de2-8d99-6ff80bdeb4cf;True;0;True
Power Sanding Discs;tools-home-improvement-power-tools-hand-tools-power-tool-parts-accessories-power-finishing-tool-parts-accessories-power-sander-parts-accessories-Power Sanding Discs;;b7b0d572-1ebf-4de2-8d99-6ff80bdeb4cf;True;0;True
Power Sanding Sleeves;tools-home-improvement-power-tools-hand-tools-power-tool-parts-accessories-power-finishing-tool-parts-accessories-power-sander-parts-accessories-Power Sanding Sleeves;;b7b0d572-1ebf-4de2-8d99-6ff80bdeb4cf;True;0;True
Sander Belts;tools-home-improvement-power-tools-hand-tools-power-tool-parts-accessories-power-finishing-tool-parts-accessories-power-sander-parts-accessories-Sander Belts;;b7b0d572-1ebf-4de2-8d99-6ff80bdeb4cf;True;0;True
Sander Sheets;tools-home-improvement-power-tools-hand-tools-power-tool-parts-accessories-power-finishing-tool-parts-accessories-power-sander-parts-accessories-Sander Sheets;;b7b0d572-1ebf-4de2-8d99-6ff80bdeb4cf;True;0;True
Double End Screwdriver Bits;tools-home-improvement-power-tools-hand-tools-power-tool-parts-accessories-power-screwdriver-accessories-screwdriver-bits-Double End Screwdriver Bits;;49c55139-b33c-41f7-88f4-399094d46738;True;0;True
Extension Screwdriver Bits;tools-home-improvement-power-tools-hand-tools-power-tool-parts-accessories-power-screwdriver-accessories-screwdriver-bits-Extension Screwdriver Bits;;49c55139-b33c-41f7-88f4-399094d46738;True;0;True
Nut Driver Screwdriver Bits;tools-home-improvement-power-tools-hand-tools-power-tool-parts-accessories-power-screwdriver-accessories-screwdriver-bits-Nut Driver Screwdriver Bits;;49c55139-b33c-41f7-88f4-399094d46738;True;0;True
Socket Screwdriver Bits;tools-home-improvement-power-tools-hand-tools-power-tool-parts-accessories-power-screwdriver-accessories-screwdriver-bits-Socket Screwdriver Bits;;49c55139-b33c-41f7-88f4-399094d46738;True;0;True
Specialty Screwdriver Bits;tools-home-improvement-power-tools-hand-tools-power-tool-parts-accessories-power-screwdriver-accessories-screwdriver-bits-Specialty Screwdriver Bits;;49c55139-b33c-41f7-88f4-399094d46738;True;0;True
Edge Treatment & Grooving Router Bits;tools-home-improvement-power-tools-hand-tools-power-tool-parts-accessories-router-parts-accessories-router-bits-Edge Treatment & Grooving Router Bits;;251c7ce3-c9af-466c-9076-1f2f6802433b;True;0;True
Joinery Router Bits;tools-home-improvement-power-tools-hand-tools-power-tool-parts-accessories-router-parts-accessories-router-bits-Joinery Router Bits;;251c7ce3-c9af-466c-9076-1f2f6802433b;True;0;True
Router Bearings & Bit-Repair Parts;tools-home-improvement-power-tools-hand-tools-power-tool-parts-accessories-router-parts-accessories-router-bits-Router Bearings & Bit-Repair Parts;;251c7ce3-c9af-466c-9076-1f2f6802433b;True;0;True
Router Door & Window Bits;tools-home-improvement-power-tools-hand-tools-power-tool-parts-accessories-router-parts-accessories-router-bits-Router Door & Window Bits;;251c7ce3-c9af-466c-9076-1f2f6802433b;True;0;True
Solid Surface Router Bits;tools-home-improvement-power-tools-hand-tools-power-tool-parts-accessories-router-parts-accessories-router-bits-Solid Surface Router Bits;;251c7ce3-c9af-466c-9076-1f2f6802433b;True;0;True
Straight, Spiral & Trim Bits;tools-home-improvement-power-tools-hand-tools-power-tool-parts-accessories-router-parts-accessories-router-bits-Straight, Spiral & Trim Bits;;251c7ce3-c9af-466c-9076-1f2f6802433b;True;0;True
Straight, Spiral & Trim Bits;tools-home-improvement-power-tools-hand-tools-power-tool-parts-accessories-router-parts-accessories-router-bits-Straight, Spiral & Trim Bits;;251c7ce3-c9af-466c-9076-1f2f6802433b;True;0;True
Straight, Spiral & Trim Bits;tools-home-improvement-power-tools-hand-tools-power-tool-parts-accessories-router-parts-accessories-router-bits-Straight, Spiral & Trim Bits;;251c7ce3-c9af-466c-9076-1f2f6802433b;True;0;True
Straight, Spiral & Trim Bits;tools-home-improvement-power-tools-hand-tools-power-tool-parts-accessories-router-parts-accessories-router-bits-Straight, Spiral & Trim Bits;;251c7ce3-c9af-466c-9076-1f2f6802433b;True;0;True
Band Saw Accessories;tools-home-improvement-power-tools-hand-tools-power-tool-parts-accessories-saw-blades,-parts-accessories-power-tool-saw-accessories-Band Saw Accessories;;85162699-5095-4ddb-8c46-568009acfa72;True;0;True
Circular Saw Accessories;tools-home-improvement-power-tools-hand-tools-power-tool-parts-accessories-saw-blades,-parts-accessories-power-tool-saw-accessories-Circular Saw Accessories;;85162699-5095-4ddb-8c46-568009acfa72;True;0;True
Jig Saw Accessories;tools-home-improvement-power-tools-hand-tools-power-tool-parts-accessories-saw-blades,-parts-accessories-power-tool-saw-accessories-Jig Saw Accessories;;85162699-5095-4ddb-8c46-568009acfa72;True;0;True
Miter Saw Accessories;tools-home-improvement-power-tools-hand-tools-power-tool-parts-accessories-saw-blades,-parts-accessories-power-tool-saw-accessories-Miter Saw Accessories;;85162699-5095-4ddb-8c46-568009acfa72;True;0;True
Power Saw Fences;tools-home-improvement-power-tools-hand-tools-power-tool-parts-accessories-saw-blades,-parts-accessories-power-tool-saw-accessories-Power Saw Fences;;85162699-5095-4ddb-8c46-568009acfa72;True;0;True
Reciprocating Saw Accessories;tools-home-improvement-power-tools-hand-tools-power-tool-parts-accessories-saw-blades,-parts-accessories-power-tool-saw-accessories-Reciprocating Saw Accessories;;85162699-5095-4ddb-8c46-568009acfa72;True;0;True
Scroll Saw Accessories;tools-home-improvement-power-tools-hand-tools-power-tool-parts-accessories-saw-blades,-parts-accessories-power-tool-saw-accessories-Scroll Saw Accessories;;85162699-5095-4ddb-8c46-568009acfa72;True;0;True
Table Saw Accessories;tools-home-improvement-power-tools-hand-tools-power-tool-parts-accessories-saw-blades,-parts-accessories-power-tool-saw-accessories-Table Saw Accessories;;85162699-5095-4ddb-8c46-568009acfa72;True;0;True
Tile & Masonry Saw Accessories;tools-home-improvement-power-tools-hand-tools-power-tool-parts-accessories-saw-blades,-parts-accessories-power-tool-saw-accessories-Tile & Masonry Saw Accessories;;85162699-5095-4ddb-8c46-568009acfa72;True;0;True
Band Saw Blades;tools-home-improvement-power-tools-hand-tools-power-tool-parts-accessories-saw-blades,-parts-accessories-power-tool-saw-blades-Band Saw Blades;;075a6d90-98f0-46e5-83f7-abb0de731710;True;0;True
Circular Saw Blades;tools-home-improvement-power-tools-hand-tools-power-tool-parts-accessories-saw-blades,-parts-accessories-power-tool-saw-blades-Circular Saw Blades;;075a6d90-98f0-46e5-83f7-abb0de731710;True;0;True
Diamond Saw Blades;tools-home-improvement-power-tools-hand-tools-power-tool-parts-accessories-saw-blades,-parts-accessories-power-tool-saw-blades-Diamond Saw Blades;;075a6d90-98f0-46e5-83f7-abb0de731710;True;0;True
Jig Saw Blades;tools-home-improvement-power-tools-hand-tools-power-tool-parts-accessories-saw-blades,-parts-accessories-power-tool-saw-blades-Jig Saw Blades;;075a6d90-98f0-46e5-83f7-abb0de731710;True;0;True
Jointer Knives;tools-home-improvement-power-tools-hand-tools-power-tool-parts-accessories-saw-blades,-parts-accessories-power-tool-saw-blades-Jointer Knives;;075a6d90-98f0-46e5-83f7-abb0de731710;True;0;True
Miter Saw Blades;tools-home-improvement-power-tools-hand-tools-power-tool-parts-accessories-saw-blades,-parts-accessories-power-tool-saw-blades-Miter Saw Blades;;075a6d90-98f0-46e5-83f7-abb0de731710;True;0;True
Power Planer Knives;tools-home-improvement-power-tools-hand-tools-power-tool-parts-accessories-saw-blades,-parts-accessories-power-tool-saw-blades-Power Planer Knives;;075a6d90-98f0-46e5-83f7-abb0de731710;True;0;True
Reciprocating Saw Blades;tools-home-improvement-power-tools-hand-tools-power-tool-parts-accessories-saw-blades,-parts-accessories-power-tool-saw-blades-Reciprocating Saw Blades;;075a6d90-98f0-46e5-83f7-abb0de731710;True;0;True
Scroll Saw Blades;tools-home-improvement-power-tools-hand-tools-power-tool-parts-accessories-saw-blades,-parts-accessories-power-tool-saw-blades-Scroll Saw Blades;;075a6d90-98f0-46e5-83f7-abb0de731710;True;0;True
Table Saw Blades;tools-home-improvement-power-tools-hand-tools-power-tool-parts-accessories-saw-blades,-parts-accessories-power-tool-saw-blades-Table Saw Blades;;075a6d90-98f0-46e5-83f7-abb0de731710;True;0;True
Power Hammer Drills;tools-home-improvement-power-tools-hand-tools-power-tools-power-drills-power-demolition-drills-hammers-Power Hammer Drills;;b60d8643-ed0e-4396-bdcd-35a95e3ba917;True;0;True
Power Rotary Hammers;tools-home-improvement-power-tools-hand-tools-power-tools-power-drills-power-demolition-drills-hammers-Power Rotary Hammers;;b60d8643-ed0e-4396-bdcd-35a95e3ba917;True;0;True
Power Brad Nailers;tools-home-improvement-power-tools-hand-tools-power-tools-power-nailers-staplers-power-nailers-Power Brad Nailers;;3b23cb99-a012-454c-92d0-9bb51c9b55a4;True;0;True
Power Finish Nailers;tools-home-improvement-power-tools-hand-tools-power-tools-power-nailers-staplers-power-nailers-Power Finish Nailers;;3b23cb99-a012-454c-92d0-9bb51c9b55a4;True;0;True
Power Flooring Nailers;tools-home-improvement-power-tools-hand-tools-power-tools-power-nailers-staplers-power-nailers-Power Flooring Nailers;;3b23cb99-a012-454c-92d0-9bb51c9b55a4;True;0;True
Power Framing Nailers;tools-home-improvement-power-tools-hand-tools-power-tools-power-nailers-staplers-power-nailers-Power Framing Nailers;;3b23cb99-a012-454c-92d0-9bb51c9b55a4;True;0;True
Power Pinners;tools-home-improvement-power-tools-hand-tools-power-tools-power-nailers-staplers-power-nailers-Power Pinners;;3b23cb99-a012-454c-92d0-9bb51c9b55a4;True;0;True
Power Roofing Nailers;tools-home-improvement-power-tools-hand-tools-power-tools-power-nailers-staplers-power-nailers-Power Roofing Nailers;;3b23cb99-a012-454c-92d0-9bb51c9b55a4;True;0;True
Power Siding Nailers;tools-home-improvement-power-tools-hand-tools-power-tools-power-nailers-staplers-power-nailers-Power Siding Nailers;;3b23cb99-a012-454c-92d0-9bb51c9b55a4;True;0;True
Power Construction Staplers;tools-home-improvement-power-tools-hand-tools-power-tools-power-nailers-staplers-power-staplers-Power Construction Staplers;;961fb411-76e4-4fff-9350-9804341c81e6;True;0;True
Power Finish Staplers;tools-home-improvement-power-tools-hand-tools-power-tools-power-nailers-staplers-power-staplers-Power Finish Staplers;;961fb411-76e4-4fff-9350-9804341c81e6;True;0;True
Power Upholstery Staplers;tools-home-improvement-power-tools-hand-tools-power-tools-power-nailers-staplers-power-staplers-Power Upholstery Staplers;;961fb411-76e4-4fff-9350-9804341c81e6;True;0;True
Anti-Vibration Safety Gloves;tools-home-improvement-safety-security-personal-protective-equipment-safety-gear-hand-arm-protection-lab,-safety-work-gloves-Anti-Vibration Safety Gloves;;254e747b-d71b-476f-adc3-4a275cf86481;True;0;True
Chemical Resistant Gloves;tools-home-improvement-safety-security-personal-protective-equipment-safety-gear-hand-arm-protection-lab,-safety-work-gloves-Chemical Resistant Gloves;;254e747b-d71b-476f-adc3-4a275cf86481;True;0;True
Cleanroom Gloves;tools-home-improvement-safety-security-personal-protective-equipment-safety-gear-hand-arm-protection-lab,-safety-work-gloves-Cleanroom Gloves;;254e747b-d71b-476f-adc3-4a275cf86481;True;0;True
Controlled Environment Gloves;tools-home-improvement-safety-security-personal-protective-equipment-safety-gear-hand-arm-protection-lab,-safety-work-gloves-Controlled Environment Gloves;;254e747b-d71b-476f-adc3-4a275cf86481;True;0;True
Cryogenic Gloves;tools-home-improvement-safety-security-personal-protective-equipment-safety-gear-hand-arm-protection-lab,-safety-work-gloves-Cryogenic Gloves;;254e747b-d71b-476f-adc3-4a275cf86481;True;0;True
Cut Resistant Gloves;tools-home-improvement-safety-security-personal-protective-equipment-safety-gear-hand-arm-protection-lab,-safety-work-gloves-Cut Resistant Gloves;;254e747b-d71b-476f-adc3-4a275cf86481;True;0;True
Disposable Safety Gloves;tools-home-improvement-safety-security-personal-protective-equipment-safety-gear-hand-arm-protection-lab,-safety-work-gloves-Disposable Safety Gloves;;254e747b-d71b-476f-adc3-4a275cf86481;True;0;True
Disposable Safety Gloves;tools-home-improvement-safety-security-personal-protective-equipment-safety-gear-hand-arm-protection-lab,-safety-work-gloves-Disposable Safety Gloves;;254e747b-d71b-476f-adc3-4a275cf86481;True;0;True
Disposable Safety Gloves;tools-home-improvement-safety-security-personal-protective-equipment-safety-gear-hand-arm-protection-lab,-safety-work-gloves-Disposable Safety Gloves;;254e747b-d71b-476f-adc3-4a275cf86481;True;0;True
Glove Liners;tools-home-improvement-safety-security-personal-protective-equipment-safety-gear-hand-arm-protection-lab,-safety-work-gloves-Glove Liners;;254e747b-d71b-476f-adc3-4a275cf86481;True;0;True
Impact Reducing Safety Gloves;tools-home-improvement-safety-security-personal-protective-equipment-safety-gear-hand-arm-protection-lab,-safety-work-gloves-Impact Reducing Safety Gloves;;254e747b-d71b-476f-adc3-4a275cf86481;True;0;True
Safety Work Gloves;tools-home-improvement-safety-security-personal-protective-equipment-safety-gear-hand-arm-protection-lab,-safety-work-gloves-Safety Work Gloves;;254e747b-d71b-476f-adc3-4a275cf86481;True;0;True
Welding Gloves;tools-home-improvement-safety-security-personal-protective-equipment-safety-gear-hand-arm-protection-lab,-safety-work-gloves-Welding Gloves;;254e747b-d71b-476f-adc3-4a275cf86481;True;0;True
Lab Coveralls;tools-home-improvement-safety-security-personal-protective-equipment-safety-gear-protective-safety-workwear-safety-apparel-Lab Coveralls;;323b7ac9-3d6b-495b-a4ed-cbac7e3c4b5c;True;0;True
Lab Gowns;tools-home-improvement-safety-security-personal-protective-equipment-safety-gear-protective-safety-workwear-safety-apparel-Lab Gowns;;323b7ac9-3d6b-495b-a4ed-cbac7e3c4b5c;True;0;True
Safety Aprons;tools-home-improvement-safety-security-personal-protective-equipment-safety-gear-protective-safety-workwear-safety-apparel-Safety Aprons;;323b7ac9-3d6b-495b-a4ed-cbac7e3c4b5c;True;0;True
Safety Jackets;tools-home-improvement-safety-security-personal-protective-equipment-safety-gear-protective-safety-workwear-safety-apparel-Safety Jackets;;323b7ac9-3d6b-495b-a4ed-cbac7e3c4b5c;True;0;True
Safety Overalls;tools-home-improvement-safety-security-personal-protective-equipment-safety-gear-protective-safety-workwear-safety-apparel-Safety Overalls;;323b7ac9-3d6b-495b-a4ed-cbac7e3c4b5c;True;0;True
Safety Pants;tools-home-improvement-safety-security-personal-protective-equipment-safety-gear-protective-safety-workwear-safety-apparel-Safety Pants;;323b7ac9-3d6b-495b-a4ed-cbac7e3c4b5c;True;0;True
Safety Shirts;tools-home-improvement-safety-security-personal-protective-equipment-safety-gear-protective-safety-workwear-safety-apparel-Safety Shirts;;323b7ac9-3d6b-495b-a4ed-cbac7e3c4b5c;True;0;True
Safety Vests;tools-home-improvement-safety-security-personal-protective-equipment-safety-gear-protective-safety-workwear-safety-apparel-Safety Vests;;323b7ac9-3d6b-495b-a4ed-cbac7e3c4b5c;True;0;True
Disposable Respirator Safety Masks;tools-home-improvement-safety-security-personal-protective-equipment-safety-gear-safety-masks-respirators-respirators-Disposable Respirator Safety Masks;;ecbdc34b-6efd-479e-84b9-236b5e2510d0;True;0;True
Reusable Respirators;tools-home-improvement-safety-security-personal-protective-equipment-safety-gear-safety-masks-respirators-respirators-Reusable Respirators;;ecbdc34b-6efd-479e-84b9-236b5e2510d0;True;0;True
Soldering Extraction Tools;tools-home-improvement-welding-soldering-soldering-brazing-equipment-soldering-parts-accessories-soldering-?nserts-extractors-Soldering Extraction Tools;;6db3d2cc-f3da-4fc6-b437-55ff3f5e5dc4;True;0;True
Soldering Insertion-Extraction Tools;tools-home-improvement-welding-soldering-soldering-brazing-equipment-soldering-parts-accessories-soldering-?nserts-extractors-Soldering Insertion-Extraction Tools;;6db3d2cc-f3da-4fc6-b437-55ff3f5e5dc4;True;0;True
Arc Welding Nozzles;tools-home-improvement-welding-soldering-welding-equipment-welding-equipment-accessories-arc-welding-equipment-Arc Welding Nozzles;;26537ebd-62ce-4be4-aa36-edc59e244d1d;True;0;True
Arc Welding Rods;tools-home-improvement-welding-soldering-welding-equipment-welding-equipment-accessories-arc-welding-equipment-Arc Welding Rods;;26537ebd-62ce-4be4-aa36-edc59e244d1d;True;0;True
Arc Welding Stick Electrodes;tools-home-improvement-welding-soldering-welding-equipment-welding-equipment-accessories-arc-welding-equipment-Arc Welding Stick Electrodes;;26537ebd-62ce-4be4-aa36-edc59e244d1d;True;0;True
Arc Welding Tips;tools-home-improvement-welding-soldering-welding-equipment-welding-equipment-accessories-arc-welding-equipment-Arc Welding Tips;;26537ebd-62ce-4be4-aa36-edc59e244d1d;True;0;True
Gas Welding Hoses;tools-home-improvement-welding-soldering-welding-equipment-welding-equipment-accessories-gas-welding-equipment-Gas Welding Hoses;;a89e53ef-37ac-476d-bd7d-95efc9d1df8e;True;0;True
Gas Welding Kits;tools-home-improvement-welding-soldering-welding-equipment-welding-equipment-accessories-gas-welding-equipment-Gas Welding Kits;;a89e53ef-37ac-476d-bd7d-95efc9d1df8e;True;0;True
Gas Welding Tips;tools-home-improvement-welding-soldering-welding-equipment-welding-equipment-accessories-gas-welding-equipment-Gas Welding Tips;;a89e53ef-37ac-476d-bd7d-95efc9d1df8e;True;0;True
Gas Welding Torches;tools-home-improvement-welding-soldering-welding-equipment-welding-equipment-accessories-gas-welding-equipment-Gas Welding Torches;;a89e53ef-37ac-476d-bd7d-95efc9d1df8e;True;0;True
Gas Welding Torches;tools-home-improvement-welding-soldering-welding-equipment-welding-equipment-accessories-gas-welding-equipment-Gas Welding Torches;;a89e53ef-37ac-476d-bd7d-95efc9d1df8e;True;0;True
Gas Welding Torches;tools-home-improvement-welding-soldering-welding-equipment-welding-equipment-accessories-gas-welding-equipment-Gas Welding Torches;;a89e53ef-37ac-476d-bd7d-95efc9d1df8e;True;0;True
Gas Welding Valves;tools-home-improvement-welding-soldering-welding-equipment-welding-equipment-accessories-gas-welding-equipment-Gas Welding Valves;;a89e53ef-37ac-476d-bd7d-95efc9d1df8e;True;0;True
Welding Fuel Cylinders;tools-home-improvement-welding-soldering-welding-equipment-welding-equipment-accessories-gas-welding-equipment-Welding Fuel Cylinders;;a89e53ef-37ac-476d-bd7d-95efc9d1df8e;True;0;True
Welding Gas Regulators;tools-home-improvement-welding-soldering-welding-equipment-welding-equipment-accessories-gas-welding-equipment-Welding Gas Regulators;;a89e53ef-37ac-476d-bd7d-95efc9d1df8e;True;0;True
Non Sports Trading Card Boxes;toys-games-collectible-toys-trading-cards-accessories-collectible-trading-cards-non-sports-trading-cards-Non Sports Trading Card Boxes;;39fc0e89-740b-4371-b000-f52ff19c54ad;True;0;True
Non Sports Trading Card Packs;toys-games-collectible-toys-trading-cards-accessories-collectible-trading-cards-non-sports-trading-cards-Non Sports Trading Card Packs;;39fc0e89-740b-4371-b000-f52ff19c54ad;True;0;True
Non Sports Trading Card Singles;toys-games-collectible-toys-trading-cards-accessories-collectible-trading-cards-non-sports-trading-cards-Non Sports Trading Card Singles;;39fc0e89-740b-4371-b000-f52ff19c54ad;True;0;True
Toy Tea Sets;toys-games-dress-up-pretend-play-pretend-play-toy-kitchen-products-toy-dishes-tea-sets-Toy Tea Sets;;28f594c3-fe1f-433a-b5d2-6bb3874a9dc5;True;0;True
Collectible Card Screwdowns;toys-games-games-accessories-card-games-collectible-card-games-collectible-trading-card-albums,-cases-sleeves-Collectible Card Screwdowns;;51693955-df2b-487e-8200-83940ed2d161;True;0;True
Collectible Trading Card Albums;toys-games-games-accessories-card-games-collectible-card-games-collectible-trading-card-albums,-cases-sleeves-Collectible Trading Card Albums;;51693955-df2b-487e-8200-83940ed2d161;True;0;True
Collectible Trading Card Cases;toys-games-games-accessories-card-games-collectible-card-games-collectible-trading-card-albums,-cases-sleeves-Collectible Trading Card Cases;;51693955-df2b-487e-8200-83940ed2d161;True;0;True
Collectible Trading Card Protective Sleeves;toys-games-games-accessories-card-games-collectible-card-games-collectible-trading-card-albums,-cases-sleeves-Collectible Trading Card Protective Sleeves;;51693955-df2b-487e-8200-83940ed2d161;True;0;True
Radio Control Vehicle Speed Controls;toys-games-hobbies-hobby-remote-app-controlled-vehicles-parts-hobby-remote-app-controlled-vehicle-parts-rc-power-plant-driveline-systems-Radio Control Vehicle Speed Controls;;ddedec7c-e8ba-4eab-9be6-4717d4bf3b10;True;0;True
RC Electric Motors & Parts;toys-games-hobbies-hobby-remote-app-controlled-vehicles-parts-hobby-remote-app-controlled-vehicle-parts-rc-power-plant-driveline-systems-RC Electric Motors & Parts;;ddedec7c-e8ba-4eab-9be6-4717d4bf3b10;True;0;True
RC Electric Motors & Parts;toys-games-hobbies-hobby-remote-app-controlled-vehicles-parts-hobby-remote-app-controlled-vehicle-parts-rc-power-plant-driveline-systems-RC Electric Motors & Parts;;ddedec7c-e8ba-4eab-9be6-4717d4bf3b10;True;0;True
RC Electric Motors & Parts;toys-games-hobbies-hobby-remote-app-controlled-vehicles-parts-hobby-remote-app-controlled-vehicle-parts-rc-power-plant-driveline-systems-RC Electric Motors & Parts;;ddedec7c-e8ba-4eab-9be6-4717d4bf3b10;True;0;True
RC Electric Motors & Parts;toys-games-hobbies-hobby-remote-app-controlled-vehicles-parts-hobby-remote-app-controlled-vehicle-parts-rc-power-plant-driveline-systems-RC Electric Motors & Parts;;ddedec7c-e8ba-4eab-9be6-4717d4bf3b10;True;0;True
RC Electric Motors & Parts;toys-games-hobbies-hobby-remote-app-controlled-vehicles-parts-hobby-remote-app-controlled-vehicle-parts-rc-power-plant-driveline-systems-RC Electric Motors & Parts;;ddedec7c-e8ba-4eab-9be6-4717d4bf3b10;True;0;True
RC Engines & Parts;toys-games-hobbies-hobby-remote-app-controlled-vehicles-parts-hobby-remote-app-controlled-vehicle-parts-rc-power-plant-driveline-systems-RC Engines & Parts;;ddedec7c-e8ba-4eab-9be6-4717d4bf3b10;True;0;True
RC Engines & Parts;toys-games-hobbies-hobby-remote-app-controlled-vehicles-parts-hobby-remote-app-controlled-vehicle-parts-rc-power-plant-driveline-systems-RC Engines & Parts;;ddedec7c-e8ba-4eab-9be6-4717d4bf3b10;True;0;True
RC Engines & Parts;toys-games-hobbies-hobby-remote-app-controlled-vehicles-parts-hobby-remote-app-controlled-vehicle-parts-rc-power-plant-driveline-systems-RC Engines & Parts;;ddedec7c-e8ba-4eab-9be6-4717d4bf3b10;True;0;True
RC Engines & Parts;toys-games-hobbies-hobby-remote-app-controlled-vehicles-parts-hobby-remote-app-controlled-vehicle-parts-rc-power-plant-driveline-systems-RC Engines & Parts;;ddedec7c-e8ba-4eab-9be6-4717d4bf3b10;True;0;True
RC Engines & Parts;toys-games-hobbies-hobby-remote-app-controlled-vehicles-parts-hobby-remote-app-controlled-vehicle-parts-rc-power-plant-driveline-systems-RC Engines & Parts;;ddedec7c-e8ba-4eab-9be6-4717d4bf3b10;True;0;True
RC Engines & Parts;toys-games-hobbies-hobby-remote-app-controlled-vehicles-parts-hobby-remote-app-controlled-vehicle-parts-rc-power-plant-driveline-systems-RC Engines & Parts;;ddedec7c-e8ba-4eab-9be6-4717d4bf3b10;True;0;True
RC Engines & Parts;toys-games-hobbies-hobby-remote-app-controlled-vehicles-parts-hobby-remote-app-controlled-vehicle-parts-rc-power-plant-driveline-systems-RC Engines & Parts;;ddedec7c-e8ba-4eab-9be6-4717d4bf3b10;True;0;True
RC Engines & Parts;toys-games-hobbies-hobby-remote-app-controlled-vehicles-parts-hobby-remote-app-controlled-vehicle-parts-rc-power-plant-driveline-systems-RC Engines & Parts;;ddedec7c-e8ba-4eab-9be6-4717d4bf3b10;True;0;True
RC Engines & Parts;toys-games-hobbies-hobby-remote-app-controlled-vehicles-parts-hobby-remote-app-controlled-vehicle-parts-rc-power-plant-driveline-systems-RC Engines & Parts;;ddedec7c-e8ba-4eab-9be6-4717d4bf3b10;True;0;True
RC Engines & Parts;toys-games-hobbies-hobby-remote-app-controlled-vehicles-parts-hobby-remote-app-controlled-vehicle-parts-rc-power-plant-driveline-systems-RC Engines & Parts;;ddedec7c-e8ba-4eab-9be6-4717d4bf3b10;True;0;True
RC Engines & Parts;toys-games-hobbies-hobby-remote-app-controlled-vehicles-parts-hobby-remote-app-controlled-vehicle-parts-rc-power-plant-driveline-systems-RC Engines & Parts;;ddedec7c-e8ba-4eab-9be6-4717d4bf3b10;True;0;True
RC Engines & Parts;toys-games-hobbies-hobby-remote-app-controlled-vehicles-parts-hobby-remote-app-controlled-vehicle-parts-rc-power-plant-driveline-systems-RC Engines & Parts;;ddedec7c-e8ba-4eab-9be6-4717d4bf3b10;True;0;True
RC Engines & Parts;toys-games-hobbies-hobby-remote-app-controlled-vehicles-parts-hobby-remote-app-controlled-vehicle-parts-rc-power-plant-driveline-systems-RC Engines & Parts;;ddedec7c-e8ba-4eab-9be6-4717d4bf3b10;True;0;True
RC Engines & Parts;toys-games-hobbies-hobby-remote-app-controlled-vehicles-parts-hobby-remote-app-controlled-vehicle-parts-rc-power-plant-driveline-systems-RC Engines & Parts;;ddedec7c-e8ba-4eab-9be6-4717d4bf3b10;True;0;True
RC Engines & Parts;toys-games-hobbies-hobby-remote-app-controlled-vehicles-parts-hobby-remote-app-controlled-vehicle-parts-rc-power-plant-driveline-systems-RC Engines & Parts;;ddedec7c-e8ba-4eab-9be6-4717d4bf3b10;True;0;True
RC Vehicle Axles;toys-games-hobbies-hobby-remote-app-controlled-vehicles-parts-hobby-remote-app-controlled-vehicle-parts-rc-power-plant-driveline-systems-RC Vehicle Axles;;ddedec7c-e8ba-4eab-9be6-4717d4bf3b10;True;0;True
RC Vehicle Brakes;toys-games-hobbies-hobby-remote-app-controlled-vehicles-parts-hobby-remote-app-controlled-vehicle-parts-rc-power-plant-driveline-systems-RC Vehicle Brakes;;ddedec7c-e8ba-4eab-9be6-4717d4bf3b10;True;0;True
RC Vehicle Bushings;toys-games-hobbies-hobby-remote-app-controlled-vehicles-parts-hobby-remote-app-controlled-vehicle-parts-rc-power-plant-driveline-systems-RC Vehicle Bushings;;ddedec7c-e8ba-4eab-9be6-4717d4bf3b10;True;0;True
RC Vehicle Drive Belts & Chains;toys-games-hobbies-hobby-remote-app-controlled-vehicles-parts-hobby-remote-app-controlled-vehicle-parts-rc-power-plant-driveline-systems-RC Vehicle Drive Belts & Chains;;ddedec7c-e8ba-4eab-9be6-4717d4bf3b10;True;0;True
RC Vehicle Drive Pulleys;toys-games-hobbies-hobby-remote-app-controlled-vehicles-parts-hobby-remote-app-controlled-vehicle-parts-rc-power-plant-driveline-systems-RC Vehicle Drive Pulleys;;ddedec7c-e8ba-4eab-9be6-4717d4bf3b10;True;0;True
RC Vehicle Propellers;toys-games-hobbies-hobby-remote-app-controlled-vehicles-parts-hobby-remote-app-controlled-vehicle-parts-rc-power-plant-driveline-systems-RC Vehicle Propellers;;ddedec7c-e8ba-4eab-9be6-4717d4bf3b10;True;0;True
RC Vehicle Rotor Shafts;toys-games-hobbies-hobby-remote-app-controlled-vehicles-parts-hobby-remote-app-controlled-vehicle-parts-rc-power-plant-driveline-systems-RC Vehicle Rotor Shafts;;ddedec7c-e8ba-4eab-9be6-4717d4bf3b10;True;0;True
RC Vehicle Rotors;toys-games-hobbies-hobby-remote-app-controlled-vehicles-parts-hobby-remote-app-controlled-vehicle-parts-rc-power-plant-driveline-systems-RC Vehicle Rotors;;ddedec7c-e8ba-4eab-9be6-4717d4bf3b10;True;0;True
RC Vehicle Suspension Systems & Parts;toys-games-hobbies-hobby-remote-app-controlled-vehicles-parts-hobby-remote-app-controlled-vehicle-parts-rc-power-plant-driveline-systems-RC Vehicle Suspension Systems & Parts;;ddedec7c-e8ba-4eab-9be6-4717d4bf3b10;True;0;True
RC Vehicle Suspension Systems & Parts;toys-games-hobbies-hobby-remote-app-controlled-vehicles-parts-hobby-remote-app-controlled-vehicle-parts-rc-power-plant-driveline-systems-RC Vehicle Suspension Systems & Parts;;ddedec7c-e8ba-4eab-9be6-4717d4bf3b10;True;0;True
RC Vehicle Suspension Systems & Parts;toys-games-hobbies-hobby-remote-app-controlled-vehicles-parts-hobby-remote-app-controlled-vehicle-parts-rc-power-plant-driveline-systems-RC Vehicle Suspension Systems & Parts;;ddedec7c-e8ba-4eab-9be6-4717d4bf3b10;True;0;True
RC Vehicle Suspension Systems & Parts;toys-games-hobbies-hobby-remote-app-controlled-vehicles-parts-hobby-remote-app-controlled-vehicle-parts-rc-power-plant-driveline-systems-RC Vehicle Suspension Systems & Parts;;ddedec7c-e8ba-4eab-9be6-4717d4bf3b10;True;0;True
RC Vehicle Suspension Systems & Parts;toys-games-hobbies-hobby-remote-app-controlled-vehicles-parts-hobby-remote-app-controlled-vehicle-parts-rc-power-plant-driveline-systems-RC Vehicle Suspension Systems & Parts;;ddedec7c-e8ba-4eab-9be6-4717d4bf3b10;True;0;True
RC Vehicle Suspension Systems & Parts;toys-games-hobbies-hobby-remote-app-controlled-vehicles-parts-hobby-remote-app-controlled-vehicle-parts-rc-power-plant-driveline-systems-RC Vehicle Suspension Systems & Parts;;ddedec7c-e8ba-4eab-9be6-4717d4bf3b10;True;0;True
RC Vehicle Suspension Systems & Parts;toys-games-hobbies-hobby-remote-app-controlled-vehicles-parts-hobby-remote-app-controlled-vehicle-parts-rc-power-plant-driveline-systems-RC Vehicle Suspension Systems & Parts;;ddedec7c-e8ba-4eab-9be6-4717d4bf3b10;True;0;True
RC Vehicle Suspension Systems & Parts;toys-games-hobbies-hobby-remote-app-controlled-vehicles-parts-hobby-remote-app-controlled-vehicle-parts-rc-power-plant-driveline-systems-RC Vehicle Suspension Systems & Parts;;ddedec7c-e8ba-4eab-9be6-4717d4bf3b10;True;0;True
RC Vehicle Transmissions & Differentials;toys-games-hobbies-hobby-remote-app-controlled-vehicles-parts-hobby-remote-app-controlled-vehicle-parts-rc-power-plant-driveline-systems-RC Vehicle Transmissions & Differentials;;ddedec7c-e8ba-4eab-9be6-4717d4bf3b10;True;0;True
RC Vehicle Transmissions & Differentials;toys-games-hobbies-hobby-remote-app-controlled-vehicles-parts-hobby-remote-app-controlled-vehicle-parts-rc-power-plant-driveline-systems-RC Vehicle Transmissions & Differentials;;ddedec7c-e8ba-4eab-9be6-4717d4bf3b10;True;0;True
RC Vehicle Transmissions & Differentials;toys-games-hobbies-hobby-remote-app-controlled-vehicles-parts-hobby-remote-app-controlled-vehicle-parts-rc-power-plant-driveline-systems-RC Vehicle Transmissions & Differentials;;ddedec7c-e8ba-4eab-9be6-4717d4bf3b10;True;0;True
RC Vehicle Transmissions & Differentials;toys-games-hobbies-hobby-remote-app-controlled-vehicles-parts-hobby-remote-app-controlled-vehicle-parts-rc-power-plant-driveline-systems-RC Vehicle Transmissions & Differentials;;ddedec7c-e8ba-4eab-9be6-4717d4bf3b10;True;0;True
RC Vehicle Transmissions & Differentials;toys-games-hobbies-hobby-remote-app-controlled-vehicles-parts-hobby-remote-app-controlled-vehicle-parts-rc-power-plant-driveline-systems-RC Vehicle Transmissions & Differentials;;ddedec7c-e8ba-4eab-9be6-4717d4bf3b10;True;0;True
RC Radio Antennas;toys-games-hobbies-hobby-remote-app-controlled-vehicles-parts-hobby-remote-app-controlled-vehicle-parts-rc-radios-parts-RC Radio Antennas;;85dfd935-79dc-4746-bbb7-10a13abdab61;True;0;True
RC Radio Crystals;toys-games-hobbies-hobby-remote-app-controlled-vehicles-parts-hobby-remote-app-controlled-vehicle-parts-rc-radios-parts-RC Radio Crystals;;85dfd935-79dc-4746-bbb7-10a13abdab61;True;0;True
RC Radio Receivers;toys-games-hobbies-hobby-remote-app-controlled-vehicles-parts-hobby-remote-app-controlled-vehicle-parts-rc-radios-parts-RC Radio Receivers;;85dfd935-79dc-4746-bbb7-10a13abdab61;True;0;True
RC Radio Transmitters;toys-games-hobbies-hobby-remote-app-controlled-vehicles-parts-hobby-remote-app-controlled-vehicle-parts-rc-radios-parts-RC Radio Transmitters;;85dfd935-79dc-4746-bbb7-10a13abdab61;True;0;True
RC Vehicles Radio Transmitter & Receiver Sets;toys-games-hobbies-hobby-remote-app-controlled-vehicles-parts-hobby-remote-app-controlled-vehicle-parts-rc-radios-parts-RC Vehicles Radio Transmitter & Receiver Sets;;85dfd935-79dc-4746-bbb7-10a13abdab61;True;0;True
RC Servo Arms;toys-games-hobbies-hobby-remote-app-controlled-vehicles-parts-hobby-remote-app-controlled-vehicle-parts-rc-servos-parts-RC Servo Arms;;40ab4e54-cfbf-42ea-9eda-a8ed176709cf;True;0;True
RC Servo Bearings;toys-games-hobbies-hobby-remote-app-controlled-vehicles-parts-hobby-remote-app-controlled-vehicle-parts-rc-servos-parts-RC Servo Bearings;;40ab4e54-cfbf-42ea-9eda-a8ed176709cf;True;0;True
RC Servo Cases;toys-games-hobbies-hobby-remote-app-controlled-vehicles-parts-hobby-remote-app-controlled-vehicle-parts-rc-servos-parts-RC Servo Cases;;40ab4e54-cfbf-42ea-9eda-a8ed176709cf;True;0;True
RC Servo Gears;toys-games-hobbies-hobby-remote-app-controlled-vehicles-parts-hobby-remote-app-controlled-vehicle-parts-rc-servos-parts-RC Servo Gears;;40ab4e54-cfbf-42ea-9eda-a8ed176709cf;True;0;True
RC Servo Horns;toys-games-hobbies-hobby-remote-app-controlled-vehicles-parts-hobby-remote-app-controlled-vehicle-parts-rc-servos-parts-RC Servo Horns;;40ab4e54-cfbf-42ea-9eda-a8ed176709cf;True;0;True
RC Servo Mounts;toys-games-hobbies-hobby-remote-app-controlled-vehicles-parts-hobby-remote-app-controlled-vehicle-parts-rc-servos-parts-RC Servo Mounts;;40ab4e54-cfbf-42ea-9eda-a8ed176709cf;True;0;True
RC Servo Plugs & Wires;toys-games-hobbies-hobby-remote-app-controlled-vehicles-parts-hobby-remote-app-controlled-vehicle-parts-rc-servos-parts-RC Servo Plugs & Wires;;40ab4e54-cfbf-42ea-9eda-a8ed176709cf;True;0;True
RC Servos;toys-games-hobbies-hobby-remote-app-controlled-vehicles-parts-hobby-remote-app-controlled-vehicle-parts-rc-servos-parts-RC Servos;;40ab4e54-cfbf-42ea-9eda-a8ed176709cf;True;0;True
RC Aircraft Fuselages;toys-games-hobbies-hobby-remote-app-controlled-vehicles-parts-hobby-remote-app-controlled-vehicle-parts-rc-vehicle-bodies-scale-accessories-RC Aircraft Fuselages;;f7834cad-c183-484f-8817-66c5c39d2487;True;0;True
RC Aircraft Wings;toys-games-hobbies-hobby-remote-app-controlled-vehicles-parts-hobby-remote-app-controlled-vehicle-parts-rc-vehicle-bodies-scale-accessories-RC Aircraft Wings;;f7834cad-c183-484f-8817-66c5c39d2487;True;0;True
RC Vehicle Bodies;toys-games-hobbies-hobby-remote-app-controlled-vehicles-parts-hobby-remote-app-controlled-vehicle-parts-rc-vehicle-bodies-scale-accessories-RC Vehicle Bodies;;f7834cad-c183-484f-8817-66c5c39d2487;True;0;True
RC Vehicle Body Clips;toys-games-hobbies-hobby-remote-app-controlled-vehicles-parts-hobby-remote-app-controlled-vehicle-parts-rc-vehicle-bodies-scale-accessories-RC Vehicle Body Clips;;f7834cad-c183-484f-8817-66c5c39d2487;True;0;True
RC Vehicle Bumpers;toys-games-hobbies-hobby-remote-app-controlled-vehicles-parts-hobby-remote-app-controlled-vehicle-parts-rc-vehicle-bodies-scale-accessories-RC Vehicle Bumpers;;f7834cad-c183-484f-8817-66c5c39d2487;True;0;True
RC Vehicle Scale Accessories;toys-games-hobbies-hobby-remote-app-controlled-vehicles-parts-hobby-remote-app-controlled-vehicle-parts-rc-vehicle-bodies-scale-accessories-RC Vehicle Scale Accessories;;f7834cad-c183-484f-8817-66c5c39d2487;True;0;True
RC Vehicle Spoilers;toys-games-hobbies-hobby-remote-app-controlled-vehicles-parts-hobby-remote-app-controlled-vehicle-parts-rc-vehicle-bodies-scale-accessories-RC Vehicle Spoilers;;f7834cad-c183-484f-8817-66c5c39d2487;True;0;True
RC Watercraft Hulls;toys-games-hobbies-hobby-remote-app-controlled-vehicles-parts-hobby-remote-app-controlled-vehicle-parts-rc-vehicle-bodies-scale-accessories-RC Watercraft Hulls;;f7834cad-c183-484f-8817-66c5c39d2487;True;0;True
RC Aircraft Landing Gear;toys-games-hobbies-hobby-remote-app-controlled-vehicles-parts-hobby-remote-app-controlled-vehicle-parts-rc-vehicle-wheels-tires-RC Aircraft Landing Gear;;049d0dc0-38f7-4c8f-b871-6284796be43f;True;0;True
RC Vehicle Tire Foam Inserts;toys-games-hobbies-hobby-remote-app-controlled-vehicles-parts-hobby-remote-app-controlled-vehicle-parts-rc-vehicle-wheels-tires-RC Vehicle Tire Foam Inserts;;049d0dc0-38f7-4c8f-b871-6284796be43f;True;0;True
RC Vehicle Tires;toys-games-hobbies-hobby-remote-app-controlled-vehicles-parts-hobby-remote-app-controlled-vehicle-parts-rc-vehicle-wheels-tires-RC Vehicle Tires;;049d0dc0-38f7-4c8f-b871-6284796be43f;True;0;True
RC Vehicle Wheel & Tire Accessories;toys-games-hobbies-hobby-remote-app-controlled-vehicles-parts-hobby-remote-app-controlled-vehicle-parts-rc-vehicle-wheels-tires-RC Vehicle Wheel & Tire Accessories;;049d0dc0-38f7-4c8f-b871-6284796be43f;True;0;True
RC Vehicle Wheel Hubs;toys-games-hobbies-hobby-remote-app-controlled-vehicles-parts-hobby-remote-app-controlled-vehicle-parts-rc-vehicle-wheels-tires-RC Vehicle Wheel Hubs;;049d0dc0-38f7-4c8f-b871-6284796be43f;True;0;True
RC Vehicle Wheels;toys-games-hobbies-hobby-remote-app-controlled-vehicles-parts-hobby-remote-app-controlled-vehicle-parts-rc-vehicle-wheels-tires-RC Vehicle Wheels;;049d0dc0-38f7-4c8f-b871-6284796be43f;True;0;True
RC Vehicle Wheels & Tire Sets;toys-games-hobbies-hobby-remote-app-controlled-vehicles-parts-hobby-remote-app-controlled-vehicle-parts-rc-vehicle-wheels-tires-RC Vehicle Wheels & Tire Sets;;049d0dc0-38f7-4c8f-b871-6284796be43f;True;0;True
Remote- & App-Controlled Bulldozers;toys-games-hobbies-hobby-remote-app-controlled-vehicles-parts-hobby-remote-app-controlled-vehicles-remote--app-controlled-construction-vehicles-Remote- & App-Controlled Bulldozers;;f1ce0a74-4d5d-4702-ba1f-531ec0db731a;True;0;True
Remote- & App-Controlled Cranes;toys-games-hobbies-hobby-remote-app-controlled-vehicles-parts-hobby-remote-app-controlled-vehicles-remote--app-controlled-construction-vehicles-Remote- & App-Controlled Cranes;;f1ce0a74-4d5d-4702-ba1f-531ec0db731a;True;0;True
Remote- & App-Controlled Excavators;toys-games-hobbies-hobby-remote-app-controlled-vehicles-parts-hobby-remote-app-controlled-vehicles-remote--app-controlled-construction-vehicles-Remote- & App-Controlled Excavators;;f1ce0a74-4d5d-4702-ba1f-531ec0db731a;True;0;True
Remote- & App-Controlled Skid Steers;toys-games-hobbies-hobby-remote-app-controlled-vehicles-parts-hobby-remote-app-controlled-vehicles-remote--app-controlled-construction-vehicles-Remote- & App-Controlled Skid Steers;;f1ce0a74-4d5d-4702-ba1f-531ec0db731a;True;0;True
Hobby Train Electric Locomotives;toys-games-hobbies-hobby-trains-accessories-hobby-train-cars-hobby-train-locomotives-Hobby Train Electric Locomotives;;900b5cd3-0687-47e9-96e7-1fb270c7ec72;True;0;True
Nintendo DS Batteries;video-games-legacy-systems-nintendo-ds-games-consoles-accessories-nintendo-ds-accessories-nintendo-ds-batteries-chargers-Nintendo DS Batteries;;493844db-67da-46eb-8d2e-92755b7c5c03;True;0;True
Nintendo DS Chargers;video-games-legacy-systems-nintendo-ds-games-consoles-accessories-nintendo-ds-accessories-nintendo-ds-batteries-chargers-Nintendo DS Chargers;;493844db-67da-46eb-8d2e-92755b7c5c03;True;0;True
Nintendo DS Adapters;video-games-legacy-systems-nintendo-ds-games-consoles-accessories-nintendo-ds-accessories-nintendo-ds-cables-adapters-Nintendo DS Adapters;;adc74c41-3554-435a-ba5f-6641ca765d38;True;0;True
Nintendo DS Cables;video-games-legacy-systems-nintendo-ds-games-consoles-accessories-nintendo-ds-accessories-nintendo-ds-cables-adapters-Nintendo DS Cables;;adc74c41-3554-435a-ba5f-6641ca765d38;True;0;True
PlayStation 3 Batteries;video-games-legacy-systems-playstation-3-games-consoles-accessories-playstation-3-accessories-playstation-3-batteries-chargers-PlayStation 3 Batteries;;ac9c8573-15dc-4ff9-8f5c-4c8f2e28cb6a;True;0;True
PlayStation 3 Chargers;video-games-legacy-systems-playstation-3-games-consoles-accessories-playstation-3-accessories-playstation-3-batteries-chargers-PlayStation 3 Chargers;;ac9c8573-15dc-4ff9-8f5c-4c8f2e28cb6a;True;0;True
PlayStation 3  Cables;video-games-legacy-systems-playstation-3-games-consoles-accessories-playstation-3-accessories-playstation-3-cables-adapters-PlayStation 3  Cables;;c88815c5-10f7-450a-a47e-b4e370299118;True;0;True
PlayStation 3 Adapters;video-games-legacy-systems-playstation-3-games-consoles-accessories-playstation-3-accessories-playstation-3-cables-adapters-PlayStation 3 Adapters;;c88815c5-10f7-450a-a47e-b4e370299118;True;0;True
PlayStation 3 Game Dance Pads;video-games-legacy-systems-playstation-3-games-consoles-accessories-playstation-3-accessories-playstation-3-controllers-PlayStation 3 Game Dance Pads;;25a457b7-e63c-4ec5-991e-64c2707ec221;True;0;True
PlayStation 3 Game Joysticks;video-games-legacy-systems-playstation-3-games-consoles-accessories-playstation-3-accessories-playstation-3-controllers-PlayStation 3 Game Joysticks;;25a457b7-e63c-4ec5-991e-64c2707ec221;True;0;True
PlayStation 3 Game Music Controllers;video-games-legacy-systems-playstation-3-games-consoles-accessories-playstation-3-accessories-playstation-3-controllers-PlayStation 3 Game Music Controllers;;25a457b7-e63c-4ec5-991e-64c2707ec221;True;0;True
PlayStation 3 Game Music Controllers;video-games-legacy-systems-playstation-3-games-consoles-accessories-playstation-3-accessories-playstation-3-controllers-PlayStation 3 Game Music Controllers;;25a457b7-e63c-4ec5-991e-64c2707ec221;True;0;True
PlayStation 3 Game Music Controllers;video-games-legacy-systems-playstation-3-games-consoles-accessories-playstation-3-accessories-playstation-3-controllers-PlayStation 3 Game Music Controllers;;25a457b7-e63c-4ec5-991e-64c2707ec221;True;0;True
PlayStation 3 Game Music Controllers;video-games-legacy-systems-playstation-3-games-consoles-accessories-playstation-3-accessories-playstation-3-controllers-PlayStation 3 Game Music Controllers;;25a457b7-e63c-4ec5-991e-64c2707ec221;True;0;True
PlayStation 3 Game Racing Wheels;video-games-legacy-systems-playstation-3-games-consoles-accessories-playstation-3-accessories-playstation-3-controllers-PlayStation 3 Game Racing Wheels;;25a457b7-e63c-4ec5-991e-64c2707ec221;True;0;True
PlayStation 3 Gamepads & Standard Controllers;video-games-legacy-systems-playstation-3-games-consoles-accessories-playstation-3-accessories-playstation-3-controllers-PlayStation 3 Gamepads & Standard Controllers;;25a457b7-e63c-4ec5-991e-64c2707ec221;True;0;True
PlayStation 3 Remotes;video-games-legacy-systems-playstation-3-games-consoles-accessories-playstation-3-accessories-playstation-3-controllers-PlayStation 3 Remotes;;25a457b7-e63c-4ec5-991e-64c2707ec221;True;0;True
PlayStation 3 Faceplates;video-games-legacy-systems-playstation-3-games-consoles-accessories-playstation-3-accessories-playstation-3-faceplates,-protectors-skins-PlayStation 3 Faceplates;;9fb1ebca-f81d-4993-a301-356225284bae;True;0;True
PlayStation 3 Skins;video-games-legacy-systems-playstation-3-games-consoles-accessories-playstation-3-accessories-playstation-3-faceplates,-protectors-skins-PlayStation 3 Skins;;9fb1ebca-f81d-4993-a301-356225284bae;True;0;True
Sony PSP Batteries;video-games-legacy-systems-sony-psp-games-consoles-accessories-sony-psp-accessories-sony-psp-batteries-chargers-Sony PSP Batteries;;2dc6d981-f837-4c77-adb9-fc352e12590c;True;0;True
Sony PSP Chargers;video-games-legacy-systems-sony-psp-games-consoles-accessories-sony-psp-accessories-sony-psp-batteries-chargers-Sony PSP Chargers;;2dc6d981-f837-4c77-adb9-fc352e12590c;True;0;True
Sony PSP Adapters;video-games-legacy-systems-sony-psp-games-consoles-accessories-sony-psp-accessories-sony-psp-cables-adapters-Sony PSP Adapters;;d9ed8565-771c-40d3-b42c-4a6615ff012f;True;0;True
Sony PSP Cables;video-games-legacy-systems-sony-psp-games-consoles-accessories-sony-psp-accessories-sony-psp-cables-adapters-Sony PSP Cables;;d9ed8565-771c-40d3-b42c-4a6615ff012f;True;0;True
Sony PSP Faceplates;video-games-legacy-systems-sony-psp-games-consoles-accessories-sony-psp-accessories-sony-psp-faceplates,-protectors-skins-Sony PSP Faceplates;;57635a94-8aa8-47db-bcdf-5234d095ef53;True;0;True
Sony PSP Screen Protectors;video-games-legacy-systems-sony-psp-games-consoles-accessories-sony-psp-accessories-sony-psp-faceplates,-protectors-skins-Sony PSP Screen Protectors;;57635a94-8aa8-47db-bcdf-5234d095ef53;True;0;True
Sony PSP Skins;video-games-legacy-systems-sony-psp-games-consoles-accessories-sony-psp-accessories-sony-psp-faceplates,-protectors-skins-Sony PSP Skins;;57635a94-8aa8-47db-bcdf-5234d095ef53;True;0;True
Wii Batteries;video-games-legacy-systems-wii-games-consoles-accessories-wii-accessories-wii-batteries-chargers-Wii Batteries;;6a2fcabc-b834-424f-ac63-bf4b4cf6b8f0;True;0;True
Wii Chargers;video-games-legacy-systems-wii-games-consoles-accessories-wii-accessories-wii-batteries-chargers-Wii Chargers;;6a2fcabc-b834-424f-ac63-bf4b4cf6b8f0;True;0;True
Wii Adapters;video-games-legacy-systems-wii-games-consoles-accessories-wii-accessories-wii-cables-adapters-Wii Adapters;;6b7d04ca-60f8-461a-9526-9595a0bc9214;True;0;True
Wii Cables;video-games-legacy-systems-wii-games-consoles-accessories-wii-accessories-wii-cables-adapters-Wii Cables;;6b7d04ca-60f8-461a-9526-9595a0bc9214;True;0;True
Wii Game Dance Pads;video-games-legacy-systems-wii-games-consoles-accessories-wii-accessories-wii-controllers-Wii Game Dance Pads;;c8a42aab-c736-449b-bb21-2c18e5b7eb83;True;0;True
Wii Game Joysticks;video-games-legacy-systems-wii-games-consoles-accessories-wii-accessories-wii-controllers-Wii Game Joysticks;;c8a42aab-c736-449b-bb21-2c18e5b7eb83;True;0;True
Wii Game Music Controllers;video-games-legacy-systems-wii-games-consoles-accessories-wii-accessories-wii-controllers-Wii Game Music Controllers;;c8a42aab-c736-449b-bb21-2c18e5b7eb83;True;0;True
Wii Game Music Controllers;video-games-legacy-systems-wii-games-consoles-accessories-wii-accessories-wii-controllers-Wii Game Music Controllers;;c8a42aab-c736-449b-bb21-2c18e5b7eb83;True;0;True
Wii Game Music Controllers;video-games-legacy-systems-wii-games-consoles-accessories-wii-accessories-wii-controllers-Wii Game Music Controllers;;c8a42aab-c736-449b-bb21-2c18e5b7eb83;True;0;True
Wii Game Music Controllers;video-games-legacy-systems-wii-games-consoles-accessories-wii-accessories-wii-controllers-Wii Game Music Controllers;;c8a42aab-c736-449b-bb21-2c18e5b7eb83;True;0;True
Wii Game Music Controllers;video-games-legacy-systems-wii-games-consoles-accessories-wii-accessories-wii-controllers-Wii Game Music Controllers;;c8a42aab-c736-449b-bb21-2c18e5b7eb83;True;0;True
Wii Game Racing Wheels;video-games-legacy-systems-wii-games-consoles-accessories-wii-accessories-wii-controllers-Wii Game Racing Wheels;;c8a42aab-c736-449b-bb21-2c18e5b7eb83;True;0;True
Wii Gamepads & Standard Controllers;video-games-legacy-systems-wii-games-consoles-accessories-wii-accessories-wii-controllers-Wii Gamepads & Standard Controllers;;c8a42aab-c736-449b-bb21-2c18e5b7eb83;True;0;True
Wii Motion Controllers;video-games-legacy-systems-wii-games-consoles-accessories-wii-accessories-wii-controllers-Wii Motion Controllers;;c8a42aab-c736-449b-bb21-2c18e5b7eb83;True;0;True
Wii Remotes;video-games-legacy-systems-wii-games-consoles-accessories-wii-accessories-wii-controllers-Wii Remotes;;c8a42aab-c736-449b-bb21-2c18e5b7eb83;True;0;True
Wii Faceplates;video-games-legacy-systems-wii-games-consoles-accessories-wii-accessories-wii-faceplates,-protectors-skins-Wii Faceplates;;2339225f-c1af-43a9-93e8-7e6f2202307d;True;0;True
Wii Protectors;video-games-legacy-systems-wii-games-consoles-accessories-wii-accessories-wii-faceplates,-protectors-skins-Wii Protectors;;2339225f-c1af-43a9-93e8-7e6f2202307d;True;0;True
Wii Skins;video-games-legacy-systems-wii-games-consoles-accessories-wii-accessories-wii-faceplates,-protectors-skins-Wii Skins;;2339225f-c1af-43a9-93e8-7e6f2202307d;True;0;True
Wii U Batteries;video-games-legacy-systems-wii-u-games-consoles-accessories-wii-u-accessories-wii-u-batteries-chargers-Wii U Batteries;;4ac40fad-56c3-4c6c-911a-7de3fae29b57;True;0;True
Wii U Chargers;video-games-legacy-systems-wii-u-games-consoles-accessories-wii-u-accessories-wii-u-batteries-chargers-Wii U Chargers;;4ac40fad-56c3-4c6c-911a-7de3fae29b57;True;0;True
Wii U Adapters;video-games-legacy-systems-wii-u-games-consoles-accessories-wii-u-accessories-wii-u-cables-adapters-Wii U Adapters;;67342c0f-d683-4dd9-b58f-9826429c885d;True;0;True
Wii U Cables;video-games-legacy-systems-wii-u-games-consoles-accessories-wii-u-accessories-wii-u-cables-adapters-Wii U Cables;;67342c0f-d683-4dd9-b58f-9826429c885d;True;0;True
Wii U Game Music Controllers;video-games-legacy-systems-wii-u-games-consoles-accessories-wii-u-accessories-wii-u-controllers-Wii U Game Music Controllers;;07069c5b-cb88-4328-bdc3-b38be5cf4ec4;True;0;True
Wii U Game Racing Wheels;video-games-legacy-systems-wii-u-games-consoles-accessories-wii-u-accessories-wii-u-controllers-Wii U Game Racing Wheels;;07069c5b-cb88-4328-bdc3-b38be5cf4ec4;True;0;True
Wii U Gamepads & Standard Controllers;video-games-legacy-systems-wii-u-games-consoles-accessories-wii-u-accessories-wii-u-controllers-Wii U Gamepads & Standard Controllers;;07069c5b-cb88-4328-bdc3-b38be5cf4ec4;True;0;True
Wii U Motion Controllers;video-games-legacy-systems-wii-u-games-consoles-accessories-wii-u-accessories-wii-u-controllers-Wii U Motion Controllers;;07069c5b-cb88-4328-bdc3-b38be5cf4ec4;True;0;True
Wii U Faceplates;video-games-legacy-systems-wii-u-games-consoles-accessories-wii-u-accessories-wii-u-faceplates,-protectors-skins-Wii U Faceplates;;d14cc849-2976-4a74-8da4-7122d0206be1;True;0;True
Wii U Protectors;video-games-legacy-systems-wii-u-games-consoles-accessories-wii-u-accessories-wii-u-faceplates,-protectors-skins-Wii U Protectors;;d14cc849-2976-4a74-8da4-7122d0206be1;True;0;True
Wii U Skins;video-games-legacy-systems-wii-u-games-consoles-accessories-wii-u-accessories-wii-u-faceplates,-protectors-skins-Wii U Skins;;d14cc849-2976-4a74-8da4-7122d0206be1;True;0;True
Xbox 360 Batteries;video-games-legacy-systems-xbox-360-games-consoles-accessories-xbox-360-accessories-xbox-360-batteries-chargers-Xbox 360 Batteries;;7f09d621-503e-48ff-be92-c18f36d4db14;True;0;True
Xbox 360 Chargers;video-games-legacy-systems-xbox-360-games-consoles-accessories-xbox-360-accessories-xbox-360-batteries-chargers-Xbox 360 Chargers;;7f09d621-503e-48ff-be92-c18f36d4db14;True;0;True
Xbox 360 Adapters;video-games-legacy-systems-xbox-360-games-consoles-accessories-xbox-360-accessories-xbox-360-cables-adapters-Xbox 360 Adapters;;5084576e-6dc6-40f2-bf02-97b20d2e2d7e;True;0;True
Xbox 360 Cables;video-games-legacy-systems-xbox-360-games-consoles-accessories-xbox-360-accessories-xbox-360-cables-adapters-Xbox 360 Cables;;5084576e-6dc6-40f2-bf02-97b20d2e2d7e;True;0;True
Xbox 360 Game Dance Pads;video-games-legacy-systems-xbox-360-games-consoles-accessories-xbox-360-accessories-xbox-360-controllers-Xbox 360 Game Dance Pads;;f0d0749b-91ef-488c-b1f5-8d4bb1b98713;True;0;True
Xbox 360 Game Joysticks;video-games-legacy-systems-xbox-360-games-consoles-accessories-xbox-360-accessories-xbox-360-controllers-Xbox 360 Game Joysticks;;f0d0749b-91ef-488c-b1f5-8d4bb1b98713;True;0;True
Xbox 360 Game Keyboards;video-games-legacy-systems-xbox-360-games-consoles-accessories-xbox-360-accessories-xbox-360-controllers-Xbox 360 Game Keyboards;;f0d0749b-91ef-488c-b1f5-8d4bb1b98713;True;0;True
Xbox 360 Game Music Controllers;video-games-legacy-systems-xbox-360-games-consoles-accessories-xbox-360-accessories-xbox-360-controllers-Xbox 360 Game Music Controllers;;f0d0749b-91ef-488c-b1f5-8d4bb1b98713;True;0;True
Xbox 360 Game Music Controllers;video-games-legacy-systems-xbox-360-games-consoles-accessories-xbox-360-accessories-xbox-360-controllers-Xbox 360 Game Music Controllers;;f0d0749b-91ef-488c-b1f5-8d4bb1b98713;True;0;True
Xbox 360 Game Music Controllers;video-games-legacy-systems-xbox-360-games-consoles-accessories-xbox-360-accessories-xbox-360-controllers-Xbox 360 Game Music Controllers;;f0d0749b-91ef-488c-b1f5-8d4bb1b98713;True;0;True
Xbox 360 Game Music Controllers;video-games-legacy-systems-xbox-360-games-consoles-accessories-xbox-360-accessories-xbox-360-controllers-Xbox 360 Game Music Controllers;;f0d0749b-91ef-488c-b1f5-8d4bb1b98713;True;0;True
Xbox 360 Game Music Controllers;video-games-legacy-systems-xbox-360-games-consoles-accessories-xbox-360-accessories-xbox-360-controllers-Xbox 360 Game Music Controllers;;f0d0749b-91ef-488c-b1f5-8d4bb1b98713;True;0;True
Xbox 360 Game Racing Wheels;video-games-legacy-systems-xbox-360-games-consoles-accessories-xbox-360-accessories-xbox-360-controllers-Xbox 360 Game Racing Wheels;;f0d0749b-91ef-488c-b1f5-8d4bb1b98713;True;0;True
Xbox 360 Gamepads & Standard Controllers;video-games-legacy-systems-xbox-360-games-consoles-accessories-xbox-360-accessories-xbox-360-controllers-Xbox 360 Gamepads & Standard Controllers;;f0d0749b-91ef-488c-b1f5-8d4bb1b98713;True;0;True
Xbox 360 Remotes;video-games-legacy-systems-xbox-360-games-consoles-accessories-xbox-360-accessories-xbox-360-controllers-Xbox 360 Remotes;;f0d0749b-91ef-488c-b1f5-8d4bb1b98713;True;0;True
Xbox 360 Faceplates;video-games-legacy-systems-xbox-360-games-consoles-accessories-xbox-360-accessories-xbox-360-faceplates,-protectors-skins-Xbox 360 Faceplates;;867e6bc0-7a19-48bb-905a-a1a37a44143e;True;0;True
Xbox 360 Skins;video-games-legacy-systems-xbox-360-games-consoles-accessories-xbox-360-accessories-xbox-360-faceplates,-protectors-skins-Xbox 360 Skins;;867e6bc0-7a19-48bb-905a-a1a37a44143e;True;0;True
